price,area,location,district,bedrooms_n,bathrooms_n,floors_n,house_type,year_built,facade_width,legal_status
1890.0,100.0,"Thị xã Tân Uyên, Bình Dương",Thị xã Tân Uyên,3,3,,nhà ở,,,so hong
2190.0,80.0,"Thị xã Tân Uyên, Bình Dương",Thị xã Tân Uyên,3,3,,nhà ở,,,so hong
5990.0,62.0,"Thành Phố Dĩ An, Bình Dương",Thành Phố Dĩ An,3,3,,nhà phố,,,so hong
890.0,85.0,"Thị xã Tân Uyên, Bình Dương",Thị xã Tân Uyên,0,0,,đất nền,,,so hong
890.0,80.0,"Thị xã Tân Uyên, Bình Dương",Thị xã Tân Uyên,0,0,,đất nền,,,so hong
890.0,99.0,"Huyện Bắc Tân Uyên, Bình Dương",Huyện Bắc Tân Uyên,0,0,,đất nền,,,so hong
920.0,79.0,"Huyện Bắc Tân Uyên, Bình Dương",Huyện Bắc Tân Uyên,0,0,,nhà ở,,,so hong
2750.0,55.0,"Thành Phố Thuận An, Bình Dương",Thành Phố Thuận An,2,2,,căn hộ,,,hop dong mua ban
3250.0,65.0,"Thành Phố Thuận An, Bình Dương",Thành Phố Thuận An,2,2,,nhà ở,,,hop dong mua ban
2100.0,67.0,"Thị xã Tân Uyên, Bình Dương",Thị xã Tân Uyên,3,2,,nhà ở,,,so hong
3500.0,80.0,"Thị xã Tân Uyên, Bình Dương",Thị xã Tân Uyên,3,3,,nhà ở,,,so hong
2900.0,74.0,"Thành Phố Thuận An, Bình Dương",Thành Phố Thuận An,2,2,,nhà ở,,,so hong
2400.0,120.0,"TP. thủ Dầu Một, Bình Dương",TP. thủ Dầu Một,3,4,,nhà ở,,,so hong
2500.0,47.0,"Thành Phố Thuận An, Bình Dương",Thành Phố Thuận An,2,1,,căn hộ,,,so hong
2700.0,55.0,"Thành Phố Thuận An, Bình Dương",Thành Phố Thuận An,2,2,,căn hộ,,,so hong
2100.0,80.0,"Thị xã Tân Uyên, Bình Dương",Thị xã Tân Uyên,3,3,,nhà ở,,,so hong
790.0,259.0,"Huyện Chơn Thành, Bình Phước",Huyện Chơn Thành,0,0,,nhà ở,,,so hong
1650.0,359.0,"Huyện Chơn Thành, Bình Phước",Huyện Chơn Thành,0,0,,nhà ở,,,so do
660.0,165.0,"Huyện Chơn Thành, Bình Phước",Huyện Chơn Thành,0,0,,nhà ở,,,so hong
580.0,120.0,"Huyện Chơn Thành, Bình Phước",Huyện Chơn Thành,0,0,,nhà ở,,,so hong
790.0,260.0,"Huyện Chơn Thành, Bình Phước",Huyện Chơn Thành,0,0,,nhà ở,,,so hong
690.0,200.0,"Huyện Chơn Thành, Bình Phước",Huyện Chơn Thành,0,0,,nhà ở,,,so hong
3000.0,1000.0,"Huyện Chơn Thành, Bình Phước",Huyện Chơn Thành,0,0,,nhà ở,,,so hong
2500.0,250.0,"Huyện Việt Yên, Bắc Giang",Huyện Việt Yên,0,0,,nhà ở,,,so do
19000.0,200.0,"Quận Ninh Kiều, Cần Thơ",Quận Ninh Kiều,6,7,,biệt thự,,,so hong
25000.0,590.0,"Quận Ninh Kiều, Cần Thơ",Quận Ninh Kiều,3,3,,nhà ở,,,so hong
26000.0,160.0,"Quận Ninh Kiều, Cần Thơ",Quận Ninh Kiều,3,2,,nhà ở,,,so hong
55000.0,1025.0,"Quận Cái Răng, Cần Thơ",Quận Cái Răng,0,0,,nhà ở,,,so hong
60000.0,469.0,"Quận Ninh Kiều, Cần Thơ",Quận Ninh Kiều,3,2,,nhà ở,,,so hong
31200.0,260.0,"Quận Ninh Kiều, Cần Thơ",Quận Ninh Kiều,2,2,,nhà ở,,,so hong
44700.0,3726.0,"Quận Cái Răng, Cần Thơ",Quận Cái Răng,1,1,,nhà ở,,,so hong
12000.0,122.0,"Quận Ninh Kiều, Cần Thơ",Quận Ninh Kiều,5,5,,nhà ở,,,so hong
8000.0,970.0,"Huyện Phong Điền, Cần Thơ",Huyện Phong Điền,0,0,,nhà ở,,,so hong
60000.0,1217.0,"Quận Ninh Kiều, Cần Thơ",Quận Ninh Kiều,7,8,,biệt thự,,,so hong
22000.0,1093.0,"Quận Bình Thuỷ, Cần Thơ",Quận Bình Thuỷ,0,0,,nhà ở,,,so hong
17000.0,3528.0,"Huyện Phong Điền, Cần Thơ",Huyện Phong Điền,0,0,,nhà ở,,,so hong
33400.0,618.0,"Huyện Phong Điền, Cần Thơ",Huyện Phong Điền,0,0,,nhà ở,,,so hong
13990.0,100.0,"Quận Ninh Kiều, Cần Thơ",Quận Ninh Kiều,5,6,,nhà ở,,,so hong
18000.0,87.0,"Quận Ninh Kiều, Cần Thơ",Quận Ninh Kiều,5,6,,nhà ở,,,so hong
9399.0,300.0,"Quận Ninh Kiều, Cần Thơ",Quận Ninh Kiều,0,0,,nhà ở,,,so hong
25000.0,109.0,"Quận Ninh Kiều, Cần Thơ",Quận Ninh Kiều,6,6,,nhà ở,,,so hong
17000.0,129.0,"Quận Ninh Kiều, Cần Thơ",Quận Ninh Kiều,1,1,,nhà ở,,,so hong
45000.0,196.0,"Quận Ninh Kiều, Cần Thơ",Quận Ninh Kiều,4,5,,nhà ở,,,so do
29500.0,178.0,"Quận Ninh Kiều, Cần Thơ",Quận Ninh Kiều,4,5,,nhà ở,,,so hong
22500.0,151.0,"Quận Ninh Kiều, Cần Thơ",Quận Ninh Kiều,3,4,,nhà ở,,,so hong
22400.0,141.0,"Quận Ninh Kiều, Cần Thơ",Quận Ninh Kiều,5,5,,nhà ở,,,so hong
15500.0,88.0,"Quận Ninh Kiều, Cần Thơ",Quận Ninh Kiều,2,2,,nhà ở,,,so hong
47000.0,181.0,"Quận Ninh Kiều, Cần Thơ",Quận Ninh Kiều,8,10,,nhà ở,,,so hong
15800.0,250.0,"Quận Cái Răng, Cần Thơ",Quận Cái Răng,1,2,,nhà ở,,,hop dong mua ban
23000.0,84.0,"Quận Ninh Kiều, Cần Thơ",Quận Ninh Kiều,4,5,,nhà ở,,,so hong
15000.0,220.0,"Quận Ninh Kiều, Cần Thơ",Quận Ninh Kiều,5,5,,biệt thự,,,so hong
37000.0,350.0,"Quận Ninh Kiều, Cần Thơ",Quận Ninh Kiều,2,2,,nhà ở,,,so hong
12248.0,1531.0,"Huyện Phong Điền, Cần Thơ",Huyện Phong Điền,0,0,,nhà ở,,,so hong
9000.0,100.0,"Quận Ninh Kiều, Cần Thơ",Quận Ninh Kiều,0,0,,nhà ở,,,so hong
42000.0,466.0,"Quận Ninh Kiều, Cần Thơ",Quận Ninh Kiều,0,0,,nhà ở,,,so hong
37000.0,351.0,"Quận Ninh Kiều, Cần Thơ",Quận Ninh Kiều,1,1,,nhà ở,,,so hong
8500.0,200.0,"Quận Bình Thuỷ, Cần Thơ",Quận Bình Thuỷ,0,0,,nhà ở,,,so hong
28000.0,199.0,"Quận Ninh Kiều, Cần Thơ",Quận Ninh Kiều,5,4,,nhà ở,,,so hong
25500.0,98.0,"Quận Ninh Kiều, Cần Thơ",Quận Ninh Kiều,4,5,,nhà ở,,,so hong
26000.0,194.0,"Quận Ninh Kiều, Cần Thơ",Quận Ninh Kiều,0,1,,nhà ở,,,so hong
24000.0,152.0,"Quận Ninh Kiều, Cần Thơ",Quận Ninh Kiều,5,5,,nhà ở,,,so hong
21000.0,3269.0,"Quận Cái Răng, Cần Thơ",Quận Cái Răng,0,0,,nhà ở,,,so hong
30000.0,1600.0,"Huyện Phong Điền, Cần Thơ",Huyện Phong Điền,0,0,,nhà ở,,,so hong
28000.0,1567.0,"Huyện Phong Điền, Cần Thơ",Huyện Phong Điền,0,0,,nhà ở,,,so hong
7000.0,220.0,"Quận Ninh Kiều, Cần Thơ",Quận Ninh Kiều,4,2,,nhà ở,,,so hong
25000.0,205.0,"Quận Cái Răng, Cần Thơ",Quận Cái Răng,5,6,,biệt thự,,,so hong
16000.0,630.0,"Quận Bình Thuỷ, Cần Thơ",Quận Bình Thuỷ,0,1,,nhà ở,,,so hong
9500.0,90.0,"Quận Ninh Kiều, Cần Thơ",Quận Ninh Kiều,4,4,,nhà ở,,,so hong
15000.0,101.0,"Quận Ninh Kiều, Cần Thơ",Quận Ninh Kiều,3,3,,nhà ở,,,so hong
17000.0,865.0,"Quận Cái Răng, Cần Thơ",Quận Cái Răng,0,0,,biệt thự,,,so hong
7190.0,108.0,"Quận Ninh Kiều, Cần Thơ",Quận Ninh Kiều,3,4,,nhà phố,,,so hong
9500.0,101.0,"Quận Ninh Kiều, Cần Thơ",Quận Ninh Kiều,1,1,,nhà ở,,,so hong
14500.0,490.0,"Quận Cái Răng, Cần Thơ",Quận Cái Răng,3,4,,biệt thự,,,so hong
8500.0,132.0,"Quận Ninh Kiều, Cần Thơ",Quận Ninh Kiều,3,3,,nhà ở,,,so hong
8990.0,854.0,"Huyện Phong Điền, Cần Thơ",Huyện Phong Điền,4,4,,nhà ở,,,so hong
14200.0,1416.0,"Quận Cái Răng, Cần Thơ",Quận Cái Răng,0,0,,nhà ở,,,so hong
13900.0,75.0,"Quận Ninh Kiều, Cần Thơ",Quận Ninh Kiều,2,3,,nhà ở,,,so hong
14800.0,120.0,"Quận Ninh Kiều, Cần Thơ",Quận Ninh Kiều,0,1,,nhà ở,,,so hong
8900.0,78.0,"Quận Ninh Kiều, Cần Thơ",Quận Ninh Kiều,4,4,,nhà ở,,,so hong
18000.0,136.0,"Quận Ninh Kiều, Cần Thơ",Quận Ninh Kiều,1,1,,nhà ở,,,so hong
17000.0,100.0,"Quận Ninh Kiều, Cần Thơ",Quận Ninh Kiều,1,2,,nhà ở,,,so hong
26000.0,198.0,"Quận Ninh Kiều, Cần Thơ",Quận Ninh Kiều,1,2,,nhà ở,,,so hong
42000.0,224.0,"Quận Ninh Kiều, Cần Thơ",Quận Ninh Kiều,3,5,,nhà ở,,,so hong
8000.0,158.0,"Quận Ninh Kiều, Cần Thơ",Quận Ninh Kiều,2,2,,nhà ở,,,so hong
26000.0,137.0,"Quận Ninh Kiều, Cần Thơ",Quận Ninh Kiều,2,2,,nhà ở,,,so hong
25000.0,187.0,"Quận Ninh Kiều, Cần Thơ",Quận Ninh Kiều,3,3,,nhà ở,,,so hong
6500.0,361.0,"Quận Cái Răng, Cần Thơ",Quận Cái Răng,0,0,,nhà ở,,,so hong
16500.0,240.0,"Quận Cái Răng, Cần Thơ",Quận Cái Răng,0,0,,nhà ở,,,so hong
20000.0,112.0,"Quận Ninh Kiều, Cần Thơ",Quận Ninh Kiều,5,5,,nhà ở,,,so hong
13900.0,175.0,"Quận Cái Răng, Cần Thơ",Quận Cái Răng,3,4,,biệt thự,,,so hong
10500.0,99.0,"Quận Ninh Kiều, Cần Thơ",Quận Ninh Kiều,1,1,,nhà ở,,,so hong
17000.0,80.0,"Quận Ninh Kiều, Cần Thơ",Quận Ninh Kiều,12,12,,nhà ở,,,so hong
39000.0,900.0,"Quận Ninh Kiều, Cần Thơ",Quận Ninh Kiều,5,5,,biệt thự,,,so hong
20000.0,140.0,"Quận Ninh Kiều, Cần Thơ",Quận Ninh Kiều,5,5,,nhà ở,,,so hong
45000.0,3700.0,"Quận Cái Răng, Cần Thơ",Quận Cái Răng,2,6,,nhà ở,,,so hong
12000.0,40.0,"Quận Ninh Kiều, Cần Thơ",Quận Ninh Kiều,1,1,,nhà ở,,,so hong
13800.0,81.0,"Quận Ninh Kiều, Cần Thơ",Quận Ninh Kiều,1,1,,nhà ở,,,so hong
35000.0,2148.0,"Quận Cái Răng, Cần Thơ",Quận Cái Răng,12,12,,nhà ở,,,so hong
8600.0,67.0,"Quận Ninh Kiều, Cần Thơ",Quận Ninh Kiều,2,3,,nhà ở,,,so hong
5200.0,200.0,"Quận Bình Thuỷ, Cần Thơ",Quận Bình Thuỷ,0,0,,nhà ở,,,so hong
7600.0,257.0,"Quận Bình Thuỷ, Cần Thơ",Quận Bình Thuỷ,0,0,,nhà ở,,,so hong
12000.0,58.0,"Quận Ninh Kiều, Cần Thơ",Quận Ninh Kiều,1,1,,nhà ở,,,so hong
34000.0,320.0,"Quận Ninh Kiều, Cần Thơ",Quận Ninh Kiều,5,5,,nhà ở,,,so hong
19000.0,68.0,"Quận Ninh Kiều, Cần Thơ",Quận Ninh Kiều,6,7,,nhà ở,,,so hong
13000.0,96.0,"Quận Ninh Kiều, Cần Thơ",Quận Ninh Kiều,0,1,,nhà ở,,,so hong
32000.0,308.0,"Quận Ninh Kiều, Cần Thơ",Quận Ninh Kiều,3,3,,nhà ở,,,so hong
19000.0,88.0,"Quận Ninh Kiều, Cần Thơ",Quận Ninh Kiều,4,5,,nhà ở,,,so hong
15000.0,158.0,"Quận Ninh Kiều, Cần Thơ",Quận Ninh Kiều,1,1,,nhà ở,,,so hong
14900.0,375.0,"Quận Cái Răng, Cần Thơ",Quận Cái Răng,3,4,,nhà phố,,,so hong
20000.0,339.0,"Quận Ninh Kiều, Cần Thơ",Quận Ninh Kiều,3,3,,nhà ở,,,so hong
14000.0,242.0,"Quận Cái Răng, Cần Thơ",Quận Cái Răng,0,0,,nhà ở,,,so hong
8500.0,65.0,"Quận Ninh Kiều, Cần Thơ",Quận Ninh Kiều,2,2,,nhà ở,,,so hong
20000.0,81.0,"Quận Ninh Kiều, Cần Thơ",Quận Ninh Kiều,5,5,,nhà ở,,,so hong
15000.0,90.0,"Quận Ninh Kiều, Cần Thơ",Quận Ninh Kiều,5,5,,nhà ở,,,so hong
19000.0,90.0,"Quận Ninh Kiều, Cần Thơ",Quận Ninh Kiều,3,3,,nhà ở,,,so hong
12500.0,100.0,"Quận Ninh Kiều, Cần Thơ",Quận Ninh Kiều,0,1,,nhà ở,,,so hong
35000.0,309.0,"Quận Ninh Kiều, Cần Thơ",Quận Ninh Kiều,4,4,,nhà ở,,,so hong
10500.0,80.0,"Quận Ninh Kiều, Cần Thơ",Quận Ninh Kiều,4,4,,nhà phố,,,so hong
88000.0,1670.0,"Quận Ninh Kiều, Cần Thơ",Quận Ninh Kiều,0,0,,biệt thự,,,so hong
21000.0,220.0,"Quận Ninh Kiều, Cần Thơ",Quận Ninh Kiều,5,5,,nhà ở,,,so hong
13900.0,100.0,"Quận Ninh Kiều, Cần Thơ",Quận Ninh Kiều,5,6,,nhà ở,,,so hong
16900.0,327.0,"Quận Ninh Kiều, Cần Thơ",Quận Ninh Kiều,13,14,,nhà ở,,,so hong
22500.0,240.0,"Quận Cái Răng, Cần Thơ",Quận Cái Răng,2,1,,nhà ở,,,so hong
8500.0,88.0,"Quận Bình Thuỷ, Cần Thơ",Quận Bình Thuỷ,0,0,,nhà ở,,,so hong
39000.0,269.0,"Quận Ninh Kiều, Cần Thơ",Quận Ninh Kiều,4,5,,nhà ở,,,so hong
14000.0,185.0,"Quận Cái Răng, Cần Thơ",Quận Cái Răng,0,0,,nhà ở,,,so hong
16900.0,150.0,"Quận Ninh Kiều, Cần Thơ",Quận Ninh Kiều,3,3,,nhà ở,,,so hong
16000.0,350.0,"Huyện Phong Điền, Cần Thơ",Huyện Phong Điền,0,0,,nhà ở,,,so hong
21000.0,96.0,"Quận Ninh Kiều, Cần Thơ",Quận Ninh Kiều,3,3,,nhà ở,,,so hong
26000.0,170.0,"Quận Ninh Kiều, Cần Thơ",Quận Ninh Kiều,8,9,,nhà ở,,,so hong
30000.0,185.0,"Quận Ninh Kiều, Cần Thơ",Quận Ninh Kiều,5,6,,nhà ở,,,so hong
9990.0,120.0,"Quận Cái Răng, Cần Thơ",Quận Cái Răng,0,0,,nhà ở,,,so hong
10000.0,80.0,"Quận Ninh Kiều, Cần Thơ",Quận Ninh Kiều,0,0,,nhà ở,,,so hong
60000.0,430.0,"Quận Ninh Kiều, Cần Thơ",Quận Ninh Kiều,0,1,,nhà ở,,,so hong
36000.0,384.0,"Quận Cái Răng, Cần Thơ",Quận Cái Răng,0,0,,nhà ở,,,so hong
25000.0,716.0,"Quận Ninh Kiều, Cần Thơ",Quận Ninh Kiều,0,0,,nhà ở,,,so hong
60000.0,400.0,"Quận Ninh Kiều, Cần Thơ",Quận Ninh Kiều,2,2,,nhà ở,,,so hong
30000.0,255.0,"Quận Ninh Kiều, Cần Thơ",Quận Ninh Kiều,0,0,,nhà ở,,,so hong
22000.0,180.0,"Quận Ninh Kiều, Cần Thơ",Quận Ninh Kiều,2,2,,nhà ở,,,so hong
19500.0,90.0,"Quận Ninh Kiều, Cần Thơ",Quận Ninh Kiều,6,6,,nhà ở,,,so hong
15000.0,450.0,"Quận Ninh Kiều, Cần Thơ",Quận Ninh Kiều,0,0,,nhà ở,,,so hong
17000.0,212.0,"Quận Ninh Kiều, Cần Thơ",Quận Ninh Kiều,0,0,,nhà ở,,,so hong
18000.0,100.0,"Quận Ninh Kiều, Cần Thơ",Quận Ninh Kiều,11,11,,nhà ở,,,so hong
23240.0,332.0,"Quận Bình Thuỷ, Cần Thơ",Quận Bình Thuỷ,2,2,,nhà ở,,,so hong
28000.0,232.0,"Quận Cái Răng, Cần Thơ",Quận Cái Răng,0,0,,nhà ở,,,so hong
43000.0,1054.0,"Quận Ninh Kiều, Cần Thơ",Quận Ninh Kiều,0,0,,nhà ở,,,so do
40560.0,520.0,"Quận Ninh Kiều, Cần Thơ",Quận Ninh Kiều,1,1,,nhà ở,,,so hong
21000.0,140.0,"Quận Ninh Kiều, Cần Thơ",Quận Ninh Kiều,1,1,,nhà ở,,,so hong
45000.0,287.0,"Quận Ninh Kiều, Cần Thơ",Quận Ninh Kiều,1,1,,nhà ở,,,so hong
15000.0,250.0,"Quận Cái Răng, Cần Thơ",Quận Cái Răng,0,0,,nhà ở,,,so hong
14900.0,68.0,"Quận Ninh Kiều, Cần Thơ",Quận Ninh Kiều,4,5,,nhà ở,,,so hong
19500.0,140.0,"Quận Ninh Kiều, Cần Thơ",Quận Ninh Kiều,4,5,,nhà ở,,,hop dong mua ban
46700.0,524.0,"Quận Ninh Kiều, Cần Thơ",Quận Ninh Kiều,0,0,,nhà ở,,,so hong
40000.0,270.0,"Quận Ninh Kiều, Cần Thơ",Quận Ninh Kiều,1,1,,nhà ở,,,so hong
28000.0,138.0,"Quận Ninh Kiều, Cần Thơ",Quận Ninh Kiều,2,3,,nhà ở,,,so hong
8900.0,106.0,"Quận Ninh Kiều, Cần Thơ",Quận Ninh Kiều,1,1,,nhà ở,,,so hong
16000.0,363.0,"Quận Cái Răng, Cần Thơ",Quận Cái Răng,0,0,,biệt thự,,,so hong
22000.0,292.0,"Quận Cái Răng, Cần Thơ",Quận Cái Răng,8,10,,nhà ở,,,so hong
22000.0,111.0,"Quận Ninh Kiều, Cần Thơ",Quận Ninh Kiều,3,3,,nhà ở,,,so hong
25000.0,170.0,"Quận Ninh Kiều, Cần Thơ",Quận Ninh Kiều,1,1,,nhà ở,,,so hong
16000.0,200.0,"Quận Ninh Kiều, Cần Thơ",Quận Ninh Kiều,4,3,,nhà ở,,,so hong
35000.0,384.0,"Quận Ninh Kiều, Cần Thơ",Quận Ninh Kiều,4,4,,nhà ở,,,so hong
17000.0,71.0,"Quận Ninh Kiều, Cần Thơ",Quận Ninh Kiều,4,4,,nhà ở,,,so hong
13000.0,359.0,"Quận Ninh Kiều, Cần Thơ",Quận Ninh Kiều,2,2,,nhà ở,,,so hong
26000.0,109.0,"Quận Ninh Kiều, Cần Thơ",Quận Ninh Kiều,4,5,,nhà ở,,,so hong
12700.0,90.0,"Quận Cái Răng, Cần Thơ",Quận Cái Răng,4,5,,nhà ở,,,so hong
22500.0,90.0,"Quận Ninh Kiều, Cần Thơ",Quận Ninh Kiều,5,5,,nhà ở,,,so hong
15000.0,148.0,"Quận Ninh Kiều, Cần Thơ",Quận Ninh Kiều,1,1,,nhà ở,,,so hong
8600.0,120.0,"Quận Cái Răng, Cần Thơ",Quận Cái Răng,5,5,,nhà ở,,,so hong
15000.0,70.0,"Quận Ninh Kiều, Cần Thơ",Quận Ninh Kiều,2,2,,nhà ở,,,so hong
64260.0,1428.0,"Quận Cái Răng, Cần Thơ",Quận Cái Răng,0,0,,nhà ở,,,so hong
38000.0,280.0,"Quận Ninh Kiều, Cần Thơ",Quận Ninh Kiều,5,6,,biệt thự,,,so hong
9500.0,403.0,"Quận Bình Thuỷ, Cần Thơ",Quận Bình Thuỷ,0,0,,nhà ở,,,so hong
17000.0,64.0,"Quận Ninh Kiều, Cần Thơ",Quận Ninh Kiều,6,6,,nhà ở,,,so hong
36000.0,168.0,"Quận Ninh Kiều, Cần Thơ",Quận Ninh Kiều,6,7,,nhà ở,,,so hong
62500.0,2317.0,"Quận Ninh Kiều, Cần Thơ",Quận Ninh Kiều,0,0,,biệt thự,,,so hong
28500.0,412.0,"Quận Cái Răng, Cần Thơ",Quận Cái Răng,6,6,,biệt thự,,,so hong
15000.0,104.0,"Quận Ninh Kiều, Cần Thơ",Quận Ninh Kiều,1,1,,nhà ở,,,so hong
28789.0,1129.0,"Quận Ninh Kiều, Cần Thơ",Quận Ninh Kiều,0,0,,biệt thự,,,so hong
15000.0,120.0,"Quận Ninh Kiều, Cần Thơ",Quận Ninh Kiều,1,1,,nhà ở,,,so hong
32000.0,169.0,"Quận Ninh Kiều, Cần Thơ",Quận Ninh Kiều,4,4,,nhà ở,,,so hong
14000.0,126.0,"Quận Ninh Kiều, Cần Thơ",Quận Ninh Kiều,5,5,,nhà ở,,,so hong
12500.0,206.0,"Quận Cái Răng, Cần Thơ",Quận Cái Răng,0,0,,biệt thự,,,so hong
89856.0,3328.0,"Quận Ninh Kiều, Cần Thơ",Quận Ninh Kiều,0,0,,biệt thự,,,so hong
22000.0,231.0,"Quận Ninh Kiều, Cần Thơ",Quận Ninh Kiều,1,1,,nhà ở,,,so hong
11500.0,72.0,"Quận Ninh Kiều, Cần Thơ",Quận Ninh Kiều,2,2,,nhà ở,,,so hong
28000.0,105.0,"Quận Ninh Kiều, Cần Thơ",Quận Ninh Kiều,2,3,,nhà ở,,,so hong
16000.0,100.0,"Quận Ninh Kiều, Cần Thơ",Quận Ninh Kiều,2,3,,nhà ở,,,so hong
15800.0,198.0,"Quận Ninh Kiều, Cần Thơ",Quận Ninh Kiều,0,0,,nhà ở,,,so hong
62000.0,807.0,"Quận Ninh Kiều, Cần Thơ",Quận Ninh Kiều,0,1,,nhà ở,,,so hong
14500.0,74.0,"Quận Ninh Kiều, Cần Thơ",Quận Ninh Kiều,2,2,,nhà ở,,,so hong
15000.0,60.0,"Quận Ninh Kiều, Cần Thơ",Quận Ninh Kiều,4,5,,nhà ở,,,so hong
19990.0,120.0,"Quận Ninh Kiều, Cần Thơ",Quận Ninh Kiều,6,7,,nhà ở,,,so hong
20500.0,138.0,"Quận Ninh Kiều, Cần Thơ",Quận Ninh Kiều,12,12,,nhà ở,,,so hong
10600.0,84.0,"Quận Ninh Kiều, Cần Thơ",Quận Ninh Kiều,1,1,,nhà ở,,,so hong
7500.0,168.0,"Quận Ninh Kiều, Cần Thơ",Quận Ninh Kiều,2,2,,nhà ở,,,so hong
22820.0,1269.0,"Quận Cái Răng, Cần Thơ",Quận Cái Răng,0,0,,nhà ở,,,so hong
52000.0,652.0,"Quận Ninh Kiều, Cần Thơ",Quận Ninh Kiều,0,0,,nhà ở,,,so hong
80000.0,720.0,"Quận Ninh Kiều, Cần Thơ",Quận Ninh Kiều,1,3,,nhà ở,,,so hong
35000.0,770.0,"Quận Ninh Kiều, Cần Thơ",Quận Ninh Kiều,0,0,,nhà ở,,,so hong
15800.0,141.0,"Quận Ninh Kiều, Cần Thơ",Quận Ninh Kiều,1,1,,nhà ở,,,so hong
27000.0,110.0,"Quận Ninh Kiều, Cần Thơ",Quận Ninh Kiều,1,1,,nhà ở,,,so hong
60000.0,1378.0,"Quận Ninh Kiều, Cần Thơ",Quận Ninh Kiều,0,0,,nhà ở,,,so hong
28000.0,1155.0,"Quận Bình Thuỷ, Cần Thơ",Quận Bình Thuỷ,0,0,,nhà ở,,,so hong
18200.0,95.0,"Quận Ninh Kiều, Cần Thơ",Quận Ninh Kiều,1,1,,nhà ở,,,so hong
15500.0,63.0,"Quận Ninh Kiều, Cần Thơ",Quận Ninh Kiều,3,4,,nhà ở,,,so hong
13990.0,134.0,"Quận Ninh Kiều, Cần Thơ",Quận Ninh Kiều,0,0,,nhà ở,,,so hong
13500.0,87.0,"Quận Ninh Kiều, Cần Thơ",Quận Ninh Kiều,3,3,,nhà ở,,,so hong
31500.0,335.0,"Quận Ninh Kiều, Cần Thơ",Quận Ninh Kiều,0,0,,nhà ở,,,so hong
11900.0,99.0,"Quận Ninh Kiều, Cần Thơ",Quận Ninh Kiều,1,1,,nhà ở,,,so hong
18000.0,77.0,"Quận Ninh Kiều, Cần Thơ",Quận Ninh Kiều,8,9,,nhà ở,,,so hong
6800.0,110.0,"Quận Ninh Kiều, Cần Thơ",Quận Ninh Kiều,0,0,,nhà ở,,,so hong
25000.0,1445.0,"Quận Bình Thuỷ, Cần Thơ",Quận Bình Thuỷ,1,2,,nhà ở,,,so hong
13600.0,428.0,"Quận Cái Răng, Cần Thơ",Quận Cái Răng,5,6,,biệt thự,,,so hong
22500.0,104.0,"Quận Ninh Kiều, Cần Thơ",Quận Ninh Kiều,3,3,,nhà ở,,,so hong
45000.0,1364.0,"Quận Ninh Kiều, Cần Thơ",Quận Ninh Kiều,0,0,,biệt thự,,,so hong
14500.0,133.0,"Quận Ninh Kiều, Cần Thơ",Quận Ninh Kiều,1,2,,nhà ở,,,so hong
16800.0,102.0,"Quận Ninh Kiều, Cần Thơ",Quận Ninh Kiều,12,12,,nhà ở,,,so hong
8500.0,108.0,"Quận Ninh Kiều, Cần Thơ",Quận Ninh Kiều,1,1,,nhà ở,,,so hong
99000.0,1556.0,"Quận Cái Răng, Cần Thơ",Quận Cái Răng,0,0,,nhà ở,,,so hong
28000.0,224.0,"Quận Ninh Kiều, Cần Thơ",Quận Ninh Kiều,5,5,,nhà ở,,,so hong
5990.0,80.0,"Quận Ninh Kiều, Cần Thơ",Quận Ninh Kiều,4,4,,nhà ở,,,so hong
45000.0,247.0,"Quận Ninh Kiều, Cần Thơ",Quận Ninh Kiều,6,6,,nhà ở,,,so hong
30000.0,120.0,"Quận Ninh Kiều, Cần Thơ",Quận Ninh Kiều,12,13,,nhà ở,,,so hong
27000.0,973.0,"Quận Ninh Kiều, Cần Thơ",Quận Ninh Kiều,0,0,,biệt thự,,,so hong
24000.0,250.0,"Quận Cái Răng, Cần Thơ",Quận Cái Răng,6,7,,nhà ở,,,so hong
45000.0,626.0,"Quận Ninh Kiều, Cần Thơ",Quận Ninh Kiều,0,0,,nhà ở,,,so hong
19000.0,250.0,"Quận Bình Thuỷ, Cần Thơ",Quận Bình Thuỷ,0,0,,nhà ở,,,so hong
21000.0,165.0,"Quận Ninh Kiều, Cần Thơ",Quận Ninh Kiều,4,3,,nhà ở,,,so hong
9900.0,120.0,"Quận Cái Răng, Cần Thơ",Quận Cái Răng,1,1,,nhà ở,,,so hong
38000.0,369.0,"Quận Ninh Kiều, Cần Thơ",Quận Ninh Kiều,0,0,,nhà ở,,,so hong
33000.0,270.0,"Quận Cái Răng, Cần Thơ",Quận Cái Răng,8,9,,nhà ở,,,so hong
17900.0,437.0,"Quận Bình Thuỷ, Cần Thơ",Quận Bình Thuỷ,0,0,,nhà ở,,,so hong
33000.0,274.0,"Quận Ninh Kiều, Cần Thơ",Quận Ninh Kiều,2,2,,nhà ở,,,so hong
28000.0,218.0,"Quận Ninh Kiều, Cần Thơ",Quận Ninh Kiều,4,4,,nhà ở,,,so hong
13000.0,126.0,"Quận Ninh Kiều, Cần Thơ",Quận Ninh Kiều,3,3,,nhà ở,,,so hong
28000.0,179.0,"Quận Ninh Kiều, Cần Thơ",Quận Ninh Kiều,4,4,,nhà ở,,,so hong
62000.0,835.0,"Quận Ninh Kiều, Cần Thơ",Quận Ninh Kiều,1,1,,nhà ở,,,so hong
23000.0,740.0,"Quận Cái Răng, Cần Thơ",Quận Cái Răng,0,1,,nhà ở,,,so hong
2700.0,50.0,"Quận Bình Thuỷ, Cần Thơ",Quận Bình Thuỷ,3,2,,nhà ở,,,so do
34200.0,380.0,"Quận Ninh Kiều, Cần Thơ",Quận Ninh Kiều,3,2,,nhà ở,,,so do
1000.0,74.0,"Quận Bình Thuỷ, Cần Thơ",Quận Bình Thuỷ,0,0,,nhà ở,,,so do
3900.0,504.0,"TP. Pleiku, Gia Lai",TP. Pleiku,0,0,,biệt thự,,,so hong
3250.0,204.0,"TP. Pleiku, Gia Lai",TP. Pleiku,0,0,,nhà ở,,,so hong
1350.0,192.0,"TP. Pleiku, Gia Lai",TP. Pleiku,0,0,,nhà ở,,,so hong
2450.0,510.0,"TP. Pleiku, Gia Lai",TP. Pleiku,0,0,,nhà ở,,,so hong
1700.0,206.0,"TP. Pleiku, Gia Lai",TP. Pleiku,0,0,,nhà ở,,,so hong
840.0,150.0,"TP. Pleiku, Gia Lai",TP. Pleiku,0,0,,nhà ở,,,so hong
650.0,150.0,"TP. Pleiku, Gia Lai",TP. Pleiku,0,0,,nhà ở,,,so hong
1000.0,108.0,"Huyện Chư Păh, Gia Lai",Huyện Chư Păh,0,0,,nhà ở,,,so hong
1300.0,198.0,"TP. Pleiku, Gia Lai",TP. Pleiku,0,0,,nhà ở,,,so hong
1200.0,192.0,"TP. Pleiku, Gia Lai",TP. Pleiku,0,0,,nhà ở,,,so hong
1270.0,240.0,"TP. Pleiku, Gia Lai",TP. Pleiku,0,0,,nhà ở,,,so hong
1290.0,150.0,"TP. Pleiku, Gia Lai",TP. Pleiku,0,0,,nhà ở,,,so hong
1570.0,467.0,"TP. Pleiku, Gia Lai",TP. Pleiku,0,0,,đất nền,,,so hong
1500.0,150.0,"TP. Pleiku, Gia Lai",TP. Pleiku,0,0,,nhà ở,,,so hong
4000.0,62.0,"TP. Pleiku, Gia Lai",TP. Pleiku,0,0,,nhà ở,,,so hong
650.0,120.0,"Huyện Ia Grai, Gia Lai",Huyện Ia Grai,0,0,,nhà ở,,,so hong
750.0,125.0,"TP. Pleiku, Gia Lai",TP. Pleiku,0,0,,đất nền,,,so hong
2800.0,181.0,"TP. Pleiku, Gia Lai",TP. Pleiku,0,0,,nhà ở,,,so hong
2600.0,180.0,"TP. Pleiku, Gia Lai",TP. Pleiku,8,8,,nhà ở,,,so hong
8500.0,294.0,"TP. Pleiku, Gia Lai",TP. Pleiku,1,1,,biệt thự,,,so hong
2500.0,158.0,"TP. Pleiku, Gia Lai",TP. Pleiku,0,0,,nhà ở,,,so hong
16000.0,84.0,"TP. Pleiku, Gia Lai",TP. Pleiku,4,3,,nhà ở,,,so hong
13500.0,175.0,"TP. Pleiku, Gia Lai",TP. Pleiku,5,4,,nhà ở,,,so hong
2500.0,75.0,"TP. Pleiku, Gia Lai",TP. Pleiku,3,2,,nhà ở,,,so hong
5799.0,120.0,"TP. Pleiku, Gia Lai",TP. Pleiku,2,2,,nhà ở,,,so hong
7000.0,94.0,"TP. Pleiku, Gia Lai",TP. Pleiku,12,11,,nhà ở,,,so hong
650.0,128.0,"Huyện Ia Grai, Gia Lai",Huyện Ia Grai,0,0,,nhà ở,,,so hong
2300.0,280.0,"TP. Pleiku, Gia Lai",TP. Pleiku,0,0,,nhà ở,,,so hong
1500.0,124.0,"TP. Pleiku, Gia Lai",TP. Pleiku,0,0,,nhà ở,,,so hong
7500.0,216.0,"TP. Pleiku, Gia Lai",TP. Pleiku,3,3,,biệt thự,,,so hong
2400.0,148.0,"TP. Pleiku, Gia Lai",TP. Pleiku,0,0,,nhà ở,,,so hong
3200.0,122.0,"TP. Pleiku, Gia Lai",TP. Pleiku,0,0,,nhà ở,,,so hong
1900.0,540.0,"TP. Pleiku, Gia Lai",TP. Pleiku,0,0,,nhà ở,,,so do
13500.0,548.0,"TP. Pleiku, Gia Lai",TP. Pleiku,6,3,,nhà ở,,,so hong
4000.0,64.0,"TP. Pleiku, Gia Lai",TP. Pleiku,0,0,,nhà ở,,,so hong
3600.0,200.0,"TP. Pleiku, Gia Lai",TP. Pleiku,2,2,,nhà ở,,,so hong
6600.0,187.0,"TP. Pleiku, Gia Lai",TP. Pleiku,0,1,,nhà ở,,,so hong
4000.0,30.0,"Quận Long Biên, Hà Nội",Quận Long Biên,1,1,,nhà ở,,,so do
10000.0,50.0,"Quận Long Biên, Hà Nội",Quận Long Biên,3,4,,nhà ở,,,so do
5000.0,23.0,"Quận Long Biên, Hà Nội",Quận Long Biên,2,2,,nhà ở,,,so do
9000.0,50.0,"Quận Long Biên, Hà Nội",Quận Long Biên,4,4,,nhà ở,,,so do
6000.0,30.0,"Quận Long Biên, Hà Nội",Quận Long Biên,3,4,,nhà ở,,,so do
7000.0,30.0,"Quận Long Biên, Hà Nội",Quận Long Biên,3,4,,nhà ở,,,so do
7000.0,40.0,"Quận Long Biên, Hà Nội",Quận Long Biên,3,3,,nhà ở,,,so do
15000.0,183.0,"Quận Hai Bà Trưng, Hà Nội",Quận Hai Bà Trưng,3,3,,nhà ở,,,so do
21500.0,77.0,"Quận Hai Bà Trưng, Hà Nội",Quận Hai Bà Trưng,3,3,,nhà ở,,,so do
42400.0,146.0,"Quận Ba Đình, Hà Nội",Quận Ba Đình,3,3,,nhà ở,,,so do
21800.0,83.0,"Quận Đống Đa, Hà Nội",Quận Đống Đa,3,3,,nhà ở,,,so do
14100.0,51.0,"Quận Tây Hồ, Hà Nội",Quận Tây Hồ,3,3,,nhà ở,,,so do
13900.0,101.0,"Quận Long Biên, Hà Nội",Quận Long Biên,0,0,,nhà ở,,,so do
14800.0,88.0,"Quận Cầu Giấy, Hà Nội",Quận Cầu Giấy,0,0,,nhà ở,,,so do
32800.0,112.0,"Quận Cầu Giấy, Hà Nội",Quận Cầu Giấy,5,5,,nhà ở,,,so do
12200.0,103.0,"Quận Long Biên, Hà Nội",Quận Long Biên,4,4,,nhà ở,,,so do
20100.0,72.0,"Quận Long Biên, Hà Nội",Quận Long Biên,4,3,,nhà ở,,,so do
20500.0,112.0,"Quận Tây Hồ, Hà Nội",Quận Tây Hồ,2,2,,nhà ở,,,so do
29200.0,185.0,"Quận Long Biên, Hà Nội",Quận Long Biên,0,0,,nhà ở,,,so do
34100.0,201.0,"Quận Long Biên, Hà Nội",Quận Long Biên,0,0,,nhà ở,,,so do
23300.0,83.0,"Quận Bắc Từ Liêm, Hà Nội",Quận Bắc Từ Liêm,0,0,,nhà ở,,,so do
20500.0,88.0,"Quận Long Biên, Hà Nội",Quận Long Biên,9,8,,nhà ở,,,so do
21300.0,101.0,"Quận Tây Hồ, Hà Nội",Quận Tây Hồ,6,5,,nhà ở,,,so do
22700.0,101.0,"Quận Tây Hồ, Hà Nội",Quận Tây Hồ,10,10,,nhà ở,,,so do
13500.0,153.0,"Quận Long Biên, Hà Nội",Quận Long Biên,0,0,,nhà ở,,,so do
16200.0,101.0,"Quận Long Biên, Hà Nội",Quận Long Biên,0,0,,nhà ở,,,so do
47800.0,221.0,"Quận Tây Hồ, Hà Nội",Quận Tây Hồ,6,6,,nhà ở,,,so do
32500.0,121.0,"Quận Tây Hồ, Hà Nội",Quận Tây Hồ,5,5,,nhà ở,,,so do
36200.0,121.0,"Quận Tây Hồ, Hà Nội",Quận Tây Hồ,5,5,,nhà ở,,,so do
38800.0,151.0,"Quận Tây Hồ, Hà Nội",Quận Tây Hồ,0,0,,nhà ở,,,so do
33800.0,136.0,"Quận Long Biên, Hà Nội",Quận Long Biên,4,4,,nhà ở,,,so do
23300.0,151.0,"Quận Tây Hồ, Hà Nội",Quận Tây Hồ,0,0,,nhà ở,,,so do
21800.0,102.0,"Quận Long Biên, Hà Nội",Quận Long Biên,0,0,,nhà ở,,,so do
14700.0,69.0,"Quận Long Biên, Hà Nội",Quận Long Biên,6,6,,nhà ở,,,so do
45900.0,358.0,"Quận Long Biên, Hà Nội",Quận Long Biên,0,0,,nhà ở,,,so do
23800.0,91.0,"Quận Long Biên, Hà Nội",Quận Long Biên,11,11,,nhà ở,,,so do
19300.0,81.0,"Quận Đống Đa, Hà Nội",Quận Đống Đa,7,5,,nhà ở,,,so do
21300.0,121.0,"Quận Long Biên, Hà Nội",Quận Long Biên,4,4,,nhà ở,,,so do
15300.0,97.0,"Quận Long Biên, Hà Nội",Quận Long Biên,4,3,,nhà ở,,,so do
12150.0,71.0,"Quận Long Biên, Hà Nội",Quận Long Biên,4,4,,nhà ở,,,so do
17300.0,75.0,"Quận Long Biên, Hà Nội",Quận Long Biên,6,5,,nhà ở,,,so do
33800.0,201.0,"Quận Long Biên, Hà Nội",Quận Long Biên,5,4,,nhà ở,,,so do
15900.0,73.0,"Quận Long Biên, Hà Nội",Quận Long Biên,0,0,,nhà ở,,,so do
12500.0,74.0,"Quận Long Biên, Hà Nội",Quận Long Biên,2,1,,nhà ở,,,so do
12300.0,50.0,"Quận Long Biên, Hà Nội",Quận Long Biên,4,4,,nhà ở,,,so do
23300.0,82.0,"Quận Long Biên, Hà Nội",Quận Long Biên,7,7,,nhà ở,,,so do
64800.0,273.0,"Quận Tây Hồ, Hà Nội",Quận Tây Hồ,8,8,,nhà ở,,,so do
24800.0,125.0,"Quận Long Biên, Hà Nội",Quận Long Biên,8,4,,nhà ở,,,so do
9400.0,61.0,"Quận Long Biên, Hà Nội",Quận Long Biên,0,0,,nhà ở,,,so do
23300.0,98.0,"Quận Long Biên, Hà Nội",Quận Long Biên,4,3,,nhà ở,,,so do
12500.0,58.0,"Quận Tây Hồ, Hà Nội",Quận Tây Hồ,0,0,,nhà ở,,,so do
36300.0,125.0,"Quận Long Biên, Hà Nội",Quận Long Biên,6,6,,nhà ở,,,so do
19300.0,75.0,"Quận Bắc Từ Liêm, Hà Nội",Quận Bắc Từ Liêm,0,0,,nhà ở,,,so do
48800.0,245.0,"Quận Tây Hồ, Hà Nội",Quận Tây Hồ,0,0,,nhà ở,,,so do
19900.0,120.0,"Quận Long Biên, Hà Nội",Quận Long Biên,2,1,,nhà ở,,,so do
11800.0,56.0,"Quận Long Biên, Hà Nội",Quận Long Biên,2,2,,nhà ở,,,so do
34800.0,116.0,"Quận Long Biên, Hà Nội",Quận Long Biên,0,0,,nhà ở,,,so do
22200.0,79.0,"Quận Long Biên, Hà Nội",Quận Long Biên,2,1,,nhà ở,,,so do
17200.0,92.0,"Quận Long Biên, Hà Nội",Quận Long Biên,7,7,,nhà ở,,,so do
11700.0,67.0,"Quận Long Biên, Hà Nội",Quận Long Biên,0,0,,nhà ở,,,so do
24300.0,101.0,"Quận Long Biên, Hà Nội",Quận Long Biên,3,2,,nhà ở,,,so do
21500.0,78.0,"Quận Long Biên, Hà Nội",Quận Long Biên,4,3,,nhà ở,,,so do
22800.0,78.0,"Quận Long Biên, Hà Nội",Quận Long Biên,12,12,,nhà ở,,,so do
28000.0,143.0,"Quận Long Biên, Hà Nội",Quận Long Biên,5,5,,biệt thự,,,so do
11900.0,70.0,"Quận Long Biên, Hà Nội",Quận Long Biên,3,3,,nhà ở,,,so do
21300.0,81.0,"Quận Long Biên, Hà Nội",Quận Long Biên,6,6,,nhà ở,,,so do
18800.0,89.0,"Quận Long Biên, Hà Nội",Quận Long Biên,6,6,,nhà ở,,,so do
13400.0,56.0,"Quận Bắc Từ Liêm, Hà Nội",Quận Bắc Từ Liêm,0,0,,nhà ở,,,so do
13800.0,50.0,"Quận Ba Đình, Hà Nội",Quận Ba Đình,4,4,,nhà ở,,,so do
43100.0,183.0,"Quận Long Biên, Hà Nội",Quận Long Biên,8,8,,nhà ở,,,so do
16800.0,84.0,"Quận Đống Đa, Hà Nội",Quận Đống Đa,3,3,,nhà ở,,,so do
13400.0,81.0,"Quận Long Biên, Hà Nội",Quận Long Biên,0,0,,nhà ở,,,so do
14700.0,60.0,"Quận Đống Đa, Hà Nội",Quận Đống Đa,7,8,,nhà ở,,,so do
11200.0,40.0,"Quận Đống Đa, Hà Nội",Quận Đống Đa,4,6,,nhà ở,,,so do
5550.0,86.0,"Quận Hoàng Mai, Hà Nội",Quận Hoàng Mai,3,2,,căn hộ,,,so do
6100.0,86.0,"Quận Hoàng Mai, Hà Nội",Quận Hoàng Mai,3,2,,căn hộ,,,so do
15600.0,62.0,"Quận Hoàng Mai, Hà Nội",Quận Hoàng Mai,7,8,,nhà ở,,,so do
33000.0,160.0,"Quận Hà Đông, Hà Nội",Quận Hà Đông,4,6,,biệt thự,,,so do
8950.0,49.0,"Quận Hoàng Mai, Hà Nội",Quận Hoàng Mai,3,4,,nhà ở,,,khong xac dinh
59900.0,210.0,"Quận Hà Đông, Hà Nội",Quận Hà Đông,5,5,,biệt thự,,,so do
7500.0,35.0,"Quận Thanh Xuân, Hà Nội",Quận Thanh Xuân,5,4,,nhà ở,,,so do
13950.0,50.0,"Quận Hoàng Mai, Hà Nội",Quận Hoàng Mai,7,6,,nhà ở,,,so do
11900.0,50.0,"Quận Hai Bà Trưng, Hà Nội",Quận Hai Bà Trưng,4,5,,nhà ở,,,so do
8900.0,34.0,"Quận Đống Đa, Hà Nội",Quận Đống Đa,4,5,,nhà ở,,,so do
11800.0,45.0,"Quận Thanh Xuân, Hà Nội",Quận Thanh Xuân,6,7,,nhà ở,,,so do
12500.0,48.0,"Quận Đống Đa, Hà Nội",Quận Đống Đa,9,10,,nhà ở,,,so do
4500.0,60.0,"Quận Long Biên, Hà Nội",Quận Long Biên,2,2,,căn hộ,,,so do
21000.0,71.0,"Quận Hai Bà Trưng, Hà Nội",Quận Hai Bà Trưng,6,8,,nhà ở,,,so do
15200.0,55.0,"Quận Hai Bà Trưng, Hà Nội",Quận Hai Bà Trưng,12,13,,căn hộ,,,so do
9300.0,99.0,"Quận Ba Đình, Hà Nội",Quận Ba Đình,3,3,,căn hộ,,,so do
6500.0,30.0,"Quận Long Biên, Hà Nội",Quận Long Biên,3,4,,nhà ở,,,so do
2250.0,35.0,"Quận Thanh Xuân, Hà Nội",Quận Thanh Xuân,2,2,,nhà ở,,,giay to viet tay
13800.0,50.0,"Quận Thanh Xuân, Hà Nội",Quận Thanh Xuân,4,5,,nhà ở,,,so do
9850.0,35.0,"Quận Hai Bà Trưng, Hà Nội",Quận Hai Bà Trưng,4,6,,nhà ở,,,so do
7750.0,90.0,"Quận Thanh Xuân, Hà Nội",Quận Thanh Xuân,3,2,,căn hộ,,,so do
12300.0,42.0,"Quận Hoàng Mai, Hà Nội",Quận Hoàng Mai,3,5,,nhà ở,,,so do
13900.0,70.0,"Quận Hoàng Mai, Hà Nội",Quận Hoàng Mai,6,7,,nhà ở,,,so do
10400.0,48.0,"Quận Hai Bà Trưng, Hà Nội",Quận Hai Bà Trưng,4,3,,nhà ở,,,so do
1800.0,36.0,"Quận Hoàng Mai, Hà Nội",Quận Hoàng Mai,2,2,,nhà ở,,,hop dong mua ban
12500.0,45.0,"Quận Hoàng Mai, Hà Nội",Quận Hoàng Mai,4,5,,nhà ở,,,so do
3600.0,32.0,"Quận Thanh Xuân, Hà Nội",Quận Thanh Xuân,3,4,,nhà ở,,,hop dong mua ban
7950.0,31.0,"Quận Thanh Xuân, Hà Nội",Quận Thanh Xuân,4,5,,nhà ở,,,so do
7100.0,30.0,"Quận Thanh Xuân, Hà Nội",Quận Thanh Xuân,4,5,,nhà ở,,,so do
9500.0,40.0,"Quận Ba Đình, Hà Nội",Quận Ba Đình,3,4,,nhà ở,,,so do
9650.0,34.0,"Quận Thanh Xuân, Hà Nội",Quận Thanh Xuân,4,5,,nhà ở,,,so do
4980.0,44.0,"Quận Cầu Giấy, Hà Nội",Quận Cầu Giấy,2,1,,nhà ở,,,so do
4950.0,54.0,"Quận Nam Từ Liêm, Hà Nội",Quận Nam Từ Liêm,2,1,,nhà ở,,,so do
7950.0,32.0,"Quận Thanh Xuân, Hà Nội",Quận Thanh Xuân,3,3,,nhà phố,,,so do
9500.0,42.0,"Quận Thanh Xuân, Hà Nội",Quận Thanh Xuân,5,5,,nhà phố,,,so do
7950.0,36.0,"Quận Thanh Xuân, Hà Nội",Quận Thanh Xuân,4,4,,nhà phố,,,so do
9000.0,30.0,"Quận Thanh Xuân, Hà Nội",Quận Thanh Xuân,2,3,,nhà ở,,,so do
21500.0,80.0,"Quận Thanh Xuân, Hà Nội",Quận Thanh Xuân,3,3,,nhà phố,,,so do
20000.0,75.0,"Quận Thanh Xuân, Hà Nội",Quận Thanh Xuân,5,4,,nhà phố,,,so do
16800.0,66.0,"Quận Thanh Xuân, Hà Nội",Quận Thanh Xuân,7,7,,nhà phố,,,so do
11000.0,45.0,"Quận Thanh Xuân, Hà Nội",Quận Thanh Xuân,4,4,,nhà phố,,,so do
14000.0,102.0,"Quận Thanh Xuân, Hà Nội",Quận Thanh Xuân,0,0,,nhà ở,,,so do
13000.0,102.0,"Quận Thanh Xuân, Hà Nội",Quận Thanh Xuân,0,0,,nhà ở,,,so do
7950.0,35.0,"Quận Ba Đình, Hà Nội",Quận Ba Đình,4,4,,nhà ở,,,so do
9100.0,35.0,"Quận Cầu Giấy, Hà Nội",Quận Cầu Giấy,4,3,,nhà ở,,,so do
20600.0,136.0,"Quận Long Biên, Hà Nội",Quận Long Biên,0,0,,nhà ở,,,so do
22800.0,147.0,"Quận Long Biên, Hà Nội",Quận Long Biên,4,4,,nhà ở,,,so do
5700.0,36.0,"Quận Hoàng Mai, Hà Nội",Quận Hoàng Mai,1,1,,nhà ở,,,so do
8000.0,52.0,"Quận Long Biên, Hà Nội",Quận Long Biên,1,1,,nhà ở,,,so do
10200.0,35.0,"Quận Long Biên, Hà Nội",Quận Long Biên,4,3,,nhà ở,,,so do
3500.0,15.0,"Quận Đống Đa, Hà Nội",Quận Đống Đa,3,2,,nhà ở,,,so do
6900.0,25.0,"Quận Hai Bà Trưng, Hà Nội",Quận Hai Bà Trưng,2,2,,nhà ở,,,so do
7800.0,40.0,"Quận Ba Đình, Hà Nội",Quận Ba Đình,4,4,,nhà ở,,,so do
4850.0,22.0,"Quận Đống Đa, Hà Nội",Quận Đống Đa,3,3,,nhà ở,,,so do
4700.0,16.0,"Quận Đống Đa, Hà Nội",Quận Đống Đa,2,2,,nhà ở,,,so do
5600.0,22.0,"Quận Đống Đa, Hà Nội",Quận Đống Đa,2,2,,nhà ở,,,so do
4000.0,16.0,"Quận Hai Bà Trưng, Hà Nội",Quận Hai Bà Trưng,2,2,,nhà ở,,,so do
26800.0,140.0,"Quận Hai Bà Trưng, Hà Nội",Quận Hai Bà Trưng,3,3,,nhà ở,,,so do
16000.0,55.0,"Quận Tây Hồ, Hà Nội",Quận Tây Hồ,5,5,,nhà ở,,,so do
7500.0,36.0,"Quận Hai Bà Trưng, Hà Nội",Quận Hai Bà Trưng,1,1,,nhà ở,,,so do
12500.0,65.0,"Quận Hai Bà Trưng, Hà Nội",Quận Hai Bà Trưng,4,4,,nhà ở,,,so do
7980.0,33.0,"Quận Tây Hồ, Hà Nội",Quận Tây Hồ,5,5,,nhà ở,,,so do
7800.0,43.0,"Quận Tây Hồ, Hà Nội",Quận Tây Hồ,1,1,,nhà ở,,,so do
9300.0,49.0,"Quận Đống Đa, Hà Nội",Quận Đống Đa,3,3,,nhà ở,,,so do
9200.0,55.0,"Quận Tây Hồ, Hà Nội",Quận Tây Hồ,0,0,,nhà ở,,,so do
4300.0,30.0,"Quận Hoàng Mai, Hà Nội",Quận Hoàng Mai,2,2,,nhà ở,,,so do
9000.0,31.0,"Quận Ba Đình, Hà Nội",Quận Ba Đình,1,1,,nhà ở,,,so do
15000.0,73.0,"Quận Hoàng Mai, Hà Nội",Quận Hoàng Mai,1,1,,nhà ở,,,so do
7500.0,34.0,"Quận Hai Bà Trưng, Hà Nội",Quận Hai Bà Trưng,2,2,,nhà ở,,,so do
7300.0,32.0,"Quận Hai Bà Trưng, Hà Nội",Quận Hai Bà Trưng,3,4,,nhà ở,,,so do
9850.0,34.0,"Quận Hai Bà Trưng, Hà Nội",Quận Hai Bà Trưng,2,2,,nhà ở,,,so do
8500.0,29.0,"Quận Hai Bà Trưng, Hà Nội",Quận Hai Bà Trưng,3,3,,nhà ở,,,so do
8300.0,32.0,"Quận Hai Bà Trưng, Hà Nội",Quận Hai Bà Trưng,3,3,,nhà ở,,,so do
5000.0,22.0,"Quận Đống Đa, Hà Nội",Quận Đống Đa,2,2,,nhà ở,,,so do
5600.0,36.0,"Quận Hoàng Mai, Hà Nội",Quận Hoàng Mai,1,1,,nhà ở,,,so do
4500.0,24.0,"Quận Đống Đa, Hà Nội",Quận Đống Đa,2,2,,nhà ở,,,so do
29500.0,110.0,"Quận Long Biên, Hà Nội",Quận Long Biên,5,5,,nhà ở,,,so do
29000.0,101.0,"Quận Tây Hồ, Hà Nội",Quận Tây Hồ,5,5,,nhà ở,,,so do
11900.0,53.0,"Quận Đống Đa, Hà Nội",Quận Đống Đa,3,3,,nhà ở,,,so do
8300.0,40.0,"Quận Ba Đình, Hà Nội",Quận Ba Đình,1,1,,nhà ở,,,so do
14950.0,58.0,"Quận Tây Hồ, Hà Nội",Quận Tây Hồ,7,5,,nhà ở,,,so do
14700.0,54.0,"Quận Tây Hồ, Hà Nội",Quận Tây Hồ,5,5,,nhà ở,,,so do
7200.0,80.0,"Quận Thanh Xuân, Hà Nội",Quận Thanh Xuân,2,2,,nhà ở,,,so do
7450.0,70.0,"Quận Thanh Xuân, Hà Nội",Quận Thanh Xuân,2,2,,nhà ở,,,so do
7500.0,25.0,"Quận Tây Hồ, Hà Nội",Quận Tây Hồ,2,2,,nhà ở,,,so do
4150.0,20.0,"Quận Đống Đa, Hà Nội",Quận Đống Đa,3,2,,nhà ở,,,so do
9500.0,44.0,"Quận Long Biên, Hà Nội",Quận Long Biên,4,4,,nhà ở,,,so do
4900.0,44.0,"Quận Hoàng Mai, Hà Nội",Quận Hoàng Mai,2,2,,nhà ở,,,hop dong mua ban
3500.0,60.0,"Quận Đống Đa, Hà Nội",Quận Đống Đa,2,1,,nhà ở,,,so do
4600.0,80.0,"Quận Đống Đa, Hà Nội",Quận Đống Đa,2,2,,nhà ở,,,so do
3500.0,12.0,"Quận Hai Bà Trưng, Hà Nội",Quận Hai Bà Trưng,3,2,,nhà ở,,,so do
8300.0,54.0,"Quận Long Biên, Hà Nội",Quận Long Biên,3,3,,nhà ở,,,so do
15000.0,60.0,"Quận Long Biên, Hà Nội",Quận Long Biên,0,0,,nhà ở,,,so do
2250.0,50.0,"Quận Thanh Xuân, Hà Nội",Quận Thanh Xuân,2,1,,nhà ở,,,so do
11200.0,100.0,"Quận Hoàng Mai, Hà Nội",Quận Hoàng Mai,0,0,,nhà ở,,,giay to hop le
5600.0,88.0,"Quận Hoàng Mai, Hà Nội",Quận Hoàng Mai,2,0,,nhà ở,,,so do
12555.0,81.0,"Quận Hoàng Mai, Hà Nội",Quận Hoàng Mai,0,0,,nhà ở,,,so do
10000.0,43.0,"Quận Tây Hồ, Hà Nội",Quận Tây Hồ,2,2,,nhà ở,,,so do
13000.0,53.0,"Quận Cầu Giấy, Hà Nội",Quận Cầu Giấy,6,4,,nhà ở,,,so do
11000.0,45.0,"Quận Cầu Giấy, Hà Nội",Quận Cầu Giấy,10,13,,nhà ở,,,so do
8900.0,30.0,"Quận Cầu Giấy, Hà Nội",Quận Cầu Giấy,3,4,,nhà ở,,,so hong
3450.0,100.0,"Thị Xã Sơn Tây, Hà Nội",Thị Xã Sơn Tây,0,0,,nhà ở,,,so do
43000.0,146.0,"Quận Hai Bà Trưng, Hà Nội",Quận Hai Bà Trưng,4,4,,nhà ở,,,so do
31000.0,138.0,"Quận Hai Bà Trưng, Hà Nội",Quận Hai Bà Trưng,10,7,,nhà ở,,,so do
25000.0,125.0,"Quận Hoàng Mai, Hà Nội",Quận Hoàng Mai,6,7,,nhà ở,,,so do
81000.0,352.0,"Quận Hai Bà Trưng, Hà Nội",Quận Hai Bà Trưng,5,5,,nhà ở,,,so do
7150.0,45.0,"Quận Hà Đông, Hà Nội",Quận Hà Đông,3,4,,nhà ở,,,so do
7300.0,42.0,"Quận Cầu Giấy, Hà Nội",Quận Cầu Giấy,3,4,,nhà ở,,,so do
33000.0,165.0,"Quận Cầu Giấy, Hà Nội",Quận Cầu Giấy,5,5,,nhà ở,,,so do
40000.0,161.0,"Quận Hai Bà Trưng, Hà Nội",Quận Hai Bà Trưng,8,8,,nhà ở,,,so do
12000.0,55.0,"Quận Tây Hồ, Hà Nội",Quận Tây Hồ,4,4,,nhà ở,,,so do
60000.0,228.0,"Quận Hai Bà Trưng, Hà Nội",Quận Hai Bà Trưng,8,9,,nhà ở,,,so do
16500.0,65.0,"Quận Thanh Xuân, Hà Nội",Quận Thanh Xuân,6,6,,nhà ở,,,so do
15600.0,82.0,"Quận Thanh Xuân, Hà Nội",Quận Thanh Xuân,5,5,,nhà ở,,,so do
15800.0,80.0,"Quận Thanh Xuân, Hà Nội",Quận Thanh Xuân,6,6,,nhà ở,,,so do
10000.0,60.0,"Quận Bắc Từ Liêm, Hà Nội",Quận Bắc Từ Liêm,4,4,,nhà ở,,,so do
12499.0,50.0,"Quận Ba Đình, Hà Nội",Quận Ba Đình,4,5,,nhà ở,,,so do
32000.0,120.0,"Quận Bắc Từ Liêm, Hà Nội",Quận Bắc Từ Liêm,6,5,,nhà ở,,,so do
17500.0,63.0,"Quận Cầu Giấy, Hà Nội",Quận Cầu Giấy,4,5,,nhà ở,,,so do
22000.0,85.0,"Quận Hoàng Mai, Hà Nội",Quận Hoàng Mai,5,5,,nhà ở,,,so do
34000.0,120.0,"Quận Cầu Giấy, Hà Nội",Quận Cầu Giấy,6,6,,nhà ở,,,so do
36000.0,121.0,"Quận Bắc Từ Liêm, Hà Nội",Quận Bắc Từ Liêm,0,0,,nhà ở,,,so do
19000.0,100.0,"Quận Cầu Giấy, Hà Nội",Quận Cầu Giấy,5,5,,nhà ở,,,so do
18000.0,88.0,"Quận Tây Hồ, Hà Nội",Quận Tây Hồ,8,8,,nhà ở,,,so do
9800.0,50.0,"Quận Ba Đình, Hà Nội",Quận Ba Đình,0,0,,nhà ở,,,so do
16800.0,70.0,"Quận Thanh Xuân, Hà Nội",Quận Thanh Xuân,6,6,,nhà ở,,,so do
21000.0,85.0,"Quận Thanh Xuân, Hà Nội",Quận Thanh Xuân,4,5,,nhà ở,,,so do
10700.0,50.0,"Quận Ba Đình, Hà Nội",Quận Ba Đình,4,4,,nhà ở,,,so do
10500.0,50.0,"Quận Ba Đình, Hà Nội",Quận Ba Đình,6,5,,nhà ở,,,so do
81000.0,435.0,"Quận Hai Bà Trưng, Hà Nội",Quận Hai Bà Trưng,5,5,,nhà ở,,,so do
15000.0,68.0,"Quận Cầu Giấy, Hà Nội",Quận Cầu Giấy,6,6,,nhà ở,,,so do
11999.0,50.0,"Quận Tây Hồ, Hà Nội",Quận Tây Hồ,4,3,,nhà ở,,,so do
12500.0,50.0,"Quận Ba Đình, Hà Nội",Quận Ba Đình,4,5,,nhà ở,,,so do
28000.0,114.0,"Quận Hoàng Mai, Hà Nội",Quận Hoàng Mai,2,2,,nhà ở,,,so do
11500.0,50.0,"Quận Cầu Giấy, Hà Nội",Quận Cầu Giấy,5,4,,nhà ở,,,so do
21000.0,100.0,"Quận Cầu Giấy, Hà Nội",Quận Cầu Giấy,5,5,,biệt thự,,,so do
8000.0,45.0,"Quận Tây Hồ, Hà Nội",Quận Tây Hồ,6,4,,nhà ở,,,khong xac dinh
13000.0,50.0,"Quận Ba Đình, Hà Nội",Quận Ba Đình,5,5,,nhà ở,,,so do
32000.0,130.0,"Quận Hai Bà Trưng, Hà Nội",Quận Hai Bà Trưng,2,2,,nhà ở,,,so do
9000.0,42.0,"Quận Ba Đình, Hà Nội",Quận Ba Đình,4,4,,nhà ở,,,so do
12500.0,85.0,"Quận Ba Đình, Hà Nội",Quận Ba Đình,6,5,,biệt thự,,,so do
33000.0,118.0,"Quận Hoàng Mai, Hà Nội",Quận Hoàng Mai,5,6,,biệt thự,,,so do
24000.0,120.0,"Quận Ba Đình, Hà Nội",Quận Ba Đình,8,6,,nhà ở,,,so do
8300.0,45.0,"Quận Bắc Từ Liêm, Hà Nội",Quận Bắc Từ Liêm,4,4,,nhà ở,,,so do
15000.0,60.0,"Quận Cầu Giấy, Hà Nội",Quận Cầu Giấy,6,6,,nhà ở,,,so do
51000.0,188.0,"Quận Đống Đa, Hà Nội",Quận Đống Đa,5,6,,nhà ở,,,so do
9000.0,45.0,"Quận Ba Đình, Hà Nội",Quận Ba Đình,6,4,,nhà ở,,,so do
10500.0,60.0,"Quận Bắc Từ Liêm, Hà Nội",Quận Bắc Từ Liêm,5,6,,nhà ở,,,so do
6500.0,40.0,"Quận Thanh Xuân, Hà Nội",Quận Thanh Xuân,4,4,,nhà ở,,,so do
25000.0,200.0,"Quận Tây Hồ, Hà Nội",Quận Tây Hồ,0,0,,nhà ở,,,so do
18800.0,81.0,"Quận Thanh Xuân, Hà Nội",Quận Thanh Xuân,5,6,,nhà ở,,,so do
6850.0,41.0,"Quận Thanh Xuân, Hà Nội",Quận Thanh Xuân,4,4,,nhà ở,,,so do
17200.0,71.0,"Quận Thanh Xuân, Hà Nội",Quận Thanh Xuân,6,6,,nhà ở,,,so do
24800.0,100.0,"Quận Ba Đình, Hà Nội",Quận Ba Đình,4,4,,biệt thự,,,so do
21000.0,110.0,"Quận Hoàng Mai, Hà Nội",Quận Hoàng Mai,5,4,,nhà ở,,,so do
26500.0,100.0,"Quận Hà Đông, Hà Nội",Quận Hà Đông,4,4,,nhà ở,,,so do
30000.0,115.0,"Quận Cầu Giấy, Hà Nội",Quận Cầu Giấy,6,6,,nhà ở,,,so do
11500.0,60.0,"Quận Tây Hồ, Hà Nội",Quận Tây Hồ,4,5,,nhà ở,,,so do
26000.0,105.0,"Quận Hà Đông, Hà Nội",Quận Hà Đông,9,9,,nhà phố,,,so do
9800.0,55.0,"Quận Bắc Từ Liêm, Hà Nội",Quận Bắc Từ Liêm,4,5,,nhà ở,,,so do
14600.0,62.0,"Quận Cầu Giấy, Hà Nội",Quận Cầu Giấy,4,5,,nhà ở,,,so do
15999.0,72.0,"Quận Tây Hồ, Hà Nội",Quận Tây Hồ,0,0,,nhà ở,,,so do
15799.0,97.0,"Quận Bắc Từ Liêm, Hà Nội",Quận Bắc Từ Liêm,3,3,,nhà ở,,,so do
9000.0,50.0,"Quận Ba Đình, Hà Nội",Quận Ba Đình,4,4,,nhà ở,,,so do
64000.0,300.0,"Quận Bắc Từ Liêm, Hà Nội",Quận Bắc Từ Liêm,5,5,,biệt thự,,,so do
25000.0,110.0,"Quận Tây Hồ, Hà Nội",Quận Tây Hồ,4,4,,biệt thự,,,so do
9000.0,45.0,"Quận Tây Hồ, Hà Nội",Quận Tây Hồ,5,6,,nhà ở,,,so do
18500.0,90.0,"Quận Ba Đình, Hà Nội",Quận Ba Đình,4,4,,nhà ở,,,so do
6299.0,40.0,"Quận Thanh Xuân, Hà Nội",Quận Thanh Xuân,4,4,,nhà ở,,,so do
7200.0,41.0,"Quận Tây Hồ, Hà Nội",Quận Tây Hồ,3,3,,nhà ở,,,so do
17100.0,75.0,"Quận Thanh Xuân, Hà Nội",Quận Thanh Xuân,5,5,,nhà ở,,,so do
28999.0,130.0,"Quận Bắc Từ Liêm, Hà Nội",Quận Bắc Từ Liêm,5,5,,nhà ở,,,so do
15000.0,70.0,"Quận Tây Hồ, Hà Nội",Quận Tây Hồ,3,3,,nhà ở,,,khong xac dinh
33000.0,176.0,"Quận Tây Hồ, Hà Nội",Quận Tây Hồ,5,5,,biệt thự,,,so do
13000.0,62.0,"Quận Cầu Giấy, Hà Nội",Quận Cầu Giấy,5,6,,nhà ở,,,so do
22500.0,80.0,"Quận Tây Hồ, Hà Nội",Quận Tây Hồ,4,4,,nhà ở,,,so do
9200.0,60.0,"Quận Bắc Từ Liêm, Hà Nội",Quận Bắc Từ Liêm,2,2,,nhà ở,,,so do
25999.0,105.0,"Quận Cầu Giấy, Hà Nội",Quận Cầu Giấy,0,0,,nhà ở,,,so do
9500.0,61.0,"Quận Bắc Từ Liêm, Hà Nội",Quận Bắc Từ Liêm,0,0,,nhà ở,,,so do
11000.0,63.0,"Quận Bắc Từ Liêm, Hà Nội",Quận Bắc Từ Liêm,0,0,,nhà ở,,,so do
65000.0,300.0,"Quận Cầu Giấy, Hà Nội",Quận Cầu Giấy,0,0,,nhà ở,,,so do
17000.0,82.0,"Quận Tây Hồ, Hà Nội",Quận Tây Hồ,4,4,,nhà ở,,,so do
14000.0,52.0,"Quận Ba Đình, Hà Nội",Quận Ba Đình,4,4,,nhà ở,,,so do
13499.0,85.0,"Quận Bắc Từ Liêm, Hà Nội",Quận Bắc Từ Liêm,0,0,,nhà ở,,,so do
9799.0,50.0,"Quận Bắc Từ Liêm, Hà Nội",Quận Bắc Từ Liêm,0,0,,nhà ở,,,so do
7000.0,43.0,"Quận Đống Đa, Hà Nội",Quận Đống Đa,3,4,,nhà ở,,,so do
25000.0,169.0,"Quận Tây Hồ, Hà Nội",Quận Tây Hồ,5,5,,biệt thự,,,so do
7100.0,45.0,"Quận Đống Đa, Hà Nội",Quận Đống Đa,3,4,,nhà ở,,,so do
8000.0,45.0,"Quận Ba Đình, Hà Nội",Quận Ba Đình,4,4,,nhà ở,,,so do
18000.0,70.0,"Quận Ba Đình, Hà Nội",Quận Ba Đình,5,5,,nhà ở,,,so do
9000.0,50.0,"Quận Bắc Từ Liêm, Hà Nội",Quận Bắc Từ Liêm,4,5,,nhà ở,,,so do
10800.0,50.0,"Quận Cầu Giấy, Hà Nội",Quận Cầu Giấy,4,4,,nhà ở,,,so do
16000.0,60.0,"Quận Cầu Giấy, Hà Nội",Quận Cầu Giấy,5,5,,nhà ở,,,so do
13000.0,45.0,"Quận Tây Hồ, Hà Nội",Quận Tây Hồ,4,5,,nhà ở,,,so do
15300.0,60.0,"Quận Cầu Giấy, Hà Nội",Quận Cầu Giấy,4,5,,nhà ở,,,so do
13999.0,63.0,"Quận Bắc Từ Liêm, Hà Nội",Quận Bắc Từ Liêm,4,5,,nhà ở,,,so do
11799.0,45.0,"Quận Ba Đình, Hà Nội",Quận Ba Đình,0,0,,nhà ở,,,so do
23500.0,105.0,"Quận Ba Đình, Hà Nội",Quận Ba Đình,0,0,,nhà ở,,,so do
7700.0,50.0,"Quận Nam Từ Liêm, Hà Nội",Quận Nam Từ Liêm,4,4,,nhà ở,,,so do
7200.0,44.0,"Quận Thanh Xuân, Hà Nội",Quận Thanh Xuân,4,4,,nhà ở,,,so do
11500.0,55.0,"Quận Tây Hồ, Hà Nội",Quận Tây Hồ,4,4,,nhà ở,,,so do
7200.0,40.0,"Quận Cầu Giấy, Hà Nội",Quận Cầu Giấy,4,4,,nhà ở,,,so do
7100.0,46.0,"Quận Hà Đông, Hà Nội",Quận Hà Đông,3,3,,nhà ở,,,so do
5450.0,31.0,"Huyện Hoài Đức, Hà Nội",Huyện Hoài Đức,3,4,,nhà ở,,,so do
4800.0,30.0,"Huyện Hoài Đức, Hà Nội",Huyện Hoài Đức,3,3,,nhà ở,,,so do
6000.0,33.0,"Huyện Hoài Đức, Hà Nội",Huyện Hoài Đức,3,3,,nhà ở,,,so do
26000.0,97.0,"Quận Hoàng Mai, Hà Nội",Quận Hoàng Mai,4,4,,nhà ở,,,so do
6400.0,85.0,"Quận Nam Từ Liêm, Hà Nội",Quận Nam Từ Liêm,2,2,,căn hộ,,,so do
6600.0,63.0,"Quận Nam Từ Liêm, Hà Nội",Quận Nam Từ Liêm,2,2,,căn hộ,,,so do
8900.0,38.0,"Quận Nam Từ Liêm, Hà Nội",Quận Nam Từ Liêm,3,4,,nhà ở,,,so do
7930.0,42.0,"Quận Nam Từ Liêm, Hà Nội",Quận Nam Từ Liêm,4,2,,nhà ở,,,so do
6980.0,73.0,"Quận Nam Từ Liêm, Hà Nội",Quận Nam Từ Liêm,2,2,,căn hộ,,,so do
1990.0,35.0,"Quận Cầu Giấy, Hà Nội",Quận Cầu Giấy,2,1,,căn hộ,,,giay to hop le
8700.0,30.0,"Quận Bắc Từ Liêm, Hà Nội",Quận Bắc Từ Liêm,3,4,,nhà ở,,,so do
7800.0,37.0,"Quận Bắc Từ Liêm, Hà Nội",Quận Bắc Từ Liêm,4,4,,nhà ở,,,so do
8600.0,124.0,"Quận Nam Từ Liêm, Hà Nội",Quận Nam Từ Liêm,3,2,,căn hộ,,,so do
8700.0,30.0,"Quận Nam Từ Liêm, Hà Nội",Quận Nam Từ Liêm,3,3,,nhà ở,,,so do
5830.0,62.0,"Quận Nam Từ Liêm, Hà Nội",Quận Nam Từ Liêm,2,1,,căn hộ,,,so do
7500.0,102.0,"Quận Nam Từ Liêm, Hà Nội",Quận Nam Từ Liêm,3,2,,căn hộ,,,so do
12000.0,43.0,"Quận Bắc Từ Liêm, Hà Nội",Quận Bắc Từ Liêm,4,3,,nhà ở,,,so do
7100.0,30.0,"Quận Nam Từ Liêm, Hà Nội",Quận Nam Từ Liêm,3,4,,nhà ở,,,so do
5200.0,60.0,"Quận Nam Từ Liêm, Hà Nội",Quận Nam Từ Liêm,2,1,,căn hộ,,,so do
4600.0,43.0,"Quận Nam Từ Liêm, Hà Nội",Quận Nam Từ Liêm,1,1,,căn hộ,,,so do
8300.0,76.0,"Quận Nam Từ Liêm, Hà Nội",Quận Nam Từ Liêm,2,2,,căn hộ,,,so do
5950.0,58.0,"Quận Cầu Giấy, Hà Nội",Quận Cầu Giấy,2,2,,căn hộ,,,so do
6050.0,64.0,"Quận Nam Từ Liêm, Hà Nội",Quận Nam Từ Liêm,2,2,,căn hộ,,,so do
11500.0,96.0,"Quận Cầu Giấy, Hà Nội",Quận Cầu Giấy,2,2,,nhà ở,,,so hong
4980.0,80.0,"Huyện Hoài Đức, Hà Nội",Huyện Hoài Đức,3,2,,căn hộ,,,so do
6600.0,30.0,"Quận Long Biên, Hà Nội",Quận Long Biên,3,4,,nhà ở,,,so do
11300.0,48.0,"Quận Long Biên, Hà Nội",Quận Long Biên,4,6,,nhà ở,,,so do
11800.0,50.0,"Quận Bắc Từ Liêm, Hà Nội",Quận Bắc Từ Liêm,0,0,,nhà ở,,,so do
6950.0,36.0,"Quận Long Biên, Hà Nội",Quận Long Biên,0,0,,nhà ở,,,so do
18000.0,140.0,"Quận Long Biên, Hà Nội",Quận Long Biên,0,0,,nhà ở,,,so do
8000.0,43.0,"Quận Nam Từ Liêm, Hà Nội",Quận Nam Từ Liêm,0,0,,nhà ở,,,so do
4200.0,68.0,"Quận Cầu Giấy, Hà Nội",Quận Cầu Giấy,2,2,,căn hộ,,,so do
8500.0,35.0,"Quận Thanh Xuân, Hà Nội",Quận Thanh Xuân,4,5,,nhà phố,,,so do
15900.0,65.0,"Quận Đống Đa, Hà Nội",Quận Đống Đa,4,5,,nhà ở,,,so do
8000.0,50.0,"Quận Cầu Giấy, Hà Nội",Quận Cầu Giấy,5,5,,nhà ở,,,so do
14000.0,60.0,"Quận Nam Từ Liêm, Hà Nội",Quận Nam Từ Liêm,5,5,,nhà ở,,,so do
7000.0,50.0,"Quận Tây Hồ, Hà Nội",Quận Tây Hồ,4,4,,nhà ở,,,so do
16500.0,70.0,"Quận Cầu Giấy, Hà Nội",Quận Cầu Giấy,5,5,,nhà ở,,,so do
20000.0,85.0,"Quận Hà Đông, Hà Nội",Quận Hà Đông,5,6,,nhà ở,,,so do
8000.0,45.0,"Quận Nam Từ Liêm, Hà Nội",Quận Nam Từ Liêm,4,4,,nhà ở,,,so do
8000.0,40.0,"Quận Nam Từ Liêm, Hà Nội",Quận Nam Từ Liêm,8,9,,nhà ở,,,so do
17000.0,70.0,"Quận Cầu Giấy, Hà Nội",Quận Cầu Giấy,14,15,,nhà ở,,,so do
13000.0,55.0,"Quận Nam Từ Liêm, Hà Nội",Quận Nam Từ Liêm,12,13,,căn hộ,,,so do
15000.0,55.0,"Quận Nam Từ Liêm, Hà Nội",Quận Nam Từ Liêm,15,15,,nhà ở,,,so do
18000.0,66.0,"Quận Nam Từ Liêm, Hà Nội",Quận Nam Từ Liêm,5,3,,nhà ở,,,so do
7000.0,40.0,"Quận Thanh Xuân, Hà Nội",Quận Thanh Xuân,4,4,,nhà phố,,,so do
13000.0,55.0,"Quận Cầu Giấy, Hà Nội",Quận Cầu Giấy,5,5,,nhà ở,,,so do
10500.0,55.0,"Quận Thanh Xuân, Hà Nội",Quận Thanh Xuân,4,5,,nhà phố,,,so do
12500.0,55.0,"Quận Nam Từ Liêm, Hà Nội",Quận Nam Từ Liêm,12,13,,căn hộ,,,so do
7000.0,40.0,"Quận Tây Hồ, Hà Nội",Quận Tây Hồ,4,5,,nhà ở,,,so do
21500.0,75.0,"Quận Nam Từ Liêm, Hà Nội",Quận Nam Từ Liêm,6,5,,nhà ở,,,so do
5300.0,33.0,"Quận Tây Hồ, Hà Nội",Quận Tây Hồ,3,4,,nhà ở,,,so do
6700.0,40.0,"Quận Đống Đa, Hà Nội",Quận Đống Đa,3,4,,nhà ở,,,so do
10000.0,36.0,"Quận Thanh Xuân, Hà Nội",Quận Thanh Xuân,3,4,,nhà ở,,,so do
8000.0,124.0,"Quận Nam Từ Liêm, Hà Nội",Quận Nam Từ Liêm,3,2,,căn hộ,,,so do
6500.0,70.0,"Quận Cầu Giấy, Hà Nội",Quận Cầu Giấy,2,1,,căn hộ,,,so do
11000.0,55.0,"Quận Cầu Giấy, Hà Nội",Quận Cầu Giấy,8,8,,nhà ở,,,so do
11900.0,67.0,"Quận Ba Đình, Hà Nội",Quận Ba Đình,3,4,,nhà ở,,,so do
6200.0,59.0,"Quận Thanh Xuân, Hà Nội",Quận Thanh Xuân,4,5,,nhà ở,,,so do
16900.0,64.0,"Quận Nam Từ Liêm, Hà Nội",Quận Nam Từ Liêm,15,15,,nhà ở,,,so do
17500.0,70.0,"Quận Cầu Giấy, Hà Nội",Quận Cầu Giấy,13,13,,căn hộ,,,so do
12000.0,40.0,"Quận Nam Từ Liêm, Hà Nội",Quận Nam Từ Liêm,10,10,,nhà ở,,,so do
11000.0,48.0,"Quận Ba Đình, Hà Nội",Quận Ba Đình,4,6,,nhà ở,,,so do
20000.0,75.0,"Quận Cầu Giấy, Hà Nội",Quận Cầu Giấy,6,5,,nhà ở,,,so do
6900.0,59.0,"Quận Hoàng Mai, Hà Nội",Quận Hoàng Mai,5,5,,nhà ở,,,so do
8500.0,51.0,"Quận Nam Từ Liêm, Hà Nội",Quận Nam Từ Liêm,4,5,,nhà ở,,,so do
3600.0,81.0,"Quận Nam Từ Liêm, Hà Nội",Quận Nam Từ Liêm,2,1,,căn hộ,,,so do
9900.0,54.0,"Quận Nam Từ Liêm, Hà Nội",Quận Nam Từ Liêm,4,7,,nhà ở,,,so do
10900.0,65.0,"Quận Đống Đa, Hà Nội",Quận Đống Đa,4,5,,nhà phố,,,so do
5200.0,35.0,"Quận Cầu Giấy, Hà Nội",Quận Cầu Giấy,4,5,,nhà ở,,,so do
7400.0,50.0,"Quận Nam Từ Liêm, Hà Nội",Quận Nam Từ Liêm,9,9,,nhà ở,,,so do
6200.0,102.0,"Quận Tây Hồ, Hà Nội",Quận Tây Hồ,3,2,,căn hộ,,,so do
10200.0,45.0,"Quận Cầu Giấy, Hà Nội",Quận Cầu Giấy,3,4,,nhà ở,,,so do
4800.0,45.0,"Quận Nam Từ Liêm, Hà Nội",Quận Nam Từ Liêm,4,4,,nhà ở,,,so do
24000.0,80.0,"Quận Ba Đình, Hà Nội",Quận Ba Đình,5,7,,nhà ở,,,so do
30000.0,100.0,"Quận Nam Từ Liêm, Hà Nội",Quận Nam Từ Liêm,7,7,,nhà phố,,,so do
12500.0,60.0,"Quận Cầu Giấy, Hà Nội",Quận Cầu Giấy,10,10,,nhà ở,,,so do
13000.0,55.0,"Quận Bắc Từ Liêm, Hà Nội",Quận Bắc Từ Liêm,4,6,,nhà ở,,,so do
16640.0,64.0,"Quận Nam Từ Liêm, Hà Nội",Quận Nam Từ Liêm,15,15,,căn hộ,,,so do
18000.0,66.0,"Quận Ba Đình, Hà Nội",Quận Ba Đình,15,15,,căn hộ,,,so do
9000.0,44.0,"Quận Nam Từ Liêm, Hà Nội",Quận Nam Từ Liêm,9,9,,nhà ở,,,so do
10000.0,61.0,"Quận Cầu Giấy, Hà Nội",Quận Cầu Giấy,8,9,,nhà ở,,,so do
16000.0,57.0,"Quận Cầu Giấy, Hà Nội",Quận Cầu Giấy,4,5,,nhà ở,,,so do
6700.0,103.0,"Quận Nam Từ Liêm, Hà Nội",Quận Nam Từ Liêm,3,2,,căn hộ,,,hop dong mua ban
10500.0,39.0,"Quận Hà Đông, Hà Nội",Quận Hà Đông,4,3,,nhà ở,,,so do
2100.0,50.0,"Quận Đống Đa, Hà Nội",Quận Đống Đa,2,1,,căn hộ,,,hop dong mua ban
32000.0,185.0,"Quận Tây Hồ, Hà Nội",Quận Tây Hồ,3,4,,nhà ở,,,hop dong mua ban
10000.0,65.0,"Quận Nam Từ Liêm, Hà Nội",Quận Nam Từ Liêm,4,5,,nhà ở,,,so do
5960.0,25.0,"Quận Thanh Xuân, Hà Nội",Quận Thanh Xuân,3,3,,nhà ở,,,so do
5850.0,45.0,"Quận Thanh Xuân, Hà Nội",Quận Thanh Xuân,1,1,,căn hộ,,,so hong
5980.0,46.0,"Quận Thanh Xuân, Hà Nội",Quận Thanh Xuân,1,1,,căn hộ,,,so hong
7000.0,67.0,"Quận Nam Từ Liêm, Hà Nội",Quận Nam Từ Liêm,2,2,,căn hộ,,,so hong
10800.0,50.0,"Quận Hà Đông, Hà Nội",Quận Hà Đông,0,0,,nhà ở,,,so do
3900.0,20.0,"Huyện Thanh Trì, Hà Nội",Huyện Thanh Trì,3,3,,nhà ở,,,so do
16900.0,60.0,"Quận Hoàng Mai, Hà Nội",Quận Hoàng Mai,7,7,,nhà ở,,,so hong
7900.0,37.0,"Quận Đống Đa, Hà Nội",Quận Đống Đa,4,3,,nhà ở,,,so do
4500.0,38.0,"Quận Đống Đa, Hà Nội",Quận Đống Đa,2,1,,nhà ở,,,so do
100000.0,400.0,"Quận Hoàng Mai, Hà Nội",Quận Hoàng Mai,6,6,,nhà ở,,,so hong
7960.0,30.0,"Quận Hà Đông, Hà Nội",Quận Hà Đông,3,4,,nhà ở,,,so do
6250.0,31.0,"Quận Hà Đông, Hà Nội",Quận Hà Đông,3,4,,nhà ở,,,so do
6650.0,30.0,"Quận Hà Đông, Hà Nội",Quận Hà Đông,4,5,,nhà ở,,,so do
10500.0,35.0,"Quận Hà Đông, Hà Nội",Quận Hà Đông,2,2,,nhà ở,,,so do
7800.0,40.0,"Quận Hà Đông, Hà Nội",Quận Hà Đông,4,4,,nhà ở,,,so do
8100.0,30.0,"Quận Hà Đông, Hà Nội",Quận Hà Đông,3,4,,nhà ở,,,so do
13000.0,52.0,"Quận Hà Đông, Hà Nội",Quận Hà Đông,4,3,,nhà ở,,,so do
11500.0,47.0,"Quận Hà Đông, Hà Nội",Quận Hà Đông,3,3,,nhà ở,,,so do
10900.0,40.0,"Quận Hà Đông, Hà Nội",Quận Hà Đông,4,5,,nhà ở,,,so do
7950.0,31.0,"Quận Hà Đông, Hà Nội",Quận Hà Đông,3,4,,nhà ở,,,so do
4500.0,67.0,"Quận Hà Đông, Hà Nội",Quận Hà Đông,2,2,,căn hộ,,,so do
10600.0,48.0,"Quận Hà Đông, Hà Nội",Quận Hà Đông,3,2,,nhà ở,,,so do
7960.0,34.0,"Quận Hà Đông, Hà Nội",Quận Hà Đông,3,3,,nhà ở,,,so do
7900.0,33.0,"Quận Hà Đông, Hà Nội",Quận Hà Đông,3,4,,nhà ở,,,so do
8650.0,31.0,"Quận Hà Đông, Hà Nội",Quận Hà Đông,3,4,,nhà ở,,,so do
9500.0,45.0,"Quận Tây Hồ, Hà Nội",Quận Tây Hồ,7,7,,nhà ở,,,so do
19900.0,76.0,"Quận Cầu Giấy, Hà Nội",Quận Cầu Giấy,0,0,,nhà ở,,,so hong
8200.0,40.0,"Quận Bắc Từ Liêm, Hà Nội",Quận Bắc Từ Liêm,4,2,,nhà ở,,,so hong
6900.0,35.0,"Quận Bắc Từ Liêm, Hà Nội",Quận Bắc Từ Liêm,1,1,,nhà ở,,,so do
13200.0,51.0,"Quận Bắc Từ Liêm, Hà Nội",Quận Bắc Từ Liêm,4,6,,nhà ở,,,so hong
25000.0,170.0,"Huyện Hoài Đức, Hà Nội",Huyện Hoài Đức,4,5,,nhà ở,,,so do
20900.0,95.0,"Quận Nam Từ Liêm, Hà Nội",Quận Nam Từ Liêm,1,1,,nhà phố,,,so do
4900.0,100.0,"Quận Nam Từ Liêm, Hà Nội",Quận Nam Từ Liêm,0,0,,đất nền,,,so do
6300.0,32.0,"Quận Bắc Từ Liêm, Hà Nội",Quận Bắc Từ Liêm,4,4,,nhà ở,,,so do
333.0,33.0,"Quận Cầu Giấy, Hà Nội",Quận Cầu Giấy,4,5,,nhà ở,,,so hong
12000.0,51.0,"Quận Nam Từ Liêm, Hà Nội",Quận Nam Từ Liêm,9,9,,nhà ở,,,so hong
50000.0,900.0,"Quận Cầu Giấy, Hà Nội",Quận Cầu Giấy,15,15,,nhà ở,,,so hong
9000.0,32.0,"Quận Cầu Giấy, Hà Nội",Quận Cầu Giấy,3,5,,nhà ở,,,so hong
21000.0,85.0,"Quận Tây Hồ, Hà Nội",Quận Tây Hồ,13,13,,nhà ở,,,so hong
300.0,65.0,"Quận Bắc Từ Liêm, Hà Nội",Quận Bắc Từ Liêm,6,7,,nhà ở,,,so hong
900.0,100.0,"Huyện Ba Vì, Hà Nội",Huyện Ba Vì,0,0,,đất nền,,,so do
5350.0,32.0,"Huyện Hoài Đức, Hà Nội",Huyện Hoài Đức,4,4,,nhà ở,,,so do
5500.0,32.0,"Quận Bắc Từ Liêm, Hà Nội",Quận Bắc Từ Liêm,5,5,,nhà ở,,,so do
8000.0,40.0,"Quận Bắc Từ Liêm, Hà Nội",Quận Bắc Từ Liêm,4,4,,nhà ở,,,khong xac dinh
6899.0,55.0,"Quận Bắc Từ Liêm, Hà Nội",Quận Bắc Từ Liêm,0,0,,nhà ở,,,so do
8000.0,35.0,"Quận Bắc Từ Liêm, Hà Nội",Quận Bắc Từ Liêm,3,4,,nhà ở,,,khong xac dinh
9800.0,50.0,"Quận Tây Hồ, Hà Nội",Quận Tây Hồ,5,5,,nhà ở,,,khong xac dinh
11500.0,55.0,"Quận Bắc Từ Liêm, Hà Nội",Quận Bắc Từ Liêm,6,4,,nhà ở,,,so do
14700.0,80.0,"Quận Ba Đình, Hà Nội",Quận Ba Đình,3,2,,nhà ở,,,so do
385.0,50.0,"Huyện Lạc Thuỷ, Hòa Bình",Huyện Lạc Thuỷ,0,0,,nhà ở,,,so do
3200.0,154.0,"Huyện Thủy Nguyên, Hải Phòng",Huyện Thủy Nguyên,0,0,,nhà ở,,,so hong
1650.0,74.0,"Huyện Thủy Nguyên, Hải Phòng",Huyện Thủy Nguyên,0,0,,nhà ở,,,so hong
880.0,74.0,"Huyện Thủy Nguyên, Hải Phòng",Huyện Thủy Nguyên,0,0,,nhà ở,,,so hong
7200.0,130.0,"TP. Nha Trang, Khánh Hòa",TP. Nha Trang,4,3,,nhà ở,,,so hong
2850.0,114.0,"TP. Nha Trang, Khánh Hòa",TP. Nha Trang,3,3,,nhà ở,,,so hong
1800.0,110.0,"TP. Nha Trang, Khánh Hòa",TP. Nha Trang,2,2,,nhà ở,,,so hong
4480.0,62.0,"TP. Nha Trang, Khánh Hòa",TP. Nha Trang,3,3,,nhà ở,,,so hong
2900.0,56.0,"TP. Nha Trang, Khánh Hòa",TP. Nha Trang,3,2,,nhà ở,,,so hong
3600.0,78.0,"TP. Nha Trang, Khánh Hòa",TP. Nha Trang,2,2,,nhà ở,,,so hong
3500.0,120.0,"TP. Nha Trang, Khánh Hòa",TP. Nha Trang,3,2,,nhà ở,,,so hong
5400.0,230.0,"TP. Nha Trang, Khánh Hòa",TP. Nha Trang,3,3,,nhà ở,,,so hong
4500.0,120.0,"TP. Nha Trang, Khánh Hòa",TP. Nha Trang,3,2,,nhà ở,,,so hong
6950.0,68.0,"TP. Nha Trang, Khánh Hòa",TP. Nha Trang,0,0,,nhà ở,,,so hong
8200.0,82.0,"TP. Nha Trang, Khánh Hòa",TP. Nha Trang,4,4,,nhà ở,,,so hong
4800.0,72.0,"TP. Nha Trang, Khánh Hòa",TP. Nha Trang,3,3,,nhà ở,,,so hong
3000.0,66.0,"TP. Nha Trang, Khánh Hòa",TP. Nha Trang,3,3,,nhà ở,,,so hong
2700.0,55.0,"TP. Nha Trang, Khánh Hòa",TP. Nha Trang,4,3,,nhà ở,,,so hong
3800.0,80.0,"TP. Nha Trang, Khánh Hòa",TP. Nha Trang,2,2,,nhà ở,,,so hong
4500.0,60.0,"TP. Nha Trang, Khánh Hòa",TP. Nha Trang,0,0,,nhà ở,,,so hong
4500.0,86.0,"TP. Nha Trang, Khánh Hòa",TP. Nha Trang,4,3,,nhà ở,,,so hong
6300.0,168.0,"TP. Nha Trang, Khánh Hòa",TP. Nha Trang,3,2,,biệt thự,,,so hong
3850.0,78.0,"TP. Nha Trang, Khánh Hòa",TP. Nha Trang,2,2,,nhà ở,,,so hong
5200.0,75.0,"TP. Nha Trang, Khánh Hòa",TP. Nha Trang,4,3,,nhà ở,,,so hong
5900.0,76.0,"TP. Nha Trang, Khánh Hòa",TP. Nha Trang,3,3,,nhà ở,,,so hong
4300.0,86.0,"TP. Nha Trang, Khánh Hòa",TP. Nha Trang,3,3,,nhà ở,,,so hong
2600.0,72.0,"TP. Nha Trang, Khánh Hòa",TP. Nha Trang,3,3,,nhà ở,,,so hong
3000.0,68.0,"TP. Nha Trang, Khánh Hòa",TP. Nha Trang,3,2,,nhà ở,,,so hong
12800.0,100.0,"TP. Nha Trang, Khánh Hòa",TP. Nha Trang,4,5,,nhà ở,,,so hong
1750.0,96.0,"TP. Nha Trang, Khánh Hòa",TP. Nha Trang,2,2,,nhà ở,,,so hong
5200.0,100.0,"TP. Nha Trang, Khánh Hòa",TP. Nha Trang,0,0,,nhà ở,,,so hong
4700.0,110.0,"TP. Nha Trang, Khánh Hòa",TP. Nha Trang,3,2,,nhà ở,,,so hong
3200.0,62.0,"TP. Nha Trang, Khánh Hòa",TP. Nha Trang,3,2,,nhà ở,,,so hong
7500.0,130.0,"TP. Nha Trang, Khánh Hòa",TP. Nha Trang,3,3,,nhà ở,,,so hong
7400.0,100.0,"TP. Nha Trang, Khánh Hòa",TP. Nha Trang,4,3,,nhà ở,,,so hong
4800.0,54.0,"TP. Nha Trang, Khánh Hòa",TP. Nha Trang,3,3,,nhà ở,,,so hong
7500.0,94.0,"TP. Nha Trang, Khánh Hòa",TP. Nha Trang,4,3,,nhà ở,,,so hong
3500.0,80.0,"TP. Nha Trang, Khánh Hòa",TP. Nha Trang,5,4,,nhà ở,,,so hong
3330.0,64.0,"TP. Nha Trang, Khánh Hòa",TP. Nha Trang,2,2,,nhà ở,,,so hong
5400.0,58.0,"TP. Nha Trang, Khánh Hòa",TP. Nha Trang,4,4,,nhà ở,,,so hong
5100.0,70.0,"TP. Nha Trang, Khánh Hòa",TP. Nha Trang,3,3,,nhà ở,,,so hong
1510.0,100.0,"TP. Nha Trang, Khánh Hòa",TP. Nha Trang,0,0,,đất nền,,,so hong
6200.0,64.0,"TP. Nha Trang, Khánh Hòa",TP. Nha Trang,3,3,,nhà ở,,,so hong
5800.0,80.0,"TP. Nha Trang, Khánh Hòa",TP. Nha Trang,3,3,,nhà ở,,,so hong
1700.0,94.0,"TP. Nha Trang, Khánh Hòa",TP. Nha Trang,2,1,,nhà ở,,,so hong
1820.0,114.0,"TP. Nha Trang, Khánh Hòa",TP. Nha Trang,2,2,,nhà ở,,,so hong
1550.0,80.0,"TP. Nha Trang, Khánh Hòa",TP. Nha Trang,0,0,,đất nền,,,so hong
1850.0,100.0,"TP. Nha Trang, Khánh Hòa",TP. Nha Trang,2,2,,nhà ở,,,so hong
4700.0,70.0,"TP. Nha Trang, Khánh Hòa",TP. Nha Trang,3,3,,nhà ở,,,so hong
8100.0,80.0,"TP. Nha Trang, Khánh Hòa",TP. Nha Trang,3,4,,nhà ở,,,so hong
5500.0,220.0,"TP. Nha Trang, Khánh Hòa",TP. Nha Trang,4,3,,nhà ở,,,so hong
1700.0,110.0,"TP. Nha Trang, Khánh Hòa",TP. Nha Trang,2,2,,nhà ở,,,so hong
4100.0,64.0,"TP. Nha Trang, Khánh Hòa",TP. Nha Trang,3,3,,nhà ở,,,so hong
7300.0,80.0,"TP. Nha Trang, Khánh Hòa",TP. Nha Trang,4,3,,nhà ở,,,so hong
4500.0,70.0,"TP. Nha Trang, Khánh Hòa",TP. Nha Trang,3,3,,nhà ở,,,so hong
6300.0,78.0,"TP. Nha Trang, Khánh Hòa",TP. Nha Trang,4,3,,nhà ở,,,so hong
4000.0,46.0,"TP. Nha Trang, Khánh Hòa",TP. Nha Trang,3,3,,nhà ở,,,so hong
5500.0,62.0,"TP. Nha Trang, Khánh Hòa",TP. Nha Trang,3,4,,nhà ở,,,so hong
4100.0,82.0,"TP. Nha Trang, Khánh Hòa",TP. Nha Trang,2,2,,nhà ở,,,so hong
3250.0,68.0,"TP. Nha Trang, Khánh Hòa",TP. Nha Trang,3,2,,nhà ở,,,so hong
4880.0,75.0,"TP. Nha Trang, Khánh Hòa",TP. Nha Trang,3,2,,nhà ở,,,so hong
5300.0,82.0,"TP. Nha Trang, Khánh Hòa",TP. Nha Trang,5,4,,nhà ở,,,so hong
4750.0,56.0,"TP. Nha Trang, Khánh Hòa",TP. Nha Trang,3,2,,nhà ở,,,so hong
2750.0,56.0,"TP. Nha Trang, Khánh Hòa",TP. Nha Trang,3,2,,nhà ở,,,so hong
2600.0,77.0,"TP. Nha Trang, Khánh Hòa",TP. Nha Trang,3,3,,nhà ở,,,so hong
3500.0,56.0,"TP. Nha Trang, Khánh Hòa",TP. Nha Trang,2,2,,nhà ở,,,so hong
3400.0,64.0,"TP. Nha Trang, Khánh Hòa",TP. Nha Trang,3,3,,nhà ở,,,so hong
11800.0,250.0,"TP. Nha Trang, Khánh Hòa",TP. Nha Trang,4,3,,biệt thự,,,so hong
3800.0,110.0,"TP. Nha Trang, Khánh Hòa",TP. Nha Trang,2,2,,nhà ở,,,so hong
4400.0,60.0,"TP. Nha Trang, Khánh Hòa",TP. Nha Trang,3,3,,nhà ở,,,so hong
4900.0,110.0,"TP. Nha Trang, Khánh Hòa",TP. Nha Trang,2,2,,nhà ở,,,so hong
5850.0,79.0,"TP. Nha Trang, Khánh Hòa",TP. Nha Trang,3,4,,nhà ở,,,so hong
3300.0,54.0,"TP. Nha Trang, Khánh Hòa",TP. Nha Trang,3,3,,nhà ở,,,so hong
4000.0,66.0,"TP. Nha Trang, Khánh Hòa",TP. Nha Trang,3,2,,nhà ở,,,so hong
8300.0,110.0,"TP. Nha Trang, Khánh Hòa",TP. Nha Trang,4,4,,nhà ở,,,so hong
3300.0,80.0,"TP. Nha Trang, Khánh Hòa",TP. Nha Trang,3,2,,nhà ở,,,so hong
7600.0,92.0,"TP. Nha Trang, Khánh Hòa",TP. Nha Trang,3,3,,nhà ở,,,so hong
3100.0,110.0,"TP. Nha Trang, Khánh Hòa",TP. Nha Trang,0,0,,nhà ở,,,so hong
6500.0,50.0,"TP. Nha Trang, Khánh Hòa",TP. Nha Trang,3,3,,nhà ở,,,so hong
2800.0,80.0,"TP. Nha Trang, Khánh Hòa",TP. Nha Trang,3,2,,nhà ở,,,so hong
3600.0,68.0,"TP. Nha Trang, Khánh Hòa",TP. Nha Trang,3,2,,nhà ở,,,so hong
5500.0,74.0,"TP. Nha Trang, Khánh Hòa",TP. Nha Trang,2,2,,nhà ở,,,so hong
3500.0,44.0,"TP. Nha Trang, Khánh Hòa",TP. Nha Trang,2,2,,nhà ở,,,so hong
2100.0,46.0,"TP. Nha Trang, Khánh Hòa",TP. Nha Trang,2,2,,nhà ở,,,so hong
2900.0,72.0,"TP. Nha Trang, Khánh Hòa",TP. Nha Trang,2,2,,nhà ở,,,so hong
3650.0,124.0,"TP. Nha Trang, Khánh Hòa",TP. Nha Trang,3,3,,nhà ở,,,so hong
2250.0,64.0,"TP. Nha Trang, Khánh Hòa",TP. Nha Trang,2,0,,nhà ở,,,so do
2290.0,64.0,"TP. Nha Trang, Khánh Hòa",TP. Nha Trang,2,1,,nhà ở,,,so do
8800.0,110.0,"Huyện Đức Hoà, Long An",Huyện Đức Hoà,5,5,,nhà ở,,,so hong
1900.0,90.0,"Huyện Cần Giuộc, Long An",Huyện Cần Giuộc,0,0,,đất nền,,,so do
1800.0,90.0,"Huyện Cần Giuộc, Long An",Huyện Cần Giuộc,0,0,,nhà ở,,,so do
1790.0,80.0,"Huyện Cần Giuộc, Long An",Huyện Cần Giuộc,0,0,,đất nền,,,so do
1750.0,80.0,"Huyện Cần Giuộc, Long An",Huyện Cần Giuộc,0,0,,đất nền,,,so do
5000.0,100.0,"Huyện Cần Giuộc, Long An",Huyện Cần Giuộc,4,3,,nhà phố,,,hop dong mua ban
4600.0,90.0,"Huyện Cần Giuộc, Long An",Huyện Cần Giuộc,4,3,,nhà phố,,,hop dong mua ban
6800.0,100.0,"Huyện Cần Giuộc, Long An",Huyện Cần Giuộc,4,3,,nhà ở,,,hop dong mua ban
5500.0,100.0,"Huyện Cần Giuộc, Long An",Huyện Cần Giuộc,4,3,,nhà phố,,,hop dong mua ban
7000.0,108.0,"Huyện Cần Giuộc, Long An",Huyện Cần Giuộc,4,3,,nhà ở,,,hop dong mua ban
7800.0,120.0,"Huyện Cần Giuộc, Long An",Huyện Cần Giuộc,4,3,,nhà ở,,,hop dong mua ban
5800.0,108.0,"Huyện Cần Giuộc, Long An",Huyện Cần Giuộc,4,3,,nhà phố,,,hop dong mua ban
6800.0,120.0,"Huyện Cần Giuộc, Long An",Huyện Cần Giuộc,4,3,,nhà ở,,,hop dong mua ban
6500.0,120.0,"Huyện Cần Giuộc, Long An",Huyện Cần Giuộc,4,3,,nhà phố,,,hop dong mua ban
5200.0,100.0,"Huyện Cần Giuộc, Long An",Huyện Cần Giuộc,4,3,,nhà phố,,,hop dong mua ban
5800.0,120.0,"Huyện Cần Giuộc, Long An",Huyện Cần Giuộc,4,3,,nhà phố,,,hop dong mua ban
6900.0,90.0,"Huyện Cần Giuộc, Long An",Huyện Cần Giuộc,4,3,,nhà ở,,,hop dong mua ban
7000.0,154.0,"Huyện Cần Giuộc, Long An",Huyện Cần Giuộc,4,4,,nhà ở,,,hop dong mua ban
5500.0,108.0,"Huyện Cần Giuộc, Long An",Huyện Cần Giuộc,4,3,,nhà phố,,,hop dong mua ban
6900.0,120.0,"Huyện Cần Giuộc, Long An",Huyện Cần Giuộc,4,3,,nhà ở,,,hop dong mua ban
6200.0,90.0,"Huyện Cần Giuộc, Long An",Huyện Cần Giuộc,4,3,,nhà ở,,,hop dong mua ban
6700.0,90.0,"Huyện Cần Giuộc, Long An",Huyện Cần Giuộc,4,3,,nhà ở,,,hop dong mua ban
13000.0,270.0,"Huyện Cần Giuộc, Long An",Huyện Cần Giuộc,5,4,,biệt thự,,,hop dong mua ban
6000.0,120.0,"Huyện Cần Giuộc, Long An",Huyện Cần Giuộc,4,3,,nhà phố,,,hop dong mua ban
7000.0,120.0,"Huyện Cần Giuộc, Long An",Huyện Cần Giuộc,4,3,,nhà ở,,,hop dong mua ban
6400.0,120.0,"Huyện Cần Giuộc, Long An",Huyện Cần Giuộc,4,3,,nhà phố,,,hop dong mua ban
12500.0,270.0,"Huyện Cần Giuộc, Long An",Huyện Cần Giuộc,5,4,,biệt thự,,,hop dong mua ban
6000.0,100.0,"Huyện Cần Giuộc, Long An",Huyện Cần Giuộc,4,3,,nhà phố,,,hop dong mua ban
7200.0,100.0,"Huyện Cần Giuộc, Long An",Huyện Cần Giuộc,4,3,,nhà ở,,,hop dong mua ban
5000.0,90.0,"Huyện Cần Giuộc, Long An",Huyện Cần Giuộc,4,3,,nhà ở,,,hop dong mua ban
7700.0,120.0,"Huyện Cần Giuộc, Long An",Huyện Cần Giuộc,4,3,,nhà ở,,,hop dong mua ban
14000.0,270.0,"Huyện Cần Giuộc, Long An",Huyện Cần Giuộc,5,5,,biệt thự,,,hop dong mua ban
16000.0,300.0,"Huyện Cần Giuộc, Long An",Huyện Cần Giuộc,5,5,,biệt thự,,,hop dong mua ban
15000.0,270.0,"Huyện Cần Giuộc, Long An",Huyện Cần Giuộc,5,4,,biệt thự,,,hop dong mua ban
4700.0,90.0,"Huyện Cần Giuộc, Long An",Huyện Cần Giuộc,4,3,,nhà phố,,,hop dong mua ban
6500.0,108.0,"Huyện Cần Giuộc, Long An",Huyện Cần Giuộc,4,3,,nhà ở,,,hop dong mua ban
6900.0,100.0,"Huyện Cần Giuộc, Long An",Huyện Cần Giuộc,4,3,,nhà ở,,,hop dong mua ban
12000.0,270.0,"Huyện Cần Giuộc, Long An",Huyện Cần Giuộc,5,4,,biệt thự,,,hop dong mua ban
7500.0,120.0,"Huyện Cần Giuộc, Long An",Huyện Cần Giuộc,4,3,,nhà ở,,,hop dong mua ban
6200.0,120.0,"Huyện Cần Giuộc, Long An",Huyện Cần Giuộc,4,3,,nhà phố,,,hop dong mua ban
7400.0,120.0,"Huyện Cần Giuộc, Long An",Huyện Cần Giuộc,4,3,,nhà phố,,,hop dong mua ban
4800.0,90.0,"Huyện Cần Giuộc, Long An",Huyện Cần Giuộc,5,4,,nhà phố,,,hop dong mua ban
7800.0,140.0,"Huyện Cần Giuộc, Long An",Huyện Cần Giuộc,4,3,,nhà ở,,,hop dong mua ban
14800.0,200.0,"Huyện Cần Giuộc, Long An",Huyện Cần Giuộc,5,4,,biệt thự,,,hop dong mua ban
6800.0,90.0,"Huyện Cần Giuộc, Long An",Huyện Cần Giuộc,4,3,,nhà ở,,,hop dong mua ban
16000.0,270.0,"Huyện Cần Giuộc, Long An",Huyện Cần Giuộc,5,4,,biệt thự,,,hop dong mua ban
4500.0,90.0,"Huyện Cần Giuộc, Long An",Huyện Cần Giuộc,4,3,,nhà phố,,,hop dong mua ban
5400.0,120.0,"Huyện Cần Giuộc, Long An",Huyện Cần Giuộc,4,3,,nhà phố,,,hop dong mua ban
5000.0,108.0,"Huyện Cần Giuộc, Long An",Huyện Cần Giuộc,4,3,,nhà phố,,,hop dong mua ban
6200.0,108.0,"Huyện Cần Giuộc, Long An",Huyện Cần Giuộc,4,3,,nhà phố,,,hop dong mua ban
6500.0,200.0,"Huyện Cần Giuộc, Long An",Huyện Cần Giuộc,4,4,,nhà ở,,,hop dong mua ban
15500.0,270.0,"Huyện Cần Giuộc, Long An",Huyện Cần Giuộc,5,4,,biệt thự,,,hop dong mua ban
6400.0,108.0,"Huyện Cần Giuộc, Long An",Huyện Cần Giuộc,4,4,,nhà ở,,,hop dong mua ban
12000.0,200.0,"Huyện Cần Giuộc, Long An",Huyện Cần Giuộc,5,4,,biệt thự,,,hop dong mua ban
14000.0,200.0,"Huyện Cần Giuộc, Long An",Huyện Cần Giuộc,4,4,,biệt thự,,,hop dong mua ban
6300.0,120.0,"Huyện Cần Giuộc, Long An",Huyện Cần Giuộc,4,3,,nhà ở,,,hop dong mua ban
8500.0,160.0,"Huyện Cần Giuộc, Long An",Huyện Cần Giuộc,4,3,,nhà ở,,,hop dong mua ban
6600.0,108.0,"Huyện Cần Giuộc, Long An",Huyện Cần Giuộc,4,3,,nhà phố,,,hop dong mua ban
7500.0,140.0,"Huyện Cần Giuộc, Long An",Huyện Cần Giuộc,4,3,,nhà ở,,,hop dong mua ban
16200.0,300.0,"Huyện Cần Giuộc, Long An",Huyện Cần Giuộc,5,4,,biệt thự,,,hop dong mua ban
14500.0,200.0,"Huyện Cần Giuộc, Long An",Huyện Cần Giuộc,5,4,,biệt thự,,,hop dong mua ban
5600.0,100.0,"Huyện Cần Giuộc, Long An",Huyện Cần Giuộc,4,3,,nhà phố,,,hop dong mua ban
14600.0,270.0,"Huyện Cần Giuộc, Long An",Huyện Cần Giuộc,5,4,,biệt thự,,,hop dong mua ban
3000.0,80.0,"Huyện Cần Giuộc, Long An",Huyện Cần Giuộc,0,0,,đất nền,,,so do
1280.0,40.0,"Huyện Bến Lức, Long An",Huyện Bến Lức,1,1,,nhà ở,,,hop dong mua ban
6700.0,108.0,"Huyện Cần Giuộc, Long An",Huyện Cần Giuộc,4,3,,nhà phố,,,hop dong mua ban
5300.0,108.0,"Huyện Cần Giuộc, Long An",Huyện Cần Giuộc,4,3,,nhà phố,,,hop dong mua ban
540.0,80.0,"Huyện Cần Giuộc, Long An",Huyện Cần Giuộc,0,0,,đất nền,,,so hong
4500.0,125.0,"Huyện Đức Hoà, Long An",Huyện Đức Hoà,11,11,,nhà ở,,,so hong
9000.0,132.0,"TP. Đà Lạt, Lâm Đồng",TP. Đà Lạt,0,0,,nhà ở,,,so hong
4400.0,69.0,"TP. Đà Lạt, Lâm Đồng",TP. Đà Lạt,0,0,,nhà phố,,,khong xac dinh
6500.0,56.0,"TP. Bảo Lộc, Lâm Đồng",TP. Bảo Lộc,5,5,,nhà ở,,,so hong
3800.0,188.0,"Huyện Lạc Dương, Lâm Đồng",Huyện Lạc Dương,0,0,,biệt thự,,,so hong
52000.0,964.0,"TP. Đà Lạt, Lâm Đồng",TP. Đà Lạt,0,0,,nhà ở,,,so hong
4700.0,376.0,"Huyện Lạc Dương, Lâm Đồng",Huyện Lạc Dương,0,0,,biệt thự,,,so hong
15000.0,255.0,"TP. Đà Lạt, Lâm Đồng",TP. Đà Lạt,0,0,,đất nền,,,so hong
14200.0,97.0,"TP. Đà Lạt, Lâm Đồng",TP. Đà Lạt,5,6,,nhà ở,,,so hong
7000.0,201.0,"TP. Đà Lạt, Lâm Đồng",TP. Đà Lạt,0,0,,biệt thự,,,so hong
9300.0,65.0,"TP. Đà Lạt, Lâm Đồng",TP. Đà Lạt,5,6,,nhà ở,,,so hong
12500.0,72.0,"TP. Đà Lạt, Lâm Đồng",TP. Đà Lạt,5,6,,nhà ở,,,so hong
14200.0,100.0,"TP. Đà Lạt, Lâm Đồng",TP. Đà Lạt,6,6,,nhà ở,,,so hong
20000.0,200.0,"TP. Đà Lạt, Lâm Đồng",TP. Đà Lạt,5,6,,biệt thự,,,so hong
16000.0,400.0,"TP. Đà Lạt, Lâm Đồng",TP. Đà Lạt,3,3,,nhà ở,,,so hong
10400.0,310.0,"TP. Đà Lạt, Lâm Đồng",TP. Đà Lạt,0,0,,biệt thự,,,so hong
6900.0,237.0,"TP. Đà Lạt, Lâm Đồng",TP. Đà Lạt,0,0,,biệt thự,,,so hong
7500.0,200.0,"TP. Đà Lạt, Lâm Đồng",TP. Đà Lạt,0,0,,biệt thự,,,so hong
30000.0,506.0,"TP. Đà Lạt, Lâm Đồng",TP. Đà Lạt,5,6,,biệt thự,,,so hong
6600.0,215.0,"TP. Đà Lạt, Lâm Đồng",TP. Đà Lạt,0,0,,nhà ở,,,so hong
16000.0,329.0,"TP. Đà Lạt, Lâm Đồng",TP. Đà Lạt,0,0,,nhà ở,,,so hong
4200.0,105.0,"Huyện Lạc Dương, Lâm Đồng",Huyện Lạc Dương,0,0,,biệt thự,,,so hong
6600.0,100.0,"TP. Đà Lạt, Lâm Đồng",TP. Đà Lạt,0,0,,nhà ở,,,so hong
3300.0,185.0,"Huyện Lạc Dương, Lâm Đồng",Huyện Lạc Dương,0,0,,biệt thự,,,so hong
6500.0,201.0,"TP. Đà Lạt, Lâm Đồng",TP. Đà Lạt,0,0,,biệt thự,,,so hong
4000.0,222.0,"TP. Đà Lạt, Lâm Đồng",TP. Đà Lạt,0,0,,biệt thự,,,so hong
11500.0,65.0,"TP. Đà Lạt, Lâm Đồng",TP. Đà Lạt,7,7,,nhà ở,,,so hong
8700.0,201.0,"TP. Đà Lạt, Lâm Đồng",TP. Đà Lạt,0,0,,biệt thự,,,so hong
6500.0,82.0,"TP. Đà Lạt, Lâm Đồng",TP. Đà Lạt,0,0,,nhà ở,,,so hong
11000.0,63.0,"TP. Đà Lạt, Lâm Đồng",TP. Đà Lạt,8,9,,nhà ở,,,so hong
5400.0,236.0,"TP. Đà Lạt, Lâm Đồng",TP. Đà Lạt,0,0,,biệt thự,,,so hong
4000.0,200.0,"TP. Đà Lạt, Lâm Đồng",TP. Đà Lạt,0,0,,biệt thự,,,so hong
2200.0,511.0,"Huyện Đức Trọng, Lâm Đồng",Huyện Đức Trọng,0,0,,nhà ở,,,so hong
7800.0,313.0,"TP. Đà Lạt, Lâm Đồng",TP. Đà Lạt,0,0,,biệt thự,,,so hong
7500.0,250.0,"TP. Đà Lạt, Lâm Đồng",TP. Đà Lạt,0,0,,biệt thự,,,so hong
20500.0,341.0,"TP. Đà Lạt, Lâm Đồng",TP. Đà Lạt,5,6,,biệt thự,,,so hong
7500.0,269.0,"TP. Đà Lạt, Lâm Đồng",TP. Đà Lạt,0,0,,nhà ở,,,so hong
5000.0,253.0,"Huyện Đức Trọng, Lâm Đồng",Huyện Đức Trọng,0,0,,biệt thự,,,so hong
4500.0,324.0,"TP. Bảo Lộc, Lâm Đồng",TP. Bảo Lộc,0,0,,biệt thự,,,so hong
7500.0,219.0,"TP. Đà Lạt, Lâm Đồng",TP. Đà Lạt,0,0,,nhà ở,,,so hong
7400.0,200.0,"TP. Đà Lạt, Lâm Đồng",TP. Đà Lạt,0,0,,biệt thự,,,so hong
9500.0,260.0,"TP. Đà Lạt, Lâm Đồng",TP. Đà Lạt,0,0,,nhà ở,,,so hong
14000.0,281.0,"TP. Đà Lạt, Lâm Đồng",TP. Đà Lạt,6,6,,biệt thự,,,so hong
11500.0,200.0,"TP. Đà Lạt, Lâm Đồng",TP. Đà Lạt,0,0,,biệt thự,,,so hong
10000.0,260.0,"TP. Đà Lạt, Lâm Đồng",TP. Đà Lạt,0,0,,biệt thự,,,so hong
4800.0,200.0,"Huyện Lạc Dương, Lâm Đồng",Huyện Lạc Dương,0,0,,biệt thự,,,so hong
5500.0,252.0,"Huyện Lạc Dương, Lâm Đồng",Huyện Lạc Dương,0,0,,biệt thự,,,so hong
4500.0,513.0,"TP. Đà Lạt, Lâm Đồng",TP. Đà Lạt,0,0,,nhà ở,,,so hong
7500.0,80.0,"TP. Đà Lạt, Lâm Đồng",TP. Đà Lạt,0,0,,đất nền,,,so hong
8200.0,118.0,"TP. Đà Lạt, Lâm Đồng",TP. Đà Lạt,5,5,,biệt thự,,,so hong
17800.0,500.0,"TP. Đà Lạt, Lâm Đồng",TP. Đà Lạt,0,0,,đất nền,,,so hong
4900.0,200.0,"TP. Đà Lạt, Lâm Đồng",TP. Đà Lạt,0,0,,biệt thự,,,so hong
3800.0,236.0,"TP. Đà Lạt, Lâm Đồng",TP. Đà Lạt,0,0,,biệt thự,,,khong xac dinh
5000.0,208.0,"Huyện Lạc Dương, Lâm Đồng",Huyện Lạc Dương,0,0,,biệt thự,,,so hong
9900.0,119.0,"TP. Đà Lạt, Lâm Đồng",TP. Đà Lạt,0,0,,đất nền,,,so hong
7400.0,204.0,"TP. Đà Lạt, Lâm Đồng",TP. Đà Lạt,0,0,,biệt thự,,,so hong
11800.0,234.0,"TP. Đà Lạt, Lâm Đồng",TP. Đà Lạt,0,0,,biệt thự,,,so hong
10900.0,300.0,"TP. Đà Lạt, Lâm Đồng",TP. Đà Lạt,0,0,,biệt thự,,,so hong
6200.0,103.0,"TP. Đà Lạt, Lâm Đồng",TP. Đà Lạt,0,0,,nhà ở,,,so hong
5500.0,200.0,"TP. Đà Lạt, Lâm Đồng",TP. Đà Lạt,0,0,,biệt thự,,,so hong
27000.0,525.0,"TP. Đà Lạt, Lâm Đồng",TP. Đà Lạt,0,0,,biệt thự,,,so hong
8700.0,102.0,"TP. Đà Lạt, Lâm Đồng",TP. Đà Lạt,0,0,,đất nền,,,so hong
24000.0,276.0,"TP. Đà Lạt, Lâm Đồng",TP. Đà Lạt,0,0,,biệt thự,,,so hong
10500.0,250.0,"TP. Đà Lạt, Lâm Đồng",TP. Đà Lạt,4,3,,biệt thự,,,so hong
5700.0,220.0,"TP. Đà Lạt, Lâm Đồng",TP. Đà Lạt,0,0,,biệt thự,,,so hong
7600.0,250.0,"TP. Đà Lạt, Lâm Đồng",TP. Đà Lạt,0,0,,biệt thự,,,so hong
8900.0,103.0,"TP. Đà Lạt, Lâm Đồng",TP. Đà Lạt,0,0,,nhà ở,,,so hong
12000.0,244.0,"TP. Đà Lạt, Lâm Đồng",TP. Đà Lạt,3,3,,nhà ở,,,so hong
14900.0,201.0,"TP. Đà Lạt, Lâm Đồng",TP. Đà Lạt,4,5,,biệt thự,,,so hong
15000.0,250.0,"TP. Đà Lạt, Lâm Đồng",TP. Đà Lạt,4,5,,biệt thự,,,so hong
24500.0,170.0,"TP. Đà Lạt, Lâm Đồng",TP. Đà Lạt,0,0,,đất nền,,,so hong
13900.0,203.0,"TP. Đà Lạt, Lâm Đồng",TP. Đà Lạt,6,6,,biệt thự,,,so hong
7000.0,100.0,"TP. Đà Lạt, Lâm Đồng",TP. Đà Lạt,0,0,,đất nền,,,so hong
25000.0,202.0,"TP. Đà Lạt, Lâm Đồng",TP. Đà Lạt,5,6,,biệt thự,,,so hong
4500.0,219.0,"TP. Đà Lạt, Lâm Đồng",TP. Đà Lạt,0,0,,nhà ở,,,so hong
10500.0,558.0,"TP. Đà Lạt, Lâm Đồng",TP. Đà Lạt,0,0,,nhà ở,,,so hong
20000.0,288.0,"TP. Đà Lạt, Lâm Đồng",TP. Đà Lạt,4,5,,biệt thự,,,so hong
4900.0,76.0,"TP. Đà Lạt, Lâm Đồng",TP. Đà Lạt,4,5,,nhà ở,,,so hong
9200.0,88.0,"TP. Đà Lạt, Lâm Đồng",TP. Đà Lạt,0,0,,nhà ở,,,so hong
10000.0,75.0,"TP. Đà Lạt, Lâm Đồng",TP. Đà Lạt,4,4,,nhà phố,,,so hong
25000.0,498.0,"TP. Đà Lạt, Lâm Đồng",TP. Đà Lạt,0,0,,biệt thự,,,so hong
12000.0,90.0,"TP. Đà Lạt, Lâm Đồng",TP. Đà Lạt,0,0,,nhà ở,,,so hong
7600.0,252.0,"TP. Đà Lạt, Lâm Đồng",TP. Đà Lạt,0,0,,biệt thự,,,so hong
6000.0,128.0,"TP. Đà Lạt, Lâm Đồng",TP. Đà Lạt,0,0,,đất nền,,,so hong
11500.0,90.0,"TP. Đà Lạt, Lâm Đồng",TP. Đà Lạt,0,0,,đất nền,,,so hong
8700.0,267.0,"TP. Đà Lạt, Lâm Đồng",TP. Đà Lạt,0,0,,đất nền,,,so hong
6200.0,200.0,"TP. Đà Lạt, Lâm Đồng",TP. Đà Lạt,0,0,,biệt thự,,,so hong
3800.0,109.0,"TP. Đà Lạt, Lâm Đồng",TP. Đà Lạt,0,0,,nhà ở,,,so hong
5700.0,1081.0,"TP. Đà Lạt, Lâm Đồng",TP. Đà Lạt,0,0,,nhà ở,,,so hong
7000.0,200.0,"TP. Đà Lạt, Lâm Đồng",TP. Đà Lạt,0,0,,biệt thự,,,so hong
3700.0,547.0,"Huyện Lâm Hà, Lâm Đồng",Huyện Lâm Hà,3,2,,nhà ở,,,so hong
790.0,239.0,"Huyện Lâm Hà, Lâm Đồng",Huyện Lâm Hà,0,0,,biệt thự,,,so hong
1150.0,300.0,"Huyện Lâm Hà, Lâm Đồng",Huyện Lâm Hà,0,0,,nhà ở,,,so hong
12108.0,247.0,"Huyện Tuy An, Phú Yên",Huyện Tuy An,0,0,,nhà ở,,,so do
52000.0,262.0,"Quận 1, TP. Hồ Chí Minh",Quận 1,4,5,,nhà ở,,,so hong
16000.0,112.0,"Quận 7, TP. Hồ Chí Minh",Quận 7,2,1,,nhà ở,,,so hong
75000.0,320.0,"Quận 1, TP. Hồ Chí Minh",Quận 1,2,1,,biệt thự,,,so hong
69900.0,267.0,"Quận Tân Bình, TP. Hồ Chí Minh",Quận Tân Bình,2,2,,nhà ở,,,giay to hop le
18000.0,200.0,"Huyện Nhà Bè, TP. Hồ Chí Minh",Huyện Nhà Bè,0,0,,nhà ở,,,so hong
11000.0,117.0,"Quận 4, TP. Hồ Chí Minh",Quận 4,3,2,,căn hộ,,,hop dong mua ban
6650.0,125.0,"Quận Bình Tân, TP. Hồ Chí Minh",Quận Bình Tân,2,1,,nhà ở,,,so hong
80000.0,619.0,"Quận Bình Thạnh, TP. Hồ Chí Minh",Quận Bình Thạnh,8,8,,nhà ở,,,so hong
31000.0,240.0,"Quận Tân Bình, TP. Hồ Chí Minh",Quận Tân Bình,4,4,,nhà ở,,,giay to hop le
9500.0,139.0,"Quận 4, TP. Hồ Chí Minh",Quận 4,4,2,,căn hộ,,,hop dong mua ban
80000.0,300.0,"Quận Tân Bình, TP. Hồ Chí Minh",Quận Tân Bình,2,2,,nhà ở,,,so hong
19500.0,76.0,"Quận 1, TP. Hồ Chí Minh",Quận 1,7,7,,nhà ở,,,giay to hop le
18900.0,90.0,"Quận Bình Thạnh, TP. Hồ Chí Minh",Quận Bình Thạnh,8,8,,nhà ở,,,giay to hop le
63000.0,340.0,"Quận Bình Thạnh, TP. Hồ Chí Minh",Quận Bình Thạnh,4,4,,nhà ở,,,so hong
7500.0,80.0,"Quận 4, TP. Hồ Chí Minh",Quận 4,2,2,,căn hộ,,,hop dong mua ban
26000.0,110.0,"Quận 10, TP. Hồ Chí Minh",Quận 10,6,6,,nhà ở,,,giay to hop le
24500.0,120.0,"Quận 10, TP. Hồ Chí Minh",Quận 10,5,5,,nhà ở,,,so hong
4200.0,49.0,"Quận 4, TP. Hồ Chí Minh",Quận 4,1,1,,căn hộ,,,hop dong mua ban
99000.0,765.0,"Quận 1, TP. Hồ Chí Minh",Quận 1,7,6,,nhà phố,,,so hong
24000.0,92.0,"Quận 10, TP. Hồ Chí Minh",Quận 10,3,2,,nhà ở,,,giay to hop le
7000.0,81.0,"Quận Bình Tân, TP. Hồ Chí Minh",Quận Bình Tân,3,2,,nhà ở,,,so hong
7200.0,170.0,"Quận 4, TP. Hồ Chí Minh",Quận 4,3,3,,căn hộ,,,so do
24000.0,86.0,"Quận Bình Thạnh, TP. Hồ Chí Minh",Quận Bình Thạnh,2,1,,nhà ở,,,giay to hop le
3800.0,57.0,"Quận 4, TP. Hồ Chí Minh",Quận 4,1,1,,căn hộ,,,so do
45000.0,188.0,"Quận Bình Thạnh, TP. Hồ Chí Minh",Quận Bình Thạnh,3,3,,nhà ở,,,giay to hop le
4500.0,46.0,"Quận Bình Tân, TP. Hồ Chí Minh",Quận Bình Tân,2,3,,nhà ở,,,so hong
5800.0,100.0,"Quận 4, TP. Hồ Chí Minh",Quận 4,3,2,,căn hộ,,,so do
5100.0,56.0,"Quận 7, TP. Hồ Chí Minh",Quận 7,1,1,,căn hộ,,,so hong
5150.0,58.0,"Quận Bình Tân, TP. Hồ Chí Minh",Quận Bình Tân,3,2,,nhà ở,,,so hong
4500.0,60.0,"Quận 4, TP. Hồ Chí Minh",Quận 4,2,1,,căn hộ,,,hop dong mua ban
24900.0,131.0,"Quận 3, TP. Hồ Chí Minh",Quận 3,5,5,,nhà ở,,,giay to hop le
15000.0,50.0,"Quận 6, TP. Hồ Chí Minh",Quận 6,4,4,,nhà ở,,,so hong
2700.0,48.0,"Quận Phú Nhuận, TP. Hồ Chí Minh",Quận Phú Nhuận,2,2,,nhà ở,,,so hong
6500.0,83.0,"Quận 4, TP. Hồ Chí Minh",Quận 4,3,2,,căn hộ,,,hop dong mua ban
2380.0,52.0,"Quận Phú Nhuận, TP. Hồ Chí Minh",Quận Phú Nhuận,3,2,,nhà ở,,,so hong
400.0,98.0,"Huyện Bình Chánh, TP. Hồ Chí Minh",Huyện Bình Chánh,0,0,,nhà ở,,,so hong
5500.0,75.0,"Quận 4, TP. Hồ Chí Minh",Quận 4,2,2,,căn hộ,,,so hong
3640.0,89.0,"Quận 2 (TP. Thủ Đức), TP. Hồ Chí Minh",Quận 2 (TP. Thủ Đức),2,2,,căn hộ,,,so hong
5300.0,85.0,"Quận 4, TP. Hồ Chí Minh",Quận 4,2,2,,căn hộ,,,so hong
69900.0,240.0,"Quận Tân Bình, TP. Hồ Chí Minh",Quận Tân Bình,2,2,,nhà ở,,,giay to hop le
2830.0,38.0,"Quận 10, TP. Hồ Chí Minh",Quận 10,2,2,,nhà hẻm,,,so hong
2150.0,76.0,"Quận Thủ Đức (TP. Thủ Đức), TP. Hồ Chí Minh",Quận Thủ Đức (TP. Thủ Đức),2,2,,căn hộ,,,so hong
4800.0,72.0,"Quận 4, TP. Hồ Chí Minh",Quận 4,2,1,,căn hộ,,,so hong
2350.0,80.0,"Quận 2 (TP. Thủ Đức), TP. Hồ Chí Minh",Quận 2 (TP. Thủ Đức),2,2,,nhà ở,,,so hong
19400.0,68.0,"Quận Phú Nhuận, TP. Hồ Chí Minh",Quận Phú Nhuận,6,6,,nhà ở,,,giay to hop le
5750.0,56.0,"Quận 4, TP. Hồ Chí Minh",Quận 4,1,1,,căn hộ,,,hop dong mua ban
3450.0,90.0,"Quận Tân Phú, TP. Hồ Chí Minh",Quận Tân Phú,5,6,,nhà ở,,,so hong
27900.0,98.0,"Quận Bình Thạnh, TP. Hồ Chí Minh",Quận Bình Thạnh,5,5,,nhà ở,,,giay to hop le
7300.0,56.0,"Quận Tân Phú, TP. Hồ Chí Minh",Quận Tân Phú,4,3,,nhà ở,,,so hong
2350.0,79.0,"Quận 4, TP. Hồ Chí Minh",Quận 4,2,2,,nhà ở,,,so hong
2500.0,80.0,"Huyện Bình Chánh, TP. Hồ Chí Minh",Huyện Bình Chánh,0,0,,nhà ở,,,so do
4800.0,73.0,"Quận 4, TP. Hồ Chí Minh",Quận 4,2,1,,căn hộ,,,khong xac dinh
1650.0,76.0,"Quận Thủ Đức (TP. Thủ Đức), TP. Hồ Chí Minh",Quận Thủ Đức (TP. Thủ Đức),2,2,,căn hộ,,,so hong
3100.0,53.0,"Quận 2 (TP. Thủ Đức), TP. Hồ Chí Minh",Quận 2 (TP. Thủ Đức),4,4,,nhà ở,,,so hong
3700.0,61.0,"Quận 4, TP. Hồ Chí Minh",Quận 4,2,1,,căn hộ,,,so hong
2180.0,55.0,"Quận 9 (TP. Thủ Đức), TP. Hồ Chí Minh",Quận 9 (TP. Thủ Đức),3,0,,nhà ở,,,so hong
5600.0,78.0,"Quận 7, TP. Hồ Chí Minh",Quận 7,2,2,,căn hộ,,,so hong
8000.0,64.0,"Quận Bình Tân, TP. Hồ Chí Minh",Quận Bình Tân,6,6,,nhà ở,,,so hong
16500.0,135.0,"Quận Tân Phú, TP. Hồ Chí Minh",Quận Tân Phú,4,4,,biệt thự,,,so hong
2650.0,58.0,"Quận Bình Thạnh, TP. Hồ Chí Minh",Quận Bình Thạnh,3,3,,nhà ở,,,so hong
39000.0,140.0,"Quận Bình Thạnh, TP. Hồ Chí Minh",Quận Bình Thạnh,7,7,,nhà ở,,,giay to hop le
4500.0,60.0,"Quận 7, TP. Hồ Chí Minh",Quận 7,2,1,,căn hộ,,,so hong
6800.0,80.0,"Quận Bình Tân, TP. Hồ Chí Minh",Quận Bình Tân,4,5,,nhà ở,,,so hong
6200.0,70.0,"Quận Tân Phú, TP. Hồ Chí Minh",Quận Tân Phú,4,3,,nhà hẻm,,,so hong
2750.0,38.0,"Quận 7, TP. Hồ Chí Minh",Quận 7,1,1,,căn hộ,,,giay to hop le
2190.0,42.0,"Quận Bình Thạnh, TP. Hồ Chí Minh",Quận Bình Thạnh,1,1,,nhà ở,,,so hong
3600.0,27.0,"Quận 11, TP. Hồ Chí Minh",Quận 11,2,4,,nhà ở,,,so hong
5300.0,83.0,"Quận 4, TP. Hồ Chí Minh",Quận 4,2,2,,căn hộ,,,so hong
2690.0,88.0,"Quận Bình Thạnh, TP. Hồ Chí Minh",Quận Bình Thạnh,3,2,,nhà ở,,,so hong
9200.0,145.0,"Quận 7, TP. Hồ Chí Minh",Quận 7,3,3,,căn hộ,,,so hong
5600.0,87.0,"Quận 4, TP. Hồ Chí Minh",Quận 4,2,2,,căn hộ,,,so hong
2480.0,54.0,"Quận 3, TP. Hồ Chí Minh",Quận 3,2,2,,nhà ở,,,khong xac dinh
33000.0,120.0,"Quận 1, TP. Hồ Chí Minh",Quận 1,6,6,,nhà ở,,,giay to hop le
21000.0,222.0,"Quận 4, TP. Hồ Chí Minh",Quận 4,4,4,,căn hộ,,,hop dong mua ban
2468.0,35.0,"Quận 4, TP. Hồ Chí Minh",Quận 4,2,2,,nhà ở,,,so hong
10900.0,112.0,"Quận Tân Phú, TP. Hồ Chí Minh",Quận Tân Phú,5,5,,nhà ở,,,khong xac dinh
13500.0,184.0,"Quận 4, TP. Hồ Chí Minh",Quận 4,4,4,,căn hộ,,,so hong
2550.0,44.0,"Quận 5, TP. Hồ Chí Minh",Quận 5,2,2,,nhà ở,,,so hong
3180.0,42.0,"Quận 6, TP. Hồ Chí Minh",Quận 6,4,3,,nhà hẻm,,,so hong
18000.0,147.0,"Quận 6, TP. Hồ Chí Minh",Quận 6,16,15,,nhà ở,,,so hong
69000.0,303.0,"Quận 2 (TP. Thủ Đức), TP. Hồ Chí Minh",Quận 2 (TP. Thủ Đức),4,4,,biệt thự,,,so hong
8000.0,74.0,"Quận Tân Phú, TP. Hồ Chí Minh",Quận Tân Phú,6,3,,nhà ở,,,so hong
3400.0,58.0,"Quận Gò Vấp, TP. Hồ Chí Minh",Quận Gò Vấp,3,2,,nhà ở,,,so hong
7200.0,100.0,"Quận 7, TP. Hồ Chí Minh",Quận 7,2,2,,căn hộ,,,so hong
23000.0,135.0,"Quận 10, TP. Hồ Chí Minh",Quận 10,3,3,,nhà ở,,,giay to hop le
1030.0,47.0,"Quận 2 (TP. Thủ Đức), TP. Hồ Chí Minh",Quận 2 (TP. Thủ Đức),1,1,,căn hộ,,,so hong
3120.0,52.0,"Quận 3, TP. Hồ Chí Minh",Quận 3,3,2,,nhà ở,,,so hong
8000.0,32.0,"Quận 11, TP. Hồ Chí Minh",Quận 11,2,1,,nhà ở,,,so hong
2570.0,63.0,"Quận Bình Thạnh, TP. Hồ Chí Minh",Quận Bình Thạnh,4,3,,nhà ở,,,so hong
19000.0,82.0,"Quận Bình Thạnh, TP. Hồ Chí Minh",Quận Bình Thạnh,9,9,,nhà ở,,,giay to hop le
5300.0,77.0,"Quận 7, TP. Hồ Chí Minh",Quận 7,2,2,,căn hộ,,,so hong
17500.0,150.0,"Quận Tân Phú, TP. Hồ Chí Minh",Quận Tân Phú,5,5,,nhà ở,,,so hong
1700.0,35.0,"Quận Gò Vấp, TP. Hồ Chí Minh",Quận Gò Vấp,2,2,,nhà hẻm,,,so hong
6000.0,47.0,"Quận Tân Phú, TP. Hồ Chí Minh",Quận Tân Phú,4,3,,nhà hẻm,,,khong xac dinh
2540.0,79.0,"Quận 2 (TP. Thủ Đức), TP. Hồ Chí Minh",Quận 2 (TP. Thủ Đức),2,2,,căn hộ,,,so hong
17900.0,88.0,"Quận Tân Bình, TP. Hồ Chí Minh",Quận Tân Bình,6,6,,nhà ở,,,so hong
2370.0,45.0,"Quận 1, TP. Hồ Chí Minh",Quận 1,1,1,,căn hộ,,,so hong
25000.0,130.0,"Quận Tân Bình, TP. Hồ Chí Minh",Quận Tân Bình,6,6,,nhà ở,,,giay to hop le
13700.0,68.0,"Quận Tân Phú, TP. Hồ Chí Minh",Quận Tân Phú,5,6,,nhà ở,,,so hong
2450.0,83.0,"Quận Bình Thạnh, TP. Hồ Chí Minh",Quận Bình Thạnh,2,2,,căn hộ,,,so hong
5650.0,82.0,"Quận 7, TP. Hồ Chí Minh",Quận 7,2,2,,căn hộ,,,so hong
18900.0,90.0,"Quận Tân Phú, TP. Hồ Chí Minh",Quận Tân Phú,5,5,,nhà ở,,,so hong
2190.0,77.0,"Quận 6, TP. Hồ Chí Minh",Quận 6,2,2,,căn hộ,,,so hong
24000.0,94.0,"Quận 10, TP. Hồ Chí Minh",Quận 10,3,2,,nhà ở,,,giay to hop le
8400.0,64.0,"Quận Tân Bình, TP. Hồ Chí Minh",Quận Tân Bình,4,5,,nhà ở,,,so hong
2160.0,47.0,"Quận 7, TP. Hồ Chí Minh",Quận 7,2,2,,căn hộ,,,so hong
1800.0,16.0,"Quận Tân Phú, TP. Hồ Chí Minh",Quận Tân Phú,1,1,,nhà ở,,,so hong
2460.0,78.0,"Quận Tân Phú, TP. Hồ Chí Minh",Quận Tân Phú,2,2,,căn hộ,,,so hong
5600.0,52.0,"Quận Bình Tân, TP. Hồ Chí Minh",Quận Bình Tân,4,3,,biệt thự,,,so hong
8500.0,72.0,"Quận Tân Phú, TP. Hồ Chí Minh",Quận Tân Phú,4,4,,nhà ở,,,so hong
1800.0,74.0,"Quận 9 (TP. Thủ Đức), TP. Hồ Chí Minh",Quận 9 (TP. Thủ Đức),2,2,,căn hộ,,,khong xac dinh
5700.0,53.0,"Quận Tân Phú, TP. Hồ Chí Minh",Quận Tân Phú,4,4,,nhà ở,,,so hong
2390.0,88.0,"Quận 2 (TP. Thủ Đức), TP. Hồ Chí Minh",Quận 2 (TP. Thủ Đức),2,2,,căn hộ,,,so hong
26000.0,125.0,"Quận Tân Bình, TP. Hồ Chí Minh",Quận Tân Bình,4,4,,nhà ở,,,khong xac dinh
2240.0,85.0,"Quận 2 (TP. Thủ Đức), TP. Hồ Chí Minh",Quận 2 (TP. Thủ Đức),2,2,,căn hộ,,,so hong
2970.0,82.0,"Quận 1, TP. Hồ Chí Minh",Quận 1,2,2,,căn hộ,,,so hong
38900.0,240.0,"Quận Bình Thạnh, TP. Hồ Chí Minh",Quận Bình Thạnh,1,1,,nhà ở,,,giay to hop le
1150.0,49.0,"Quận 6, TP. Hồ Chí Minh",Quận 6,1,1,,căn hộ,,,so hong
5050.0,63.0,"Quận Bình Tân, TP. Hồ Chí Minh",Quận Bình Tân,5,2,,nhà hẻm,,,so hong
2560.0,78.0,"Quận Thủ Đức (TP. Thủ Đức), TP. Hồ Chí Minh",Quận Thủ Đức (TP. Thủ Đức),2,2,,căn hộ,,,so hong
2450.0,70.0,"Quận 7, TP. Hồ Chí Minh",Quận 7,2,2,,căn hộ,,,so hong
3650.0,86.0,"Quận 6, TP. Hồ Chí Minh",Quận 6,2,2,,căn hộ,,,so hong
36900.0,190.0,"Quận Phú Nhuận, TP. Hồ Chí Minh",Quận Phú Nhuận,3,3,,nhà ở,,,giay to hop le
1650.0,52.0,"Quận 2 (TP. Thủ Đức), TP. Hồ Chí Minh",Quận 2 (TP. Thủ Đức),1,1,,căn hộ,,,so hong
13000.0,95.0,"Quận Tân Phú, TP. Hồ Chí Minh",Quận Tân Phú,4,4,,nhà ở,,,so hong
2210.0,76.0,"Quận 7, TP. Hồ Chí Minh",Quận 7,2,2,,nhà ở,,,khong xac dinh
9700.0,65.0,"Quận Tân Phú, TP. Hồ Chí Minh",Quận Tân Phú,5,5,,nhà ở,,,so hong
1450.0,45.0,"Quận Bình Thạnh, TP. Hồ Chí Minh",Quận Bình Thạnh,1,1,,căn hộ,,,so hong
16800.0,154.0,"Quận Bình Tân, TP. Hồ Chí Minh",Quận Bình Tân,4,4,,nhà ở,,,so hong
12000.0,91.0,"Quận Tân Phú, TP. Hồ Chí Minh",Quận Tân Phú,3,2,,nhà ở,,,so do
3470.0,81.0,"Quận 1, TP. Hồ Chí Minh",Quận 1,2,2,,căn hộ,,,so hong
55000.0,230.0,"Quận 10, TP. Hồ Chí Minh",Quận 10,7,7,,nhà ở,,,giay to hop le
9700.0,84.0,"Quận Tân Phú, TP. Hồ Chí Minh",Quận Tân Phú,10,6,,nhà ở,,,so hong
2370.0,72.0,"Quận 7, TP. Hồ Chí Minh",Quận 7,2,2,,căn hộ,,,so hong
11000.0,105.0,"Huyện Bình Chánh, TP. Hồ Chí Minh",Huyện Bình Chánh,5,6,,nhà phố,,,so hong
11500.0,87.0,"Quận Tân Phú, TP. Hồ Chí Minh",Quận Tân Phú,6,5,,nhà hẻm,,,so hong
23000.0,270.0,"Quận 10, TP. Hồ Chí Minh",Quận 10,6,6,,nhà ở,,,giay to hop le
2670.0,44.0,"Quận 10, TP. Hồ Chí Minh",Quận 10,5,5,,nhà ở,,,so hong
13900.0,68.0,"Quận Gò Vấp, TP. Hồ Chí Minh",Quận Gò Vấp,3,5,,nhà ở,,,so hong
11500.0,88.0,"Quận Tân Phú, TP. Hồ Chí Minh",Quận Tân Phú,7,5,,nhà ở,,,khong xac dinh
3300.0,56.0,"Quận 1, TP. Hồ Chí Minh",Quận 1,2,2,,nhà ở,,,so hong
6800.0,58.0,"Quận Bình Tân, TP. Hồ Chí Minh",Quận Bình Tân,5,5,,nhà ở,,,so hong
1670.0,76.0,"Quận 4, TP. Hồ Chí Minh",Quận 4,2,1,,căn hộ,,,so hong
13300.0,64.0,"Quận Tân Bình, TP. Hồ Chí Minh",Quận Tân Bình,5,5,,nhà ở,,,so hong
12999.0,94.0,"Quận Tân Phú, TP. Hồ Chí Minh",Quận Tân Phú,3,3,,nhà ở,,,so hong
2460.0,46.0,"Quận 10, TP. Hồ Chí Minh",Quận 10,6,5,,nhà ở,,,so hong
26000.0,100.0,"Quận 1, TP. Hồ Chí Minh",Quận 1,8,8,,nhà ở,,,giay to hop le
16200.0,80.0,"Quận Phú Nhuận, TP. Hồ Chí Minh",Quận Phú Nhuận,14,14,,nhà ở,,,giay to hop le
1620.0,79.0,"Quận Thủ Đức (TP. Thủ Đức), TP. Hồ Chí Minh",Quận Thủ Đức (TP. Thủ Đức),2,2,,căn hộ,,,so hong
11200.0,75.0,"Quận Tân Phú, TP. Hồ Chí Minh",Quận Tân Phú,7,6,,nhà ở,,,so hong
1980.0,76.0,"Quận 2 (TP. Thủ Đức), TP. Hồ Chí Minh",Quận 2 (TP. Thủ Đức),2,2,,nhà ở,,,so hong
16500.0,92.0,"Quận Phú Nhuận, TP. Hồ Chí Minh",Quận Phú Nhuận,2,1,,nhà ở,,,giay to hop le
8499.0,89.0,"Quận Tân Phú, TP. Hồ Chí Minh",Quận Tân Phú,3,3,,nhà ở,,,so hong
2320.0,78.0,"Quận 2 (TP. Thủ Đức), TP. Hồ Chí Minh",Quận 2 (TP. Thủ Đức),2,2,,căn hộ,,,so hong
32000.0,1000.0,"Huyện Bình Chánh, TP. Hồ Chí Minh",Huyện Bình Chánh,3,3,,nhà ở,,,khong xac dinh
28000.0,175.0,"Quận Bình Thạnh, TP. Hồ Chí Minh",Quận Bình Thạnh,8,8,,nhà ở,,,giay to hop le
2560.0,80.0,"Quận 2 (TP. Thủ Đức), TP. Hồ Chí Minh",Quận 2 (TP. Thủ Đức),2,2,,căn hộ,,,so hong
1460.0,47.0,"Quận 2 (TP. Thủ Đức), TP. Hồ Chí Minh",Quận 2 (TP. Thủ Đức),1,1,,căn hộ,,,so hong
10500.0,77.0,"Quận Tân Phú, TP. Hồ Chí Minh",Quận Tân Phú,5,4,,nhà ở,,,so hong
14500.0,80.0,"Quận Gò Vấp, TP. Hồ Chí Minh",Quận Gò Vấp,6,6,,nhà ở,,,so hong
32000.0,140.0,"Quận 2 (TP. Thủ Đức), TP. Hồ Chí Minh",Quận 2 (TP. Thủ Đức),4,4,,nhà ở,,,so hong
2750.0,127.0,"Quận 2 (TP. Thủ Đức), TP. Hồ Chí Minh",Quận 2 (TP. Thủ Đức),3,2,,căn hộ,,,so hong
69900.0,364.0,"Quận Tân Bình, TP. Hồ Chí Minh",Quận Tân Bình,2,2,,nhà ở,,,giay to hop le
11500.0,92.0,"Quận Tân Phú, TP. Hồ Chí Minh",Quận Tân Phú,3,2,,nhà ở,,,so hong
13500.0,70.0,"Quận Gò Vấp, TP. Hồ Chí Minh",Quận Gò Vấp,12,12,,nhà hẻm,,,so hong
16500.0,96.0,"Quận 2 (TP. Thủ Đức), TP. Hồ Chí Minh",Quận 2 (TP. Thủ Đức),3,3,,nhà ở,,,so hong
1980.0,83.0,"Quận Thủ Đức (TP. Thủ Đức), TP. Hồ Chí Minh",Quận Thủ Đức (TP. Thủ Đức),2,2,,căn hộ,,,so hong
10000.0,86.0,"Quận Tân Phú, TP. Hồ Chí Minh",Quận Tân Phú,3,2,,nhà ở,,,so hong
8700.0,68.0,"Quận Gò Vấp, TP. Hồ Chí Minh",Quận Gò Vấp,6,6,,nhà ở,,,so hong
2360.0,72.0,"Quận 4, TP. Hồ Chí Minh",Quận 4,2,2,,căn hộ,,,so hong
2100.0,76.0,"Quận Bình Thạnh, TP. Hồ Chí Minh",Quận Bình Thạnh,2,2,,căn hộ,,,so hong
11000.0,87.0,"Quận Tân Phú, TP. Hồ Chí Minh",Quận Tân Phú,6,6,,nhà ở,,,so hong
13500.0,80.0,"Quận Gò Vấp, TP. Hồ Chí Minh",Quận Gò Vấp,4,4,,nhà ở,,,so hong
1890.0,72.0,"Quận 9 (TP. Thủ Đức), TP. Hồ Chí Minh",Quận 9 (TP. Thủ Đức),2,2,,căn hộ,,,so hong
1130.0,47.0,"Quận 9 (TP. Thủ Đức), TP. Hồ Chí Minh",Quận 9 (TP. Thủ Đức),1,1,,căn hộ,,,so hong
13800.0,77.0,"Quận Tân Bình, TP. Hồ Chí Minh",Quận Tân Bình,4,4,,nhà ở,,,so hong
16300.0,196.0,"Quận 12, TP. Hồ Chí Minh",Quận 12,1,1,,nhà ở,,,so hong
13000.0,55.0,"Quận 2 (TP. Thủ Đức), TP. Hồ Chí Minh",Quận 2 (TP. Thủ Đức),0,0,,nhà ở,,,so do
2320.0,78.0,"Quận 5, TP. Hồ Chí Minh",Quận 5,2,2,,căn hộ,,,so hong
8000.0,72.0,"Quận Gò Vấp, TP. Hồ Chí Minh",Quận Gò Vấp,2,2,,nhà hẻm,,,so hong
19500.0,136.0,"Quận 2 (TP. Thủ Đức), TP. Hồ Chí Minh",Quận 2 (TP. Thủ Đức),1,1,,nhà ở,,,so hong
980.0,78.0,"Quận Thủ Đức (TP. Thủ Đức), TP. Hồ Chí Minh",Quận Thủ Đức (TP. Thủ Đức),2,2,,căn hộ,,,so hong
38000.0,540.0,"Quận 2 (TP. Thủ Đức), TP. Hồ Chí Minh",Quận 2 (TP. Thủ Đức),0,0,,nhà ở,,,so hong
7500.0,64.0,"Quận Tân Phú, TP. Hồ Chí Minh",Quận Tân Phú,3,3,,nhà hẻm,,,so hong
14500.0,75.0,"Quận Gò Vấp, TP. Hồ Chí Minh",Quận Gò Vấp,5,8,,nhà ở,,,so hong
23500.0,80.0,"Quận 2 (TP. Thủ Đức), TP. Hồ Chí Minh",Quận 2 (TP. Thủ Đức),4,4,,nhà phố,,,so hong
1250.0,68.0,"Quận Bình Tân, TP. Hồ Chí Minh",Quận Bình Tân,2,2,,căn hộ,,,so hong
37900.0,210.0,"Quận Phú Nhuận, TP. Hồ Chí Minh",Quận Phú Nhuận,3,3,,nhà ở,,,giay to hop le
58000.0,300.0,"Quận 2 (TP. Thủ Đức), TP. Hồ Chí Minh",Quận 2 (TP. Thủ Đức),4,5,,biệt thự,,,so hong
7500.0,88.0,"Quận Tân Phú, TP. Hồ Chí Minh",Quận Tân Phú,2,2,,nhà hẻm,,,so hong
81999.0,448.0,"Quận 2 (TP. Thủ Đức), TP. Hồ Chí Minh",Quận 2 (TP. Thủ Đức),5,5,,biệt thự,,,so hong
39500.0,299.0,"Quận 2 (TP. Thủ Đức), TP. Hồ Chí Minh",Quận 2 (TP. Thủ Đức),0,0,,nhà ở,,,so hong
12500.0,145.0,"Quận Tân Phú, TP. Hồ Chí Minh",Quận Tân Phú,5,5,,nhà hẻm,,,khong xac dinh
33499.0,450.0,"Quận Thủ Đức (TP. Thủ Đức), TP. Hồ Chí Minh",Quận Thủ Đức (TP. Thủ Đức),13,10,,nhà ở,,,so hong
35000.0,160.0,"Quận 2 (TP. Thủ Đức), TP. Hồ Chí Minh",Quận 2 (TP. Thủ Đức),3,3,,biệt thự,,,so hong
29000.0,112.0,"Quận 2 (TP. Thủ Đức), TP. Hồ Chí Minh",Quận 2 (TP. Thủ Đức),8,8,,nhà ở,,,giay to hop le
1240.0,56.0,"Quận 7, TP. Hồ Chí Minh",Quận 7,2,2,,căn hộ,,,so hong
60000.0,400.0,"Quận 2 (TP. Thủ Đức), TP. Hồ Chí Minh",Quận 2 (TP. Thủ Đức),5,7,,biệt thự,,,so hong
6000.0,48.0,"Quận Tân Phú, TP. Hồ Chí Minh",Quận Tân Phú,4,3,,nhà ở,,,so hong
37000.0,210.0,"Quận 2 (TP. Thủ Đức), TP. Hồ Chí Minh",Quận 2 (TP. Thủ Đức),4,3,,nhà phố,,,khong xac dinh
3300.0,60.0,"Quận Gò Vấp, TP. Hồ Chí Minh",Quận Gò Vấp,4,5,,nhà ở,,,so hong
37000.0,182.0,"Quận 1, TP. Hồ Chí Minh",Quận 1,2,2,,nhà ở,,,so hong
70000.0,510.0,"Quận 2 (TP. Thủ Đức), TP. Hồ Chí Minh",Quận 2 (TP. Thủ Đức),5,6,,biệt thự,,,so hong
14500.0,135.0,"Quận Tân Phú, TP. Hồ Chí Minh",Quận Tân Phú,3,4,,biệt thự,,,so hong
18000.0,80.0,"Quận 2 (TP. Thủ Đức), TP. Hồ Chí Minh",Quận 2 (TP. Thủ Đức),4,4,,nhà phố,,,so hong
1830.0,39.0,"Quận 4, TP. Hồ Chí Minh",Quận 4,2,0,,nhà ở,,,so hong
76000.0,350.0,"Quận 2 (TP. Thủ Đức), TP. Hồ Chí Minh",Quận 2 (TP. Thủ Đức),5,6,,biệt thự,,,so hong
8500.0,80.0,"Quận Tân Phú, TP. Hồ Chí Minh",Quận Tân Phú,3,3,,nhà hẻm,,,so hong
3300.0,57.0,"Quận Tân Phú, TP. Hồ Chí Minh",Quận Tân Phú,2,2,,nhà ở,,,so hong
55000.0,200.0,"Quận 2 (TP. Thủ Đức), TP. Hồ Chí Minh",Quận 2 (TP. Thủ Đức),14,15,,nhà ở,,,giay to hop le
33000.0,200.0,"Quận 2 (TP. Thủ Đức), TP. Hồ Chí Minh",Quận 2 (TP. Thủ Đức),0,0,,biệt thự,,,so hong
5890.0,48.0,"Quận Tân Phú, TP. Hồ Chí Minh",Quận Tân Phú,3,2,,nhà hẻm,,,so hong
18000.0,104.0,"Quận Bình Thạnh, TP. Hồ Chí Minh",Quận Bình Thạnh,2,1,,nhà ở,,,so hong
3100.0,48.0,"Quận 5, TP. Hồ Chí Minh",Quận 5,4,3,,nhà ở,,,so hong
3400.0,33.0,"Quận Bình Thạnh, TP. Hồ Chí Minh",Quận Bình Thạnh,2,2,,nhà ở,,,so hong
39600.0,240.0,"Quận 2 (TP. Thủ Đức), TP. Hồ Chí Minh",Quận 2 (TP. Thủ Đức),0,0,,biệt thự,,,so hong
16900.0,78.0,"Quận Phú Nhuận, TP. Hồ Chí Minh",Quận Phú Nhuận,5,4,,nhà ở,,,so hong
15000.0,82.0,"Quận 2 (TP. Thủ Đức), TP. Hồ Chí Minh",Quận 2 (TP. Thủ Đức),2,2,,nhà ở,,,so hong
3600.0,50.0,"Quận 3, TP. Hồ Chí Minh",Quận 3,7,8,,nhà ở,,,so hong
25000.0,110.0,"Quận 1, TP. Hồ Chí Minh",Quận 1,6,6,,nhà ở,,,so hong
3650.0,25.0,"Quận Bình Thạnh, TP. Hồ Chí Minh",Quận Bình Thạnh,2,2,,nhà ở,,,so hong
1600.0,20.0,"Quận 10, TP. Hồ Chí Minh",Quận 10,2,3,,nhà hẻm,,,so hong
4550.0,54.0,"Quận Phú Nhuận, TP. Hồ Chí Minh",Quận Phú Nhuận,2,3,,nhà ở,,,so hong
92000.0,405.0,"Quận 2 (TP. Thủ Đức), TP. Hồ Chí Minh",Quận 2 (TP. Thủ Đức),0,0,,biệt thự,,,so hong
5200.0,48.0,"Quận Tân Phú, TP. Hồ Chí Minh",Quận Tân Phú,3,2,,nhà ở,,,so do
11900.0,125.0,"Quận Gò Vấp, TP. Hồ Chí Minh",Quận Gò Vấp,6,2,,nhà phố,,,so hong
3600.0,48.0,"Quận 10, TP. Hồ Chí Minh",Quận 10,8,9,,nhà ở,,,so hong
2350.0,45.0,"Quận Tân Bình, TP. Hồ Chí Minh",Quận Tân Bình,2,3,,nhà ở,,,khong xac dinh
33000.0,220.0,"Quận 2 (TP. Thủ Đức), TP. Hồ Chí Minh",Quận 2 (TP. Thủ Đức),0,0,,đất nền,,,so hong
15600.0,86.0,"Quận Gò Vấp, TP. Hồ Chí Minh",Quận Gò Vấp,9,9,,căn hộ,,,so hong
18000.0,88.0,"Quận 1, TP. Hồ Chí Minh",Quận 1,7,7,,nhà hẻm,,,giay to hop le
2200.0,45.0,"Quận 10, TP. Hồ Chí Minh",Quận 10,2,2,,nhà hẻm,,,so hong
5300.0,60.0,"Quận Bình Thạnh, TP. Hồ Chí Minh",Quận Bình Thạnh,3,2,,nhà ở,,,so hong
9500.0,80.0,"Quận Gò Vấp, TP. Hồ Chí Minh",Quận Gò Vấp,2,2,,nhà ở,,,so hong
68000.0,240.0,"Quận 2 (TP. Thủ Đức), TP. Hồ Chí Minh",Quận 2 (TP. Thủ Đức),5,5,,nhà ở,,,so hong
2900.0,46.0,"Quận 3, TP. Hồ Chí Minh",Quận 3,4,3,,nhà ở,,,so hong
2450.0,35.0,"Quận Gò Vấp, TP. Hồ Chí Minh",Quận Gò Vấp,2,2,,nhà ở,,,so hong
17800.0,105.0,"Quận Gò Vấp, TP. Hồ Chí Minh",Quận Gò Vấp,6,8,,nhà ở,,,so hong
18300.0,100.0,"Quận 2 (TP. Thủ Đức), TP. Hồ Chí Minh",Quận 2 (TP. Thủ Đức),0,0,,đất nền,,,so do
45000.0,165.0,"Quận Bình Thạnh, TP. Hồ Chí Minh",Quận Bình Thạnh,5,5,,nhà ở,,,giay to hop le
2400.0,46.0,"Quận 10, TP. Hồ Chí Minh",Quận 10,2,2,,nhà ở,,,so hong
5560.0,40.0,"Quận Phú Nhuận, TP. Hồ Chí Minh",Quận Phú Nhuận,3,4,,nhà ở,,,so hong
48000.0,200.0,"Quận 2 (TP. Thủ Đức), TP. Hồ Chí Minh",Quận 2 (TP. Thủ Đức),0,0,,biệt thự,,,so hong
7300.0,64.0,"Quận Gò Vấp, TP. Hồ Chí Minh",Quận Gò Vấp,3,3,,nhà ở,,,so hong
33500.0,130.0,"Quận 2 (TP. Thủ Đức), TP. Hồ Chí Minh",Quận 2 (TP. Thủ Đức),5,5,,nhà ở,,,so hong
2680.0,45.0,"Quận Bình Thạnh, TP. Hồ Chí Minh",Quận Bình Thạnh,4,3,,nhà ở,,,so hong
3250.0,40.0,"Quận Gò Vấp, TP. Hồ Chí Minh",Quận Gò Vấp,2,2,,nhà ở,,,so hong
19800.0,180.0,"Quận 2 (TP. Thủ Đức), TP. Hồ Chí Minh",Quận 2 (TP. Thủ Đức),0,0,,nhà ở,,,so hong
18900.0,116.0,"Quận Gò Vấp, TP. Hồ Chí Minh",Quận Gò Vấp,7,5,,nhà ở,,,so hong
1330.0,34.0,"Quận Gò Vấp, TP. Hồ Chí Minh",Quận Gò Vấp,2,2,,nhà ở,,,so hong
3850.0,28.0,"Quận Gò Vấp, TP. Hồ Chí Minh",Quận Gò Vấp,3,3,,nhà ở,,,so hong
45500.0,350.0,"Quận 2 (TP. Thủ Đức), TP. Hồ Chí Minh",Quận 2 (TP. Thủ Đức),0,0,,đất nền,,,so hong
25500.0,120.0,"Quận Bình Thạnh, TP. Hồ Chí Minh",Quận Bình Thạnh,7,7,,nhà ở,,,so hong
2125.0,39.0,"Quận Phú Nhuận, TP. Hồ Chí Minh",Quận Phú Nhuận,3,2,,nhà ở,,,so hong
35000.0,120.0,"Quận 5, TP. Hồ Chí Minh",Quận 5,5,5,,nhà ở,,,giay to hop le
3350.0,30.0,"Quận Gò Vấp, TP. Hồ Chí Minh",Quận Gò Vấp,3,3,,nhà ở,,,so hong
13000.0,111.0,"Quận 2 (TP. Thủ Đức), TP. Hồ Chí Minh",Quận 2 (TP. Thủ Đức),4,4,,nhà ở,,,so hong
10300.0,63.0,"Quận Gò Vấp, TP. Hồ Chí Minh",Quận Gò Vấp,4,5,,nhà phố,,,so hong
23000.0,240.0,"Quận Bình Thạnh, TP. Hồ Chí Minh",Quận Bình Thạnh,5,5,,nhà ở,,,giay to hop le
2350.0,75.0,"Quận 4, TP. Hồ Chí Minh",Quận 4,2,2,,căn hộ,,,so hong
3650.0,45.0,"Quận Gò Vấp, TP. Hồ Chí Minh",Quận Gò Vấp,4,3,,nhà ở,,,so hong
26000.0,126.0,"Quận Gò Vấp, TP. Hồ Chí Minh",Quận Gò Vấp,8,8,,nhà ở,,,so hong
2230.0,76.0,"Quận Bình Thạnh, TP. Hồ Chí Minh",Quận Bình Thạnh,2,2,,căn hộ,,,so hong
3280.0,42.0,"Quận Gò Vấp, TP. Hồ Chí Minh",Quận Gò Vấp,3,3,,nhà ở,,,so hong
3600.0,52.0,"Quận Gò Vấp, TP. Hồ Chí Minh",Quận Gò Vấp,2,2,,nhà ở,,,so hong
14000.0,70.0,"Quận 2 (TP. Thủ Đức), TP. Hồ Chí Minh",Quận 2 (TP. Thủ Đức),2,2,,nhà ở,,,so hong
16000.0,110.0,"Quận Gò Vấp, TP. Hồ Chí Minh",Quận Gò Vấp,6,8,,nhà ở,,,so hong
1690.0,64.0,"Quận Thủ Đức (TP. Thủ Đức), TP. Hồ Chí Minh",Quận Thủ Đức (TP. Thủ Đức),2,2,,căn hộ,,,so hong
24900.0,132.0,"Quận 3, TP. Hồ Chí Minh",Quận 3,5,5,,nhà ở,,,giay to hop le
3680.0,35.0,"Quận 1, TP. Hồ Chí Minh",Quận 1,2,4,,nhà ở,,,so hong
4200.0,45.0,"Quận Bình Thạnh, TP. Hồ Chí Minh",Quận Bình Thạnh,3,2,,nhà ở,,,so hong
40000.0,200.0,"Quận 2 (TP. Thủ Đức), TP. Hồ Chí Minh",Quận 2 (TP. Thủ Đức),2,4,,nhà ở,,,so hong
23800.0,235.0,"Quận Gò Vấp, TP. Hồ Chí Minh",Quận Gò Vấp,5,3,,nhà hẻm,,,so hong
32000.0,167.0,"Quận 2 (TP. Thủ Đức), TP. Hồ Chí Minh",Quận 2 (TP. Thủ Đức),4,3,,biệt thự,,,so do
2480.0,76.0,"Quận 7, TP. Hồ Chí Minh",Quận 7,2,2,,căn hộ,,,so hong
3675.0,37.0,"Quận 10, TP. Hồ Chí Minh",Quận 10,4,4,,nhà ở,,,so hong
2725.0,86.0,"Quận Tân Bình, TP. Hồ Chí Minh",Quận Tân Bình,4,4,,nhà ở,,,so hong
2400.0,24.0,"Quận Gò Vấp, TP. Hồ Chí Minh",Quận Gò Vấp,2,3,,nhà ở,,,so hong
55000.0,382.0,"Quận 2 (TP. Thủ Đức), TP. Hồ Chí Minh",Quận 2 (TP. Thủ Đức),0,0,,biệt thự,,,so hong
18900.0,86.0,"Quận Tân Phú, TP. Hồ Chí Minh",Quận Tân Phú,5,5,,nhà ở,,,so do
28000.0,130.0,"Quận Tân Bình, TP. Hồ Chí Minh",Quận Tân Bình,7,7,,nhà ở,,,so hong
2120.0,52.0,"Quận 2 (TP. Thủ Đức), TP. Hồ Chí Minh",Quận 2 (TP. Thủ Đức),2,2,,căn hộ,,,so hong
14800.0,52.0,"Quận Phú Nhuận, TP. Hồ Chí Minh",Quận Phú Nhuận,10,10,,nhà ở,,,giay to hop le
3435.0,31.0,"Quận 3, TP. Hồ Chí Minh",Quận 3,4,5,,nhà ở,,,so hong
1670.0,55.0,"Quận Bình Thạnh, TP. Hồ Chí Minh",Quận Bình Thạnh,2,2,,nhà ở,,,so hong
3600.0,50.0,"Quận Gò Vấp, TP. Hồ Chí Minh",Quận Gò Vấp,3,3,,nhà ở,,,so hong
42000.0,442.0,"Quận 2 (TP. Thủ Đức), TP. Hồ Chí Minh",Quận 2 (TP. Thủ Đức),0,0,,nhà ở,,,so hong
59500.0,295.0,"Quận Gò Vấp, TP. Hồ Chí Minh",Quận Gò Vấp,8,7,,nhà ở,,,so hong
3660.0,52.0,"Quận Bình Thạnh, TP. Hồ Chí Minh",Quận Bình Thạnh,4,4,,nhà ở,,,so hong
2430.0,79.0,"Quận 7, TP. Hồ Chí Minh",Quận 7,2,2,,căn hộ,,,so hong
2535.0,43.0,"Quận Tân Bình, TP. Hồ Chí Minh",Quận Tân Bình,5,5,,nhà ở,,,so hong
1890.0,60.0,"Quận Gò Vấp, TP. Hồ Chí Minh",Quận Gò Vấp,4,3,,nhà ở,,,so hong
3500.0,35.0,"Quận Bình Thạnh, TP. Hồ Chí Minh",Quận Bình Thạnh,4,5,,nhà ở,,,so hong
34560.0,216.0,"Quận 2 (TP. Thủ Đức), TP. Hồ Chí Minh",Quận 2 (TP. Thủ Đức),0,0,,nhà ở,,,so hong
21500.0,128.0,"Quận Gò Vấp, TP. Hồ Chí Minh",Quận Gò Vấp,1,1,,nhà ở,,,so hong
1520.0,60.0,"Quận Bình Tân, TP. Hồ Chí Minh",Quận Bình Tân,2,1,,căn hộ,,,so hong
2640.0,82.0,"Quận 10, TP. Hồ Chí Minh",Quận 10,2,2,,căn hộ,,,so hong
2565.0,45.0,"Quận Gò Vấp, TP. Hồ Chí Minh",Quận Gò Vấp,3,3,,nhà ở,,,so hong
1750.0,76.0,"Quận Tân Bình, TP. Hồ Chí Minh",Quận Tân Bình,6,5,,nhà ở,,,so hong
3600.0,23.0,"Quận Bình Thạnh, TP. Hồ Chí Minh",Quận Bình Thạnh,2,3,,nhà ở,,,so hong
42240.0,264.0,"Quận 2 (TP. Thủ Đức), TP. Hồ Chí Minh",Quận 2 (TP. Thủ Đức),4,4,,biệt thự,,,khong xac dinh
8900.0,30.0,"Quận 10, TP. Hồ Chí Minh",Quận 10,4,4,,nhà ở,,,so hong
1795.0,50.0,"Quận Phú Nhuận, TP. Hồ Chí Minh",Quận Phú Nhuận,4,5,,nhà ở,,,so hong
24000.0,120.0,"Quận Bình Thạnh, TP. Hồ Chí Minh",Quận Bình Thạnh,6,6,,nhà ở,,,so hong
37000.0,200.0,"Quận 2 (TP. Thủ Đức), TP. Hồ Chí Minh",Quận 2 (TP. Thủ Đức),0,0,,đất nền,,,so do
9180.0,81.0,"Quận Gò Vấp, TP. Hồ Chí Minh",Quận Gò Vấp,4,5,,nhà ở,,,so hong
2100.0,68.0,"Quận Thủ Đức (TP. Thủ Đức), TP. Hồ Chí Minh",Quận Thủ Đức (TP. Thủ Đức),2,2,,căn hộ,,,so hong
14990.0,90.0,"Quận 3, TP. Hồ Chí Minh",Quận 3,5,5,,nhà ở,,,giay to hop le
3630.0,32.0,"Quận Phú Nhuận, TP. Hồ Chí Minh",Quận Phú Nhuận,3,3,,nhà ở,,,so hong
1625.0,63.0,"Quận Gò Vấp, TP. Hồ Chí Minh",Quận Gò Vấp,4,3,,nhà ở,,,so hong
3350.0,50.0,"Quận Gò Vấp, TP. Hồ Chí Minh",Quận Gò Vấp,3,2,,nhà ở,,,so hong
66000.0,220.0,"Quận 2 (TP. Thủ Đức), TP. Hồ Chí Minh",Quận 2 (TP. Thủ Đức),5,5,,biệt thự,,,so hong
10000.0,68.0,"Quận Tân Phú, TP. Hồ Chí Minh",Quận Tân Phú,5,4,,nhà ở,,,so hong
1860.0,45.0,"Quận 11, TP. Hồ Chí Minh",Quận 11,4,3,,nhà ở,,,so hong
9300.0,63.0,"Quận Gò Vấp, TP. Hồ Chí Minh",Quận Gò Vấp,4,4,,nhà ở,,,so hong
26000.0,119.0,"Quận 2 (TP. Thủ Đức), TP. Hồ Chí Minh",Quận 2 (TP. Thủ Đức),4,4,,biệt thự,,,so hong
1390.0,42.0,"Quận Tân Bình, TP. Hồ Chí Minh",Quận Tân Bình,2,3,,nhà ở,,,so hong
2900.0,68.0,"Quận Bình Thạnh, TP. Hồ Chí Minh",Quận Bình Thạnh,4,4,,nhà ở,,,so hong
3795.0,58.0,"Quận Tân Bình, TP. Hồ Chí Minh",Quận Tân Bình,6,5,,nhà ở,,,so hong
1625.0,46.0,"Quận Bình Thạnh, TP. Hồ Chí Minh",Quận Bình Thạnh,3,2,,nhà ở,,,so hong
3680.0,40.0,"Quận Phú Nhuận, TP. Hồ Chí Minh",Quận Phú Nhuận,3,3,,nhà ở,,,so hong
53284.0,308.0,"Quận 2 (TP. Thủ Đức), TP. Hồ Chí Minh",Quận 2 (TP. Thủ Đức),0,0,,đất nền,,,so hong
4880.0,48.0,"Quận 10, TP. Hồ Chí Minh",Quận 10,4,4,,nhà ở,,,so hong
11000.0,78.0,"Quận Tân Phú, TP. Hồ Chí Minh",Quận Tân Phú,6,7,,nhà ở,,,so hong
1415.0,75.0,"Quận Bình Tân, TP. Hồ Chí Minh",Quận Bình Tân,2,2,,nhà ở,,,so hong
32000.0,230.0,"Quận Gò Vấp, TP. Hồ Chí Minh",Quận Gò Vấp,7,8,,biệt thự,,,so hong
1780.0,38.0,"Quận Tân Bình, TP. Hồ Chí Minh",Quận Tân Bình,2,2,,nhà ở,,,so hong
2800.0,42.0,"Quận Phú Nhuận, TP. Hồ Chí Minh",Quận Phú Nhuận,3,3,,nhà ở,,,so hong
5510.0,80.0,"Quận Bình Thạnh, TP. Hồ Chí Minh",Quận Bình Thạnh,2,2,,căn hộ,,,so hong
1365.0,43.0,"Quận Tân Phú, TP. Hồ Chí Minh",Quận Tân Phú,2,2,,nhà ở,,,so hong
5350.0,50.0,"Quận Bình Thạnh, TP. Hồ Chí Minh",Quận Bình Thạnh,4,3,,nhà ở,,,so hong
54000.0,180.0,"Quận 2 (TP. Thủ Đức), TP. Hồ Chí Minh",Quận 2 (TP. Thủ Đức),0,0,,đất nền,,,so hong
16300.0,127.0,"Quận 2 (TP. Thủ Đức), TP. Hồ Chí Minh",Quận 2 (TP. Thủ Đức),3,2,,căn hộ,,,so hong
8800.0,70.0,"Quận Tân Phú, TP. Hồ Chí Minh",Quận Tân Phú,4,4,,nhà ở,,,so hong
1475.0,69.0,"Quận 7, TP. Hồ Chí Minh",Quận 7,2,2,,nhà ở,,,so hong
46800.0,275.0,"Quận Gò Vấp, TP. Hồ Chí Minh",Quận Gò Vấp,7,7,,biệt thự,,,so hong
17499.0,120.0,"Quận 2 (TP. Thủ Đức), TP. Hồ Chí Minh",Quận 2 (TP. Thủ Đức),3,3,,nhà phố,,,so hong
3750.0,30.0,"Quận Phú Nhuận, TP. Hồ Chí Minh",Quận Phú Nhuận,4,5,,nhà ở,,,so hong
50000.0,250.0,"Quận Tân Bình, TP. Hồ Chí Minh",Quận Tân Bình,3,3,,nhà ở,,,giay to hop le
3200.0,78.0,"Quận Tân Phú, TP. Hồ Chí Minh",Quận Tân Phú,2,2,,nhà ở,,,so hong
3145.0,85.0,"Quận 7, TP. Hồ Chí Minh",Quận 7,2,2,,nhà ở,,,so hong
1735.0,40.0,"Quận Phú Nhuận, TP. Hồ Chí Minh",Quận Phú Nhuận,3,4,,nhà ở,,,so hong
3600.0,48.0,"Quận Bình Thạnh, TP. Hồ Chí Minh",Quận Bình Thạnh,3,3,,nhà ở,,,so hong
55000.0,520.0,"Quận 2 (TP. Thủ Đức), TP. Hồ Chí Minh",Quận 2 (TP. Thủ Đức),0,0,,đất nền,,,so hong
3660.0,43.0,"Quận 10, TP. Hồ Chí Minh",Quận 10,5,4,,nhà ở,,,so hong
5900.0,52.0,"Quận Thủ Đức (TP. Thủ Đức), TP. Hồ Chí Minh",Quận Thủ Đức (TP. Thủ Đức),4,4,,nhà ở,,,so hong
1945.0,60.0,"Quận Tân Bình, TP. Hồ Chí Minh",Quận Tân Bình,6,4,,nhà ở,,,so hong
3265.0,80.0,"Quận 6, TP. Hồ Chí Minh",Quận 6,2,2,,nhà ở,,,so hong
2280.0,47.0,"Quận Tân Phú, TP. Hồ Chí Minh",Quận Tân Phú,2,2,,nhà ở,,,so hong
5190.0,76.0,"Quận 7, TP. Hồ Chí Minh",Quận 7,2,2,,nhà ở,,,so hong
2750.0,17.0,"Quận Bình Thạnh, TP. Hồ Chí Minh",Quận Bình Thạnh,2,2,,nhà ở,,,so hong
2130.0,45.0,"Quận Gò Vấp, TP. Hồ Chí Minh",Quận Gò Vấp,3,4,,nhà ở,,,so hong
3900.0,30.0,"Quận Phú Nhuận, TP. Hồ Chí Minh",Quận Phú Nhuận,3,3,,nhà ở,,,so hong
6390.0,71.0,"Quận Phú Nhuận, TP. Hồ Chí Minh",Quận Phú Nhuận,4,4,,nhà ở,,,so hong
2860.0,170.0,"Quận Bình Thạnh, TP. Hồ Chí Minh",Quận Bình Thạnh,4,4,,nhà ở,,,so hong
3695.0,43.0,"Quận Bình Thạnh, TP. Hồ Chí Minh",Quận Bình Thạnh,4,5,,nhà ở,,,so hong
2900.0,38.0,"Quận Phú Nhuận, TP. Hồ Chí Minh",Quận Phú Nhuận,3,2,,nhà ở,,,so hong
35000.0,176.0,"Quận Phú Nhuận, TP. Hồ Chí Minh",Quận Phú Nhuận,6,6,,nhà ở,,,giay to hop le
2140.0,70.0,"Quận 7, TP. Hồ Chí Minh",Quận 7,2,2,,nhà ở,,,so hong
6250.0,39.0,"Quận Bình Thạnh, TP. Hồ Chí Minh",Quận Bình Thạnh,3,3,,nhà ở,,,so hong
1840.0,67.0,"Quận Gò Vấp, TP. Hồ Chí Minh",Quận Gò Vấp,5,7,,nhà ở,,,so hong
3790.0,20.0,"Quận Phú Nhuận, TP. Hồ Chí Minh",Quận Phú Nhuận,2,3,,nhà ở,,,so hong
26000.0,200.0,"Quận 2 (TP. Thủ Đức), TP. Hồ Chí Minh",Quận 2 (TP. Thủ Đức),2,2,,nhà ở,,,so hong
4025.0,50.0,"Quận 5, TP. Hồ Chí Minh",Quận 5,4,5,,nhà ở,,,so hong
12800.0,200.0,"Quận Tân Phú, TP. Hồ Chí Minh",Quận Tân Phú,4,4,,nhà ở,,,so hong
1175.0,65.0,"Quận 12, TP. Hồ Chí Minh",Quận 12,2,2,,căn hộ,,,so hong
12400.0,88.0,"Quận Gò Vấp, TP. Hồ Chí Minh",Quận Gò Vấp,5,5,,nhà ở,,,so hong
3300.0,40.0,"Quận Bình Thạnh, TP. Hồ Chí Minh",Quận Bình Thạnh,4,3,,nhà ở,,,so hong
3100.0,52.0,"Quận Gò Vấp, TP. Hồ Chí Minh",Quận Gò Vấp,4,4,,nhà ở,,,so hong
3370.0,85.0,"Quận Tân Phú, TP. Hồ Chí Minh",Quận Tân Phú,2,2,,căn hộ,,,so hong
7950.0,60.0,"Quận Bình Thạnh, TP. Hồ Chí Minh",Quận Bình Thạnh,3,2,,nhà ở,,,so hong
1460.0,36.0,"Quận Bình Thạnh, TP. Hồ Chí Minh",Quận Bình Thạnh,2,2,,nhà ở,,,so hong
3550.0,48.0,"Quận Bình Thạnh, TP. Hồ Chí Minh",Quận Bình Thạnh,4,3,,nhà ở,,,so hong
52000.0,200.0,"Quận 2 (TP. Thủ Đức), TP. Hồ Chí Minh",Quận 2 (TP. Thủ Đức),0,0,,nhà ở,,,so hong
2425.0,39.0,"Quận Tân Bình, TP. Hồ Chí Minh",Quận Tân Bình,2,2,,nhà hẻm,,,so hong
1560.0,100.0,"Quận Tân Phú, TP. Hồ Chí Minh",Quận Tân Phú,3,2,,căn hộ,,,so hong
17000.0,80.0,"Quận Gò Vấp, TP. Hồ Chí Minh",Quận Gò Vấp,4,5,,nhà ở,,,so hong
2490.0,38.0,"Quận 4, TP. Hồ Chí Minh",Quận 4,3,2,,nhà ở,,,so hong
3200.0,52.0,"Quận Bình Thạnh, TP. Hồ Chí Minh",Quận Bình Thạnh,4,5,,nhà ở,,,so hong
2799.0,65.0,"Quận 7, TP. Hồ Chí Minh",Quận 7,2,2,,nhà ở,,,so hong
1745.0,52.0,"Quận Gò Vấp, TP. Hồ Chí Minh",Quận Gò Vấp,3,3,,nhà ở,,,so hong
7350.0,52.0,"Quận Bình Thạnh, TP. Hồ Chí Minh",Quận Bình Thạnh,2,2,,nhà ở,,,so hong
4350.0,46.0,"Quận Bình Thạnh, TP. Hồ Chí Minh",Quận Bình Thạnh,3,3,,nhà ở,,,so hong
24108.0,294.0,"Quận 2 (TP. Thủ Đức), TP. Hồ Chí Minh",Quận 2 (TP. Thủ Đức),0,0,,nhà ở,,,so hong
3650.0,85.0,"Quận Tân Phú, TP. Hồ Chí Minh",Quận Tân Phú,3,3,,nhà ở,,,so hong
18000.0,64.0,"Quận 11, TP. Hồ Chí Minh",Quận 11,6,7,,nhà ở,,,so hong
1145.0,75.0,"Quận 9 (TP. Thủ Đức), TP. Hồ Chí Minh",Quận 9 (TP. Thủ Đức),2,2,,căn hộ,,,so hong
15700.0,80.0,"Quận Gò Vấp, TP. Hồ Chí Minh",Quận Gò Vấp,9,8,,nhà ở,,,so hong
54999.0,200.0,"Quận 2 (TP. Thủ Đức), TP. Hồ Chí Minh",Quận 2 (TP. Thủ Đức),4,4,,biệt thự,,,so hong
4580.0,116.0,"Quận 11, TP. Hồ Chí Minh",Quận 11,2,2,,căn hộ,,,so hong
2200.0,56.0,"Quận Bình Thạnh, TP. Hồ Chí Minh",Quận Bình Thạnh,3,4,,nhà ở,,,so hong
3905.0,80.0,"Quận 4, TP. Hồ Chí Minh",Quận 4,2,2,,căn hộ,,,so hong
1245.0,74.0,"Quận Gò Vấp, TP. Hồ Chí Minh",Quận Gò Vấp,2,2,,căn hộ,,,so hong
5980.0,52.0,"Quận Gò Vấp, TP. Hồ Chí Minh",Quận Gò Vấp,3,2,,nhà ở,,,so hong
2550.0,20.0,"Quận Bình Thạnh, TP. Hồ Chí Minh",Quận Bình Thạnh,2,2,,nhà ở,,,so hong
12000.0,68.0,"Quận 2 (TP. Thủ Đức), TP. Hồ Chí Minh",Quận 2 (TP. Thủ Đức),2,2,,nhà ở,,,so hong
3600.0,63.0,"Quận 10, TP. Hồ Chí Minh",Quận 10,6,5,,nhà ở,,,so hong
13500.0,56.0,"Quận 11, TP. Hồ Chí Minh",Quận 11,3,3,,nhà ở,,,so hong
1390.0,66.0,"Quận 11, TP. Hồ Chí Minh",Quận 11,2,2,,nhà ở,,,so hong
22900.0,88.0,"Quận Gò Vấp, TP. Hồ Chí Minh",Quận Gò Vấp,7,7,,nhà ở,,,so hong
4035.0,52.0,"Quận 3, TP. Hồ Chí Minh",Quận 3,2,3,,nhà ở,,,so hong
65000.0,300.0,"Quận Tân Bình, TP. Hồ Chí Minh",Quận Tân Bình,8,8,,nhà ở,,,giay to hop le
2430.0,76.0,"Quận 7, TP. Hồ Chí Minh",Quận 7,2,2,,căn hộ,,,so hong
2025.0,68.0,"Quận 5, TP. Hồ Chí Minh",Quận 5,2,1,,căn hộ,,,so hong
8800.0,65.0,"Quận Gò Vấp, TP. Hồ Chí Minh",Quận Gò Vấp,4,3,,nhà ở,,,so hong
1875.0,56.0,"Quận Gò Vấp, TP. Hồ Chí Minh",Quận Gò Vấp,3,4,,nhà ở,,,so hong
2150.0,36.0,"Quận Bình Thạnh, TP. Hồ Chí Minh",Quận Bình Thạnh,2,1,,nhà ở,,,so hong
15000.0,68.0,"Quận 2 (TP. Thủ Đức), TP. Hồ Chí Minh",Quận 2 (TP. Thủ Đức),5,5,,nhà ở,,,so hong
3750.0,40.0,"Quận Phú Nhuận, TP. Hồ Chí Minh",Quận Phú Nhuận,4,3,,nhà ở,,,so hong
8500.0,91.0,"Quận Tân Phú, TP. Hồ Chí Minh",Quận Tân Phú,3,2,,nhà ở,,,so hong
1050.0,70.0,"Huyện Nhà Bè, TP. Hồ Chí Minh",Huyện Nhà Bè,2,2,,nhà ở,,,so hong
14500.0,122.0,"Quận Gò Vấp, TP. Hồ Chí Minh",Quận Gò Vấp,10,11,,nhà ở,,,so hong
31000.0,104.0,"Quận 2 (TP. Thủ Đức), TP. Hồ Chí Minh",Quận 2 (TP. Thủ Đức),11,11,,căn hộ,,,khong xac dinh
1950.0,60.0,"Quận 8, TP. Hồ Chí Minh",Quận 8,2,1,,nhà ở,,,so hong
2630.0,79.0,"Quận Bình Thạnh, TP. Hồ Chí Minh",Quận Bình Thạnh,2,2,,căn hộ,,,so hong
1650.0,60.0,"Quận 2 (TP. Thủ Đức), TP. Hồ Chí Minh",Quận 2 (TP. Thủ Đức),2,1,,căn hộ,,,so hong
1690.0,35.0,"Quận 10, TP. Hồ Chí Minh",Quận 10,2,3,,nhà ở,,,so hong
8900.0,59.0,"Quận Gò Vấp, TP. Hồ Chí Minh",Quận Gò Vấp,4,4,,nhà ở,,,so hong
2800.0,60.0,"Quận Bình Thạnh, TP. Hồ Chí Minh",Quận Bình Thạnh,2,2,,căn hộ,,,so hong
11000.0,56.0,"Quận 2 (TP. Thủ Đức), TP. Hồ Chí Minh",Quận 2 (TP. Thủ Đức),8,8,,nhà ở,,,so hong
24905.0,1465.0,"Huyện Bình Chánh, TP. Hồ Chí Minh",Huyện Bình Chánh,0,0,,đất nền,,,so hong
1360.0,59.0,"Quận 3, TP. Hồ Chí Minh",Quận 3,2,2,,căn hộ,,,so hong
15000.0,125.0,"Quận Gò Vấp, TP. Hồ Chí Minh",Quận Gò Vấp,2,2,,nhà ở,,,so hong
2200.0,23.0,"Quận Phú Nhuận, TP. Hồ Chí Minh",Quận Phú Nhuận,2,3,,nhà ở,,,so hong
1780.0,41.0,"Quận 5, TP. Hồ Chí Minh",Quận 5,1,1,,căn hộ,,,so hong
2000.0,62.0,"Quận 8, TP. Hồ Chí Minh",Quận 8,2,1,,căn hộ,,,so hong
2110.0,50.0,"Quận 3, TP. Hồ Chí Minh",Quận 3,6,7,,nhà ở,,,so hong
13600.0,105.0,"Quận Gò Vấp, TP. Hồ Chí Minh",Quận Gò Vấp,2,3,,nhà ở,,,so hong
3600.0,60.0,"Quận Bình Thạnh, TP. Hồ Chí Minh",Quận Bình Thạnh,3,2,,nhà ở,,,so hong
32760.0,252.0,"Quận 2 (TP. Thủ Đức), TP. Hồ Chí Minh",Quận 2 (TP. Thủ Đức),0,0,,biệt thự,,,so hong
3730.0,33.0,"Quận Gò Vấp, TP. Hồ Chí Minh",Quận Gò Vấp,3,3,,nhà ở,,,so hong
1540.0,75.0,"Quận 7, TP. Hồ Chí Minh",Quận 7,3,2,,nhà ở,,,so hong
14500.0,82.0,"Quận Gò Vấp, TP. Hồ Chí Minh",Quận Gò Vấp,5,6,,nhà ở,,,so hong
2950.0,55.0,"Quận 10, TP. Hồ Chí Minh",Quận 10,3,4,,nhà ở,,,so hong
2330.0,79.0,"Quận 7, TP. Hồ Chí Minh",Quận 7,2,2,,căn hộ,,,so hong
6120.0,120.0,"Quận Bình Thạnh, TP. Hồ Chí Minh",Quận Bình Thạnh,3,2,,căn hộ,,,so hong
2550.0,110.0,"Quận Phú Nhuận, TP. Hồ Chí Minh",Quận Phú Nhuận,2,2,,nhà ở,,,so hong
4450.0,30.0,"Quận Gò Vấp, TP. Hồ Chí Minh",Quận Gò Vấp,2,3,,nhà ở,,,so hong
4350.0,62.0,"Quận 9 (TP. Thủ Đức), TP. Hồ Chí Minh",Quận 9 (TP. Thủ Đức),0,0,,đất nền,,,so hong
3900.0,50.0,"Quận Bình Thạnh, TP. Hồ Chí Minh",Quận Bình Thạnh,4,4,,nhà ở,,,so hong
13000.0,61.0,"Quận 2 (TP. Thủ Đức), TP. Hồ Chí Minh",Quận 2 (TP. Thủ Đức),8,8,,nhà ở,,,so hong
2570.0,17.0,"Quận Phú Nhuận, TP. Hồ Chí Minh",Quận Phú Nhuận,4,3,,nhà ở,,,so hong
9200.0,52.0,"Quận 11, TP. Hồ Chí Minh",Quận 11,4,3,,nhà ở,,,khong xac dinh
1375.0,67.0,"Quận 7, TP. Hồ Chí Minh",Quận 7,2,2,,nhà ở,,,so hong
12500.0,121.0,"Quận Gò Vấp, TP. Hồ Chí Minh",Quận Gò Vấp,11,11,,nhà ở,,,so hong
2445.0,22.0,"Quận 4, TP. Hồ Chí Minh",Quận 4,3,3,,nhà ở,,,so hong
2130.0,68.0,"Quận 6, TP. Hồ Chí Minh",Quận 6,2,2,,căn hộ,,,so hong
2000.0,19.0,"Quận 3, TP. Hồ Chí Minh",Quận 3,3,4,,nhà ở,,,so hong
2630.0,46.0,"Quận Phú Nhuận, TP. Hồ Chí Minh",Quận Phú Nhuận,3,2,,nhà ở,,,so hong
3450.0,31.0,"Quận Gò Vấp, TP. Hồ Chí Minh",Quận Gò Vấp,2,1,,nhà ở,,,so hong
5800.0,52.0,"Quận 9 (TP. Thủ Đức), TP. Hồ Chí Minh",Quận 9 (TP. Thủ Đức),4,5,,nhà ở,,,so hong
3950.0,30.0,"Quận Gò Vấp, TP. Hồ Chí Minh",Quận Gò Vấp,2,3,,nhà ở,,,so hong
13000.0,120.0,"Quận 2 (TP. Thủ Đức), TP. Hồ Chí Minh",Quận 2 (TP. Thủ Đức),4,3,,nhà ở,,,so hong
3635.0,28.0,"Quận Bình Thạnh, TP. Hồ Chí Minh",Quận Bình Thạnh,2,2,,nhà ở,,,so hong
9000.0,88.0,"Quận Tân Phú, TP. Hồ Chí Minh",Quận Tân Phú,4,4,,nhà ở,,,khong xac dinh
1365.0,70.0,"Quận Thủ Đức (TP. Thủ Đức), TP. Hồ Chí Minh",Quận Thủ Đức (TP. Thủ Đức),2,2,,căn hộ,,,so hong
16900.0,110.0,"Quận Gò Vấp, TP. Hồ Chí Minh",Quận Gò Vấp,4,3,,nhà ở,,,so hong
16800.0,64.0,"Quận 2 (TP. Thủ Đức), TP. Hồ Chí Minh",Quận 2 (TP. Thủ Đức),5,5,,nhà ở,,,so hong
2700.0,32.0,"Quận 4, TP. Hồ Chí Minh",Quận 4,4,3,,nhà ở,,,so hong
1340.0,46.0,"Quận Bình Thạnh, TP. Hồ Chí Minh",Quận Bình Thạnh,1,1,,căn hộ,,,so hong
1480.0,62.0,"Quận 8, TP. Hồ Chí Minh",Quận 8,2,2,,căn hộ,,,so hong
2940.0,30.0,"Quận Gò Vấp, TP. Hồ Chí Minh",Quận Gò Vấp,2,2,,nhà ở,,,so hong
2105.0,109.0,"Quận 2 (TP. Thủ Đức), TP. Hồ Chí Minh",Quận 2 (TP. Thủ Đức),3,2,,căn hộ,,,so hong
13500.0,88.0,"Quận 9 (TP. Thủ Đức), TP. Hồ Chí Minh",Quận 9 (TP. Thủ Đức),3,3,,nhà ở,,,so hong
2630.0,39.0,"Quận Tân Phú, TP. Hồ Chí Minh",Quận Tân Phú,2,3,,nhà ở,,,so hong
19600.0,196.0,"Quận 2 (TP. Thủ Đức), TP. Hồ Chí Minh",Quận 2 (TP. Thủ Đức),0,0,,đất nền,,,so hong
4975.0,40.0,"Quận Phú Nhuận, TP. Hồ Chí Minh",Quận Phú Nhuận,4,4,,nhà ở,,,so hong
15500.0,64.0,"Quận Tân Phú, TP. Hồ Chí Minh",Quận Tân Phú,4,4,,nhà ở,,,so hong
1275.0,54.0,"Quận 7, TP. Hồ Chí Minh",Quận 7,2,1,,nhà ở,,,so hong
2250.0,24.0,"Quận 4, TP. Hồ Chí Minh",Quận 4,3,3,,nhà ở,,,so hong
2230.0,79.0,"Quận 7, TP. Hồ Chí Minh",Quận 7,2,2,,căn hộ,,,so hong
3390.0,45.0,"Quận Phú Nhuận, TP. Hồ Chí Minh",Quận Phú Nhuận,4,4,,nhà ở,,,so hong
3700.0,28.0,"Quận 10, TP. Hồ Chí Minh",Quận 10,2,2,,nhà ở,,,so hong
8200.0,48.0,"Quận Gò Vấp, TP. Hồ Chí Minh",Quận Gò Vấp,4,5,,nhà ở,,,so hong
4250.0,176.0,"Quận Phú Nhuận, TP. Hồ Chí Minh",Quận Phú Nhuận,5,4,,nhà ở,,,so hong
5990.0,90.0,"Quận 9 (TP. Thủ Đức), TP. Hồ Chí Minh",Quận 9 (TP. Thủ Đức),3,2,,nhà ở,,,so hong
3880.0,25.0,"Quận Bình Thạnh, TP. Hồ Chí Minh",Quận Bình Thạnh,2,2,,nhà ở,,,so hong
17000.0,100.0,"Quận 2 (TP. Thủ Đức), TP. Hồ Chí Minh",Quận 2 (TP. Thủ Đức),0,0,,nhà ở,,,khong xac dinh
2135.0,52.0,"Quận 5, TP. Hồ Chí Minh",Quận 5,3,3,,nhà ở,,,so hong
5799.0,60.0,"Quận Tân Phú, TP. Hồ Chí Minh",Quận Tân Phú,3,1,,nhà hẻm,,,so hong
1975.0,83.0,"Quận 4, TP. Hồ Chí Minh",Quận 4,2,2,,căn hộ,,,so hong
14000.0,100.0,"Quận 2 (TP. Thủ Đức), TP. Hồ Chí Minh",Quận 2 (TP. Thủ Đức),4,4,,nhà ở,,,so hong
5275.0,36.0,"Quận 3, TP. Hồ Chí Minh",Quận 3,3,4,,nhà ở,,,so hong
2360.0,82.0,"Huyện Nhà Bè, TP. Hồ Chí Minh",Huyện Nhà Bè,2,2,,căn hộ,,,so hong
4150.0,47.0,"Quận Bình Thạnh, TP. Hồ Chí Minh",Quận Bình Thạnh,5,4,,nhà ở,,,so hong
8900.0,42.0,"Quận Gò Vấp, TP. Hồ Chí Minh",Quận Gò Vấp,4,6,,nhà ở,,,so hong
1930.0,95.0,"Quận 2 (TP. Thủ Đức), TP. Hồ Chí Minh",Quận 2 (TP. Thủ Đức),3,2,,căn hộ,,,so hong
3390.0,60.0,"Quận Bình Thạnh, TP. Hồ Chí Minh",Quận Bình Thạnh,3,3,,nhà ở,,,so hong
18000.0,443.0,"Quận 2 (TP. Thủ Đức), TP. Hồ Chí Minh",Quận 2 (TP. Thủ Đức),4,4,,nhà ở,,,so hong
5110.0,53.0,"Quận Bình Thạnh, TP. Hồ Chí Minh",Quận Bình Thạnh,7,6,,nhà ở,,,so hong
16999.0,140.0,"Quận Tân Phú, TP. Hồ Chí Minh",Quận Tân Phú,2,2,,nhà ở,,,so hong
1490.0,66.0,"Quận Phú Nhuận, TP. Hồ Chí Minh",Quận Phú Nhuận,2,2,,nhà ở,,,so hong
13500.0,120.0,"Quận Gò Vấp, TP. Hồ Chí Minh",Quận Gò Vấp,5,5,,nhà ở,,,so hong
33000.0,159.0,"Quận 2 (TP. Thủ Đức), TP. Hồ Chí Minh",Quận 2 (TP. Thủ Đức),5,5,,biệt thự,,,so hong
5110.0,58.0,"Quận Phú Nhuận, TP. Hồ Chí Minh",Quận Phú Nhuận,5,4,,nhà ở,,,so hong
2170.0,41.0,"Quận 10, TP. Hồ Chí Minh",Quận 10,2,2,,nhà ở,,,so hong
45000.0,160.0,"Quận Bình Thạnh, TP. Hồ Chí Minh",Quận Bình Thạnh,6,6,,nhà ở,,,giay to hop le
3950.0,36.0,"Quận 10, TP. Hồ Chí Minh",Quận 10,4,4,,nhà ở,,,so hong
5600.0,48.0,"Quận Phú Nhuận, TP. Hồ Chí Minh",Quận Phú Nhuận,3,3,,nhà ở,,,so hong
6990.0,50.0,"Quận Gò Vấp, TP. Hồ Chí Minh",Quận Gò Vấp,2,2,,nhà ở,,,so hong
2140.0,133.0,"Quận 4, TP. Hồ Chí Minh",Quận 4,3,3,,căn hộ,,,so hong
10000.0,72.0,"Quận 9 (TP. Thủ Đức), TP. Hồ Chí Minh",Quận 9 (TP. Thủ Đức),4,3,,nhà ở,,,so hong
5390.0,60.0,"Quận 7, TP. Hồ Chí Minh",Quận 7,4,4,,nhà phố,,,so hong
940.0,29.0,"Quận 4, TP. Hồ Chí Minh",Quận 4,3,2,,nhà ở,,,so hong
5699.0,65.0,"Quận Bình Tân, TP. Hồ Chí Minh",Quận Bình Tân,3,3,,nhà ở,,,so hong
1650.0,84.0,"Quận 7, TP. Hồ Chí Minh",Quận 7,2,2,,căn hộ,,,so hong
22300.0,220.0,"Quận Gò Vấp, TP. Hồ Chí Minh",Quận Gò Vấp,4,4,,nhà ở,,,so hong
2380.0,25.0,"Quận Bình Thạnh, TP. Hồ Chí Minh",Quận Bình Thạnh,2,3,,nhà ở,,,so hong
2540.0,69.0,"Quận 7, TP. Hồ Chí Minh",Quận 7,2,2,,căn hộ,,,so hong
2475.0,31.0,"Quận Bình Thạnh, TP. Hồ Chí Minh",Quận Bình Thạnh,3,3,,nhà ở,,,so hong
12000.0,89.0,"Quận Gò Vấp, TP. Hồ Chí Minh",Quận Gò Vấp,5,5,,nhà ở,,,so hong
6500.0,39.0,"Quận Gò Vấp, TP. Hồ Chí Minh",Quận Gò Vấp,4,4,,nhà ở,,,so hong
1370.0,54.0,"Quận Bình Thạnh, TP. Hồ Chí Minh",Quận Bình Thạnh,2,1,,căn hộ,,,so hong
9600.0,90.0,"Quận 9 (TP. Thủ Đức), TP. Hồ Chí Minh",Quận 9 (TP. Thủ Đức),0,0,,đất nền,,,so hong
4350.0,48.0,"Quận Gò Vấp, TP. Hồ Chí Minh",Quận Gò Vấp,4,5,,nhà hẻm,,,so hong
10000.0,100.0,"Quận 9 (TP. Thủ Đức), TP. Hồ Chí Minh",Quận 9 (TP. Thủ Đức),5,5,,nhà ở,,,so hong
4810.0,48.0,"Quận Gò Vấp, TP. Hồ Chí Minh",Quận Gò Vấp,4,3,,nhà ở,,,so hong
5800.0,60.0,"Quận Tân Phú, TP. Hồ Chí Minh",Quận Tân Phú,3,2,,nhà hẻm,,,so hong
1435.0,53.0,"Quận Tân Phú, TP. Hồ Chí Minh",Quận Tân Phú,1,1,,căn hộ,,,so hong
23000.0,190.0,"Quận Tân Bình, TP. Hồ Chí Minh",Quận Tân Bình,4,2,,nhà ở,,,so hong
20000.0,110.0,"Quận 2 (TP. Thủ Đức), TP. Hồ Chí Minh",Quận 2 (TP. Thủ Đức),4,4,,biệt thự,,,so hong
2990.0,38.0,"Quận Bình Thạnh, TP. Hồ Chí Minh",Quận Bình Thạnh,3,4,,nhà ở,,,so hong
4915.0,44.0,"Quận 3, TP. Hồ Chí Minh",Quận 3,4,4,,nhà ở,,,so hong
6680.0,68.0,"Quận Bình Thạnh, TP. Hồ Chí Minh",Quận Bình Thạnh,4,3,,nhà ở,,,so hong
10300.0,70.0,"Quận Gò Vấp, TP. Hồ Chí Minh",Quận Gò Vấp,4,3,,nhà hẻm,,,so hong
1825.0,84.0,"Quận 4, TP. Hồ Chí Minh",Quận 4,2,2,,căn hộ,,,so hong
11200.0,172.0,"Quận 9 (TP. Thủ Đức), TP. Hồ Chí Minh",Quận 9 (TP. Thủ Đức),0,0,,đất nền,,,so hong
3850.0,37.0,"Quận Gò Vấp, TP. Hồ Chí Minh",Quận Gò Vấp,2,2,,nhà ở,,,so hong
8180.0,72.0,"Quận Phú Nhuận, TP. Hồ Chí Minh",Quận Phú Nhuận,5,4,,nhà ở,,,so hong
8199.0,72.0,"Quận Tân Bình, TP. Hồ Chí Minh",Quận Tân Bình,4,3,,nhà ở,,,so hong
1520.0,80.0,"Quận Bình Thạnh, TP. Hồ Chí Minh",Quận Bình Thạnh,6,5,,nhà ở,,,so hong
31000.0,150.0,"Quận Gò Vấp, TP. Hồ Chí Minh",Quận Gò Vấp,0,8,,nhà ở,,,so hong
5375.0,40.0,"Quận Bình Thạnh, TP. Hồ Chí Minh",Quận Bình Thạnh,5,6,,biệt thự,,,so hong
58000.0,215.0,"Quận Phú Nhuận, TP. Hồ Chí Minh",Quận Phú Nhuận,6,6,,nhà ở,,,giay to hop le
2550.0,28.0,"Quận Bình Thạnh, TP. Hồ Chí Minh",Quận Bình Thạnh,3,3,,nhà ở,,,so hong
4400.0,50.0,"Quận Gò Vấp, TP. Hồ Chí Minh",Quận Gò Vấp,4,3,,nhà ở,,,so hong
7800.0,104.0,"Quận Gò Vấp, TP. Hồ Chí Minh",Quận Gò Vấp,2,2,,nhà ở,,,so hong
28000.0,136.0,"Quận 9 (TP. Thủ Đức), TP. Hồ Chí Minh",Quận 9 (TP. Thủ Đức),1,1,,nhà ở,,,so hong
2900.0,24.0,"Quận Gò Vấp, TP. Hồ Chí Minh",Quận Gò Vấp,2,2,,nhà ở,,,khong xac dinh
1900.0,16.0,"Quận Tân Phú, TP. Hồ Chí Minh",Quận Tân Phú,0,1,,nhà ở,,,so hong
2240.0,60.0,"Quận 10, TP. Hồ Chí Minh",Quận 10,4,3,,nhà ở,,,so hong
8300.0,66.0,"Quận Gò Vấp, TP. Hồ Chí Minh",Quận Gò Vấp,4,5,,nhà ở,,,so hong
7515.0,70.0,"Quận 3, TP. Hồ Chí Minh",Quận 3,4,5,,nhà ở,,,so hong
16230.0,105.0,"Quận 3, TP. Hồ Chí Minh",Quận 3,5,4,,nhà hẻm,,,so hong
4500.0,51.0,"Quận Gò Vấp, TP. Hồ Chí Minh",Quận Gò Vấp,4,3,,nhà ở,,,so hong
1425.0,90.0,"Quận Tân Bình, TP. Hồ Chí Minh",Quận Tân Bình,2,2,,nhà ở,,,so hong
26000.0,500.0,"Quận 9 (TP. Thủ Đức), TP. Hồ Chí Minh",Quận 9 (TP. Thủ Đức),0,0,,đất nền,,,so hong
3450.0,52.0,"Quận Gò Vấp, TP. Hồ Chí Minh",Quận Gò Vấp,2,2,,nhà ở,,,so hong
16500.0,100.0,"Quận 2 (TP. Thủ Đức), TP. Hồ Chí Minh",Quận 2 (TP. Thủ Đức),5,5,,nhà ở,,,so hong
7145.0,51.0,"Quận Bình Thạnh, TP. Hồ Chí Minh",Quận Bình Thạnh,3,4,,nhà ở,,,so hong
10700.0,73.0,"Quận Tân Phú, TP. Hồ Chí Minh",Quận Tân Phú,8,6,,nhà ở,,,so hong
1390.0,62.0,"Quận Bình Tân, TP. Hồ Chí Minh",Quận Bình Tân,2,1,,nhà ở,,,so hong
17500.0,61.0,"Quận 2 (TP. Thủ Đức), TP. Hồ Chí Minh",Quận 2 (TP. Thủ Đức),4,3,,nhà phố,,,so hong
2300.0,45.0,"Quận 6, TP. Hồ Chí Minh",Quận 6,4,3,,nhà hẻm,,,so hong
49990.0,186.0,"Quận Phú Nhuận, TP. Hồ Chí Minh",Quận Phú Nhuận,5,5,,nhà ở,,,giay to hop le
6130.0,98.0,"Quận 2 (TP. Thủ Đức), TP. Hồ Chí Minh",Quận 2 (TP. Thủ Đức),3,2,,căn hộ,,,so hong
5200.0,35.0,"Quận Gò Vấp, TP. Hồ Chí Minh",Quận Gò Vấp,3,4,,nhà ở,,,so hong
1390.0,83.0,"Quận 10, TP. Hồ Chí Minh",Quận 10,2,2,,căn hộ,,,so hong
45000.0,188.0,"Quận 9 (TP. Thủ Đức), TP. Hồ Chí Minh",Quận 9 (TP. Thủ Đức),3,4,,nhà ở,,,so hong
4900.0,50.0,"Quận Gò Vấp, TP. Hồ Chí Minh",Quận Gò Vấp,4,4,,nhà phố,,,so hong
15000.0,80.0,"Quận 2 (TP. Thủ Đức), TP. Hồ Chí Minh",Quận 2 (TP. Thủ Đức),0,0,,đất nền,,,so do
2050.0,61.0,"Quận 4, TP. Hồ Chí Minh",Quận 4,2,1,,căn hộ,,,so hong
1465.0,25.0,"Quận 4, TP. Hồ Chí Minh",Quận 4,2,3,,nhà phố,,,so hong
14800.0,132.0,"Quận Gò Vấp, TP. Hồ Chí Minh",Quận Gò Vấp,8,4,,nhà ở,,,so hong
2355.0,44.0,"Quận Tân Bình, TP. Hồ Chí Minh",Quận Tân Bình,3,2,,nhà ở,,,so hong
21000.0,175.0,"Quận Bình Thạnh, TP. Hồ Chí Minh",Quận Bình Thạnh,12,12,,nhà ở,,,giay to hop le
5180.0,108.0,"Quận 2 (TP. Thủ Đức), TP. Hồ Chí Minh",Quận 2 (TP. Thủ Đức),3,2,,nhà ở,,,so hong
7650.0,50.0,"Quận Gò Vấp, TP. Hồ Chí Minh",Quận Gò Vấp,3,3,,nhà hẻm,,,so hong
17800.0,198.0,"Quận 9 (TP. Thủ Đức), TP. Hồ Chí Minh",Quận 9 (TP. Thủ Đức),0,0,,đất nền,,,so hong
4080.0,80.0,"Quận Gò Vấp, TP. Hồ Chí Minh",Quận Gò Vấp,3,3,,nhà ở,,,so hong
13000.0,80.0,"Quận 2 (TP. Thủ Đức), TP. Hồ Chí Minh",Quận 2 (TP. Thủ Đức),0,0,,đất nền,,,so hong
1550.0,60.0,"Quận 12, TP. Hồ Chí Minh",Quận 12,2,2,,căn hộ,,,so hong
7900.0,50.0,"Quận Tân Phú, TP. Hồ Chí Minh",Quận Tân Phú,3,4,,nhà ở,,,so hong
1565.0,70.0,"Quận 7, TP. Hồ Chí Minh",Quận 7,2,2,,nhà ở,,,so hong
24500.0,100.0,"Quận Gò Vấp, TP. Hồ Chí Minh",Quận Gò Vấp,5,5,,nhà ở,,,so hong
42000.0,1000.0,"Quận Thủ Đức (TP. Thủ Đức), TP. Hồ Chí Minh",Quận Thủ Đức (TP. Thủ Đức),0,0,,biệt thự,,,so do
3100.0,32.0,"Quận 10, TP. Hồ Chí Minh",Quận 10,3,4,,nhà hẻm,,,so hong
16000.0,125.0,"Quận Bình Thạnh, TP. Hồ Chí Minh",Quận Bình Thạnh,5,6,,nhà ở,,,giay to hop le
2405.0,86.0,"Quận 2 (TP. Thủ Đức), TP. Hồ Chí Minh",Quận 2 (TP. Thủ Đức),3,2,,căn hộ,,,so hong
4700.0,36.0,"Quận Gò Vấp, TP. Hồ Chí Minh",Quận Gò Vấp,3,3,,nhà ở,,,so hong
1365.0,87.0,"Quận Thủ Đức (TP. Thủ Đức), TP. Hồ Chí Minh",Quận Thủ Đức (TP. Thủ Đức),2,2,,căn hộ,,,so hong
14450.0,170.0,"Quận 9 (TP. Thủ Đức), TP. Hồ Chí Minh",Quận 9 (TP. Thủ Đức),0,0,,đất nền,,,so hong
2650.0,32.0,"Quận Gò Vấp, TP. Hồ Chí Minh",Quận Gò Vấp,2,2,,nhà ở,,,so hong
26200.0,128.0,"Quận 2 (TP. Thủ Đức), TP. Hồ Chí Minh",Quận 2 (TP. Thủ Đức),0,0,,biệt thự,,,so hong
2000.0,63.0,"Quận Tân Phú, TP. Hồ Chí Minh",Quận Tân Phú,2,2,,căn hộ,,,so hong
10400.0,52.0,"Quận Tân Phú, TP. Hồ Chí Minh",Quận Tân Phú,5,6,,nhà hẻm,,,so hong
1920.0,110.0,"Quận Bình Thạnh, TP. Hồ Chí Minh",Quận Bình Thạnh,5,4,,nhà ở,,,so hong
16500.0,108.0,"Quận Gò Vấp, TP. Hồ Chí Minh",Quận Gò Vấp,13,13,,nhà ở,,,so do
38000.0,160.0,"Quận 2 (TP. Thủ Đức), TP. Hồ Chí Minh",Quận 2 (TP. Thủ Đức),4,4,,nhà ở,,,so hong
4135.0,56.0,"Quận 11, TP. Hồ Chí Minh",Quận 11,5,3,,nhà ở,,,so hong
23900.0,94.0,"Quận 10, TP. Hồ Chí Minh",Quận 10,3,2,,nhà ở,,,giay to hop le
16500.0,128.0,"Quận Gò Vấp, TP. Hồ Chí Minh",Quận Gò Vấp,3,3,,nhà ở,,,so hong
21500.0,156.0,"Quận 9 (TP. Thủ Đức), TP. Hồ Chí Minh",Quận 9 (TP. Thủ Đức),4,4,,nhà ở,,,so hong
27000.0,128.0,"Quận 2 (TP. Thủ Đức), TP. Hồ Chí Minh",Quận 2 (TP. Thủ Đức),5,5,,biệt thự,,,so hong
1950.0,58.0,"Quận 6, TP. Hồ Chí Minh",Quận 6,1,1,,căn hộ,,,so hong
2100.0,50.0,"Quận Bình Thạnh, TP. Hồ Chí Minh",Quận Bình Thạnh,2,2,,căn hộ,,,so hong
1975.0,55.0,"Quận Phú Nhuận, TP. Hồ Chí Minh",Quận Phú Nhuận,3,2,,nhà ở,,,so hong
39000.0,333.0,"Quận Gò Vấp, TP. Hồ Chí Minh",Quận Gò Vấp,2,2,,nhà ở,,,so hong
12500.0,61.0,"Quận Tân Bình, TP. Hồ Chí Minh",Quận Tân Bình,8,8,,nhà ở,,,so hong
40000.0,163.0,"Quận 2 (TP. Thủ Đức), TP. Hồ Chí Minh",Quận 2 (TP. Thủ Đức),4,4,,nhà ở,,,so hong
2500.0,36.0,"Quận 5, TP. Hồ Chí Minh",Quận 5,3,3,,nhà ở,,,so hong
7540.0,88.0,"Quận 2 (TP. Thủ Đức), TP. Hồ Chí Minh",Quận 2 (TP. Thủ Đức),3,2,,căn hộ,,,so hong
6500.0,52.0,"Quận Gò Vấp, TP. Hồ Chí Minh",Quận Gò Vấp,2,3,,nhà ở,,,so hong
1445.0,68.0,"Quận 8, TP. Hồ Chí Minh",Quận 8,2,2,,căn hộ,,,so hong
22700.0,178.0,"Quận 9 (TP. Thủ Đức), TP. Hồ Chí Minh",Quận 9 (TP. Thủ Đức),5,5,,nhà ở,,,so hong
3750.0,140.0,"Quận Phú Nhuận, TP. Hồ Chí Minh",Quận Phú Nhuận,4,5,,nhà ở,,,so hong
75000.0,295.0,"Quận Tân Bình, TP. Hồ Chí Minh",Quận Tân Bình,2,2,,nhà ở,,,so hong
1370.0,70.0,"Quận Tân Bình, TP. Hồ Chí Minh",Quận Tân Bình,2,2,,căn hộ,,,so hong
2300.0,51.0,"Quận Phú Nhuận, TP. Hồ Chí Minh",Quận Phú Nhuận,2,2,,căn hộ,,,so hong
1935.0,88.0,"Quận 4, TP. Hồ Chí Minh",Quận 4,2,2,,căn hộ,,,so hong
14800.0,120.0,"Quận Gò Vấp, TP. Hồ Chí Minh",Quận Gò Vấp,12,12,,nhà ở,,,so hong
10600.0,79.0,"Quận Bình Thạnh, TP. Hồ Chí Minh",Quận Bình Thạnh,0,0,,nhà ở,,,so hong
3300.0,24.0,"Quận 3, TP. Hồ Chí Minh",Quận 3,2,2,,nhà ở,,,so hong
1385.0,60.0,"Quận Bình Tân, TP. Hồ Chí Minh",Quận Bình Tân,2,1,,căn hộ,,,so hong
985.0,55.0,"Quận 9 (TP. Thủ Đức), TP. Hồ Chí Minh",Quận 9 (TP. Thủ Đức),2,1,,căn hộ,,,so hong
11000.0,154.0,"Quận 9 (TP. Thủ Đức), TP. Hồ Chí Minh",Quận 9 (TP. Thủ Đức),0,0,,đất nền,,,so hong
3800.0,55.0,"Quận Phú Nhuận, TP. Hồ Chí Minh",Quận Phú Nhuận,3,3,,nhà ở,,,so hong
1360.0,64.0,"Quận Bình Tân, TP. Hồ Chí Minh",Quận Bình Tân,2,2,,nhà ở,,,so hong
2250.0,50.0,"Quận Bình Thạnh, TP. Hồ Chí Minh",Quận Bình Thạnh,2,2,,căn hộ,,,so hong
1710.0,46.0,"Quận Bình Thạnh, TP. Hồ Chí Minh",Quận Bình Thạnh,4,5,,nhà ở,,,so hong
4800.0,58.0,"Quận Bình Thạnh, TP. Hồ Chí Minh",Quận Bình Thạnh,2,2,,nhà ở,,,so hong
23000.0,96.0,"Quận 2 (TP. Thủ Đức), TP. Hồ Chí Minh",Quận 2 (TP. Thủ Đức),1,1,,nhà phố,,,so hong
3260.0,80.0,"Quận Phú Nhuận, TP. Hồ Chí Minh",Quận Phú Nhuận,6,6,,nhà ở,,,so hong
55000.0,245.0,"Quận Tân Bình, TP. Hồ Chí Minh",Quận Tân Bình,3,3,,nhà ở,,,giay to hop le
1750.0,50.0,"Quận 6, TP. Hồ Chí Minh",Quận 6,2,1,,căn hộ,,,hop dong mua ban
1305.0,50.0,"Quận Tân Bình, TP. Hồ Chí Minh",Quận Tân Bình,1,1,,căn hộ,,,so hong
8600.0,55.0,"Quận Gò Vấp, TP. Hồ Chí Minh",Quận Gò Vấp,4,5,,nhà ở,,,so hong
28000.0,329.0,"Quận Thủ Đức (TP. Thủ Đức), TP. Hồ Chí Minh",Quận Thủ Đức (TP. Thủ Đức),0,0,,nhà ở,,,so hong
3100.0,31.0,"Quận Gò Vấp, TP. Hồ Chí Minh",Quận Gò Vấp,2,2,,nhà ở,,,so hong
1250.0,63.0,"Quận 6, TP. Hồ Chí Minh",Quận 6,2,2,,căn hộ,,,so hong
2250.0,52.0,"Quận Bình Thạnh, TP. Hồ Chí Minh",Quận Bình Thạnh,2,2,,căn hộ,,,so hong
1590.0,32.0,"Quận Phú Nhuận, TP. Hồ Chí Minh",Quận Phú Nhuận,3,2,,nhà ở,,,so hong
7300.0,52.0,"Quận Gò Vấp, TP. Hồ Chí Minh",Quận Gò Vấp,0,0,,nhà ở,,,so do
34500.0,160.0,"Quận 2 (TP. Thủ Đức), TP. Hồ Chí Minh",Quận 2 (TP. Thủ Đức),4,4,,biệt thự,,,so hong
2300.0,30.0,"Quận Bình Thạnh, TP. Hồ Chí Minh",Quận Bình Thạnh,2,2,,nhà ở,,,so hong
35000.0,152.0,"Quận 3, TP. Hồ Chí Minh",Quận 3,10,10,,nhà ở,,,giay to hop le
2275.0,88.0,"Quận Tân Phú, TP. Hồ Chí Minh",Quận Tân Phú,2,2,,căn hộ,,,so hong
5950.0,78.0,"Huyện Nhà Bè, TP. Hồ Chí Minh",Huyện Nhà Bè,4,5,,nhà phố,,,so hong
1435.0,74.0,"Quận Bình Thạnh, TP. Hồ Chí Minh",Quận Bình Thạnh,2,2,,căn hộ,,,so hong
7500.0,73.0,"Quận Gò Vấp, TP. Hồ Chí Minh",Quận Gò Vấp,3,3,,nhà ở,,,so hong
8100.0,114.0,"Quận 9 (TP. Thủ Đức), TP. Hồ Chí Minh",Quận 9 (TP. Thủ Đức),0,0,,nhà ở,,,so hong
5800.0,44.0,"Quận Phú Nhuận, TP. Hồ Chí Minh",Quận Phú Nhuận,3,3,,nhà ở,,,so hong
50000.0,306.0,"Quận 2 (TP. Thủ Đức), TP. Hồ Chí Minh",Quận 2 (TP. Thủ Đức),0,0,,biệt thự,,,so hong
1030.0,61.0,"Quận Bình Tân, TP. Hồ Chí Minh",Quận Bình Tân,2,2,,căn hộ,,,so hong
2300.0,53.0,"Quận Bình Thạnh, TP. Hồ Chí Minh",Quận Bình Thạnh,2,2,,căn hộ,,,so hong
1825.0,47.0,"Quận Bình Thạnh, TP. Hồ Chí Minh",Quận Bình Thạnh,5,4,,nhà ở,,,so hong
4300.0,102.0,"Quận 9 (TP. Thủ Đức), TP. Hồ Chí Minh",Quận 9 (TP. Thủ Đức),6,6,,đất nền,,,so hong
39000.0,184.0,"Quận 2 (TP. Thủ Đức), TP. Hồ Chí Minh",Quận 2 (TP. Thủ Đức),0,0,,nhà ở,,,so hong
15000.0,105.0,"Quận 3, TP. Hồ Chí Minh",Quận 3,2,2,,nhà ở,,,giay to hop le
44000.0,266.0,"Quận Tân Phú, TP. Hồ Chí Minh",Quận Tân Phú,0,0,,nhà ở,,,khong xac dinh
2045.0,43.0,"Quận Bình Tân, TP. Hồ Chí Minh",Quận Bình Tân,2,2,,nhà ở,,,so hong
17500.0,80.0,"Quận 7, TP. Hồ Chí Minh",Quận 7,4,5,,nhà phố,,,so hong
1290.0,139.0,"Quận 2 (TP. Thủ Đức), TP. Hồ Chí Minh",Quận 2 (TP. Thủ Đức),3,2,,căn hộ,,,so hong
8590.0,55.0,"Quận Gò Vấp, TP. Hồ Chí Minh",Quận Gò Vấp,4,4,,nhà ở,,,so hong
8600.0,94.0,"Quận 9 (TP. Thủ Đức), TP. Hồ Chí Minh",Quận 9 (TP. Thủ Đức),3,2,,nhà ở,,,so hong
3630.0,37.0,"Quận Gò Vấp, TP. Hồ Chí Minh",Quận Gò Vấp,3,2,,nhà ở,,,so hong
16500.0,158.0,"Quận 2 (TP. Thủ Đức), TP. Hồ Chí Minh",Quận 2 (TP. Thủ Đức),0,0,,nhà ở,,,so hong
1380.0,24.0,"Quận Tân Phú, TP. Hồ Chí Minh",Quận Tân Phú,3,3,,nhà ở,,,so hong
2340.0,52.0,"Quận Tân Bình, TP. Hồ Chí Minh",Quận Tân Bình,2,2,,căn hộ,,,so hong
1780.0,49.0,"Quận Bình Thạnh, TP. Hồ Chí Minh",Quận Bình Thạnh,3,3,,nhà ở,,,so hong
30000.0,200.0,"Quận Bình Thạnh, TP. Hồ Chí Minh",Quận Bình Thạnh,5,5,,biệt thự,,,so hong
3100.0,40.0,"Quận Phú Nhuận, TP. Hồ Chí Minh",Quận Phú Nhuận,2,1,,căn hộ,,,so hong
11000.0,65.0,"Quận 2 (TP. Thủ Đức), TP. Hồ Chí Minh",Quận 2 (TP. Thủ Đức),4,4,,nhà ở,,,so hong
2200.0,27.0,"Quận Phú Nhuận, TP. Hồ Chí Minh",Quận Phú Nhuận,2,2,,nhà ở,,,so hong
2350.0,100.0,"Quận Bình Tân, TP. Hồ Chí Minh",Quận Bình Tân,3,2,,nhà ở,,,so hong
8360.0,68.0,"Huyện Nhà Bè, TP. Hồ Chí Minh",Huyện Nhà Bè,4,5,,nhà phố,,,so hong
1410.0,77.0,"Quận 6, TP. Hồ Chí Minh",Quận 6,2,2,,căn hộ,,,so hong
5500.0,50.0,"Quận Gò Vấp, TP. Hồ Chí Minh",Quận Gò Vấp,4,3,,nhà ở,,,so hong
7600.0,112.0,"Quận 9 (TP. Thủ Đức), TP. Hồ Chí Minh",Quận 9 (TP. Thủ Đức),0,0,,đất nền,,,so hong
3050.0,60.0,"Quận Gò Vấp, TP. Hồ Chí Minh",Quận Gò Vấp,4,5,,nhà ở,,,so hong
5100.0,71.0,"Quận 11, TP. Hồ Chí Minh",Quận 11,6,5,,nhà ở,,,so hong
18000.0,296.0,"Quận Thủ Đức (TP. Thủ Đức), TP. Hồ Chí Minh",Quận Thủ Đức (TP. Thủ Đức),2,2,,nhà ở,,,so do
1530.0,102.0,"Quận 7, TP. Hồ Chí Minh",Quận 7,3,2,,căn hộ,,,so hong
27000.0,100.0,"Quận Gò Vấp, TP. Hồ Chí Minh",Quận Gò Vấp,6,5,,nhà ở,,,so hong
5600.0,60.0,"Quận Gò Vấp, TP. Hồ Chí Minh",Quận Gò Vấp,3,3,,nhà ở,,,so hong
12500.0,66.0,"Quận 2 (TP. Thủ Đức), TP. Hồ Chí Minh",Quận 2 (TP. Thủ Đức),0,0,,đất nền,,,so hong
2900.0,120.0,"Quận Bình Thạnh, TP. Hồ Chí Minh",Quận Bình Thạnh,4,5,,nhà ở,,,so hong
8570.0,88.0,"Quận Bình Thạnh, TP. Hồ Chí Minh",Quận Bình Thạnh,3,5,,nhà ở,,,so hong
15700.0,88.0,"Quận 7, TP. Hồ Chí Minh",Quận 7,4,4,,nhà ở,,,so hong
11500.0,83.0,"Quận Gò Vấp, TP. Hồ Chí Minh",Quận Gò Vấp,8,8,,nhà ở,,,so hong
925.0,64.0,"Quận Thủ Đức (TP. Thủ Đức), TP. Hồ Chí Minh",Quận Thủ Đức (TP. Thủ Đức),2,2,,căn hộ,,,so hong
3300.0,72.0,"Quận Bình Thạnh, TP. Hồ Chí Minh",Quận Bình Thạnh,4,5,,nhà ở,,,so hong
15120.0,126.0,"Quận 2 (TP. Thủ Đức), TP. Hồ Chí Minh",Quận 2 (TP. Thủ Đức),0,0,,đất nền,,,so hong
4870.0,60.0,"Quận 6, TP. Hồ Chí Minh",Quận 6,4,3,,nhà ở,,,so hong
2100.0,52.0,"Quận Gò Vấp, TP. Hồ Chí Minh",Quận Gò Vấp,2,2,,căn hộ,,,so hong
16500.0,196.0,"Quận Thủ Đức (TP. Thủ Đức), TP. Hồ Chí Minh",Quận Thủ Đức (TP. Thủ Đức),13,12,,nhà ở,,,so hong
1535.0,80.0,"Quận Bình Thạnh, TP. Hồ Chí Minh",Quận Bình Thạnh,2,2,,nhà ở,,,so hong
11000.0,50.0,"Quận Gò Vấp, TP. Hồ Chí Minh",Quận Gò Vấp,5,4,,nhà ở,,,so hong
10500.0,66.0,"Quận Bình Thạnh, TP. Hồ Chí Minh",Quận Bình Thạnh,3,2,,nhà ở,,,so hong
37000.0,150.0,"Quận 2 (TP. Thủ Đức), TP. Hồ Chí Minh",Quận 2 (TP. Thủ Đức),4,4,,biệt thự,,,so do
4000.0,40.0,"Quận Phú Nhuận, TP. Hồ Chí Minh",Quận Phú Nhuận,4,4,,nhà ở,,,so hong
5020.0,44.0,"Quận Phú Nhuận, TP. Hồ Chí Minh",Quận Phú Nhuận,4,5,,nhà ở,,,so hong
6650.0,50.0,"Huyện Nhà Bè, TP. Hồ Chí Minh",Huyện Nhà Bè,4,5,,nhà phố,,,so hong
930.0,62.0,"Quận Bình Tân, TP. Hồ Chí Minh",Quận Bình Tân,2,2,,căn hộ,,,so hong
3350.0,68.0,"Quận Bình Thạnh, TP. Hồ Chí Minh",Quận Bình Thạnh,4,3,,nhà ở,,,so hong
11700.0,90.0,"Quận 2 (TP. Thủ Đức), TP. Hồ Chí Minh",Quận 2 (TP. Thủ Đức),0,0,,nhà ở,,,so hong
3730.0,27.0,"Quận 3, TP. Hồ Chí Minh",Quận 3,4,4,,nhà ở,,,so hong
10500.0,90.0,"Quận Thủ Đức (TP. Thủ Đức), TP. Hồ Chí Minh",Quận Thủ Đức (TP. Thủ Đức),4,2,,nhà ở,,,so hong
1720.0,70.0,"Quận 10, TP. Hồ Chí Minh",Quận 10,2,2,,căn hộ,,,so hong
20000.0,122.0,"Quận Gò Vấp, TP. Hồ Chí Minh",Quận Gò Vấp,5,4,,nhà ở,,,so hong
6990.0,43.0,"Quận Gò Vấp, TP. Hồ Chí Minh",Quận Gò Vấp,3,4,,nhà ở,,,so hong
37800.0,210.0,"Quận 2 (TP. Thủ Đức), TP. Hồ Chí Minh",Quận 2 (TP. Thủ Đức),4,4,,biệt thự,,,so hong
3790.0,27.0,"Quận Bình Thạnh, TP. Hồ Chí Minh",Quận Bình Thạnh,3,2,,nhà ở,,,so hong
2630.0,107.0,"Quận 2 (TP. Thủ Đức), TP. Hồ Chí Minh",Quận 2 (TP. Thủ Đức),3,2,,nhà ở,,,so hong
6500.0,52.0,"Huyện Nhà Bè, TP. Hồ Chí Minh",Huyện Nhà Bè,4,5,,nhà phố,,,so hong
3300.0,20.0,"Quận Gò Vấp, TP. Hồ Chí Minh",Quận Gò Vấp,2,2,,nhà ở,,,so hong
990.0,63.0,"Quận Thủ Đức (TP. Thủ Đức), TP. Hồ Chí Minh",Quận Thủ Đức (TP. Thủ Đức),2,2,,căn hộ,,,so hong
3520.0,68.0,"Quận 1, TP. Hồ Chí Minh",Quận 1,4,5,,nhà ở,,,so hong
13650.0,130.0,"Quận 2 (TP. Thủ Đức), TP. Hồ Chí Minh",Quận 2 (TP. Thủ Đức),0,0,,đất nền,,,so hong
2450.0,28.0,"Quận Gò Vấp, TP. Hồ Chí Minh",Quận Gò Vấp,2,3,,nhà ở,,,so hong
17000.0,104.0,"Quận Tân Phú, TP. Hồ Chí Minh",Quận Tân Phú,5,5,,nhà ở,,,so do
1525.0,72.0,"Quận Bình Thạnh, TP. Hồ Chí Minh",Quận Bình Thạnh,4,5,,nhà ở,,,so hong
9000.0,140.0,"Quận 12, TP. Hồ Chí Minh",Quận 12,3,3,,nhà ở,,,so hong
8900.0,62.0,"Quận Bình Thạnh, TP. Hồ Chí Minh",Quận Bình Thạnh,3,3,,nhà ở,,,so hong
3880.0,33.0,"Quận 3, TP. Hồ Chí Minh",Quận 3,4,4,,nhà ở,,,so hong
26500.0,188.0,"Quận Bình Thạnh, TP. Hồ Chí Minh",Quận Bình Thạnh,2,2,,nhà ở,,,giay to hop le
2535.0,38.0,"Quận Bình Thạnh, TP. Hồ Chí Minh",Quận Bình Thạnh,3,3,,nhà ở,,,so hong
8300.0,115.0,"Huyện Nhà Bè, TP. Hồ Chí Minh",Huyện Nhà Bè,4,5,,nhà phố,,,so hong
5350.0,32.0,"Quận Gò Vấp, TP. Hồ Chí Minh",Quận Gò Vấp,3,2,,nhà ở,,,so hong
915.0,54.0,"Quận Thủ Đức (TP. Thủ Đức), TP. Hồ Chí Minh",Quận Thủ Đức (TP. Thủ Đức),2,1,,căn hộ,,,so hong
3250.0,64.0,"Quận Phú Nhuận, TP. Hồ Chí Minh",Quận Phú Nhuận,5,6,,nhà ở,,,so hong
35000.0,205.0,"Quận 2 (TP. Thủ Đức), TP. Hồ Chí Minh",Quận 2 (TP. Thủ Đức),5,5,,biệt thự,,,so hong
7500.0,64.0,"Quận Thủ Đức (TP. Thủ Đức), TP. Hồ Chí Minh",Quận Thủ Đức (TP. Thủ Đức),4,3,,nhà ở,,,so hong
1945.0,48.0,"Quận 11, TP. Hồ Chí Minh",Quận 11,5,4,,nhà ở,,,so hong
13500.0,68.0,"Quận Tân Bình, TP. Hồ Chí Minh",Quận Tân Bình,4,4,,nhà ở,,,so hong
6850.0,52.0,"Quận Bình Thạnh, TP. Hồ Chí Minh",Quận Bình Thạnh,3,2,,nhà ở,,,so hong
41000.0,160.0,"Quận 2 (TP. Thủ Đức), TP. Hồ Chí Minh",Quận 2 (TP. Thủ Đức),4,4,,nhà ở,,,so hong
3790.0,48.0,"Quận Phú Nhuận, TP. Hồ Chí Minh",Quận Phú Nhuận,3,3,,nhà ở,,,so hong
61900.0,340.0,"Quận 1, TP. Hồ Chí Minh",Quận 1,5,5,,nhà ở,,,giay to hop le
1375.0,28.0,"Quận 4, TP. Hồ Chí Minh",Quận 4,3,2,,nhà ở,,,so hong
18900.0,90.0,"Quận 7, TP. Hồ Chí Minh",Quận 7,4,5,,nhà phố,,,so hong
1655.0,96.0,"Quận 7, TP. Hồ Chí Minh",Quận 7,3,2,,căn hộ,,,so hong
6950.0,42.0,"Quận Bình Thạnh, TP. Hồ Chí Minh",Quận Bình Thạnh,3,3,,nhà ở,,,so hong
3700.0,80.0,"Quận Phú Nhuận, TP. Hồ Chí Minh",Quận Phú Nhuận,4,5,,nhà ở,,,so hong
12000.0,90.0,"Quận 2 (TP. Thủ Đức), TP. Hồ Chí Minh",Quận 2 (TP. Thủ Đức),0,0,,nhà ở,,,so hong
7580.0,36.0,"Quận Bình Thạnh, TP. Hồ Chí Minh",Quận Bình Thạnh,3,3,,nhà ở,,,so hong
8499.0,130.0,"Quận Thủ Đức (TP. Thủ Đức), TP. Hồ Chí Minh",Quận Thủ Đức (TP. Thủ Đức),7,6,,nhà ở,,,so hong
1720.0,40.0,"Quận 11, TP. Hồ Chí Minh",Quận 11,2,3,,nhà ở,,,so hong
7500.0,75.0,"Quận Gò Vấp, TP. Hồ Chí Minh",Quận Gò Vấp,4,4,,nhà ở,,,so hong
2640.0,32.0,"Quận Bình Thạnh, TP. Hồ Chí Minh",Quận Bình Thạnh,2,3,,nhà ở,,,so hong
2550.0,127.0,"Quận 7, TP. Hồ Chí Minh",Quận 7,3,2,,căn hộ,,,so hong
13200.0,80.0,"Quận 7, TP. Hồ Chí Minh",Quận 7,4,5,,nhà phố,,,so hong
2180.0,46.0,"Quận 3, TP. Hồ Chí Minh",Quận 3,4,5,,nhà ở,,,so hong
15000.0,100.0,"Quận Bình Thạnh, TP. Hồ Chí Minh",Quận Bình Thạnh,1,1,,nhà ở,,,so hong
4580.0,45.0,"Quận Gò Vấp, TP. Hồ Chí Minh",Quận Gò Vấp,3,3,,nhà ở,,,so hong
60000.0,340.0,"Quận 2 (TP. Thủ Đức), TP. Hồ Chí Minh",Quận 2 (TP. Thủ Đức),5,5,,biệt thự,,,so hong
6335.0,44.0,"Quận Phú Nhuận, TP. Hồ Chí Minh",Quận Phú Nhuận,4,4,,nhà ở,,,so hong
3700.0,56.0,"Quận 9 (TP. Thủ Đức), TP. Hồ Chí Minh",Quận 9 (TP. Thủ Đức),0,0,,nhà ở,,,so do
1620.0,38.0,"Quận 11, TP. Hồ Chí Minh",Quận 11,3,2,,nhà ở,,,so hong
10500.0,68.0,"Quận Gò Vấp, TP. Hồ Chí Minh",Quận Gò Vấp,4,4,,nhà ở,,,so hong
2000.0,28.0,"Quận Bình Thạnh, TP. Hồ Chí Minh",Quận Bình Thạnh,2,2,,nhà ở,,,so hong
65000.0,250.0,"Quận 2 (TP. Thủ Đức), TP. Hồ Chí Minh",Quận 2 (TP. Thủ Đức),14,15,,nhà ở,,,giay to hop le
3700.0,52.0,"Quận 7, TP. Hồ Chí Minh",Quận 7,5,4,,nhà ở,,,so hong
8900.0,80.0,"Huyện Nhà Bè, TP. Hồ Chí Minh",Huyện Nhà Bè,4,5,,nhà phố,,,so hong
5680.0,39.0,"Quận Bình Thạnh, TP. Hồ Chí Minh",Quận Bình Thạnh,2,2,,nhà ở,,,so hong
1320.0,63.0,"Quận Tân Phú, TP. Hồ Chí Minh",Quận Tân Phú,2,1,,căn hộ,,,so hong
4900.0,66.0,"Quận Phú Nhuận, TP. Hồ Chí Minh",Quận Phú Nhuận,2,3,,nhà ở,,,so hong
5190.0,80.0,"Quận 3, TP. Hồ Chí Minh",Quận 3,3,2,,nhà ở,,,so hong
7200.0,180.0,"Huyện Hóc Môn, TP. Hồ Chí Minh",Huyện Hóc Môn,2,2,,nhà ở,,,so hong
15800.0,162.0,"Quận Gò Vấp, TP. Hồ Chí Minh",Quận Gò Vấp,1,1,,nhà ở,,,so hong
65000.0,270.0,"Quận 2 (TP. Thủ Đức), TP. Hồ Chí Minh",Quận 2 (TP. Thủ Đức),5,4,,biệt thự,,,so do
2150.0,25.0,"Huyện Nhà Bè, TP. Hồ Chí Minh",Huyện Nhà Bè,3,3,,nhà ở,,,so hong
25000.0,122.0,"Quận 10, TP. Hồ Chí Minh",Quận 10,3,2,,nhà ở,,,giay to hop le
4815.0,41.0,"Quận Phú Nhuận, TP. Hồ Chí Minh",Quận Phú Nhuận,3,4,,nhà ở,,,so hong
14200.0,72.0,"Quận 7, TP. Hồ Chí Minh",Quận 7,4,5,,nhà phố,,,so hong
1680.0,42.0,"Quận 10, TP. Hồ Chí Minh",Quận 10,4,4,,nhà ở,,,so hong
6400.0,45.0,"Quận Bình Thạnh, TP. Hồ Chí Minh",Quận Bình Thạnh,2,2,,nhà ở,,,so hong
4250.0,73.0,"Quận Gò Vấp, TP. Hồ Chí Minh",Quận Gò Vấp,2,3,,nhà ở,,,so hong
3380.0,26.0,"Quận Bình Thạnh, TP. Hồ Chí Minh",Quận Bình Thạnh,2,3,,nhà ở,,,so hong
29000.0,254.0,"Quận Thủ Đức (TP. Thủ Đức), TP. Hồ Chí Minh",Quận Thủ Đức (TP. Thủ Đức),0,0,,nhà ở,,,so do
965.0,70.0,"Quận Thủ Đức (TP. Thủ Đức), TP. Hồ Chí Minh",Quận Thủ Đức (TP. Thủ Đức),2,2,,căn hộ,,,so hong
22000.0,120.0,"Quận Bình Thạnh, TP. Hồ Chí Minh",Quận Bình Thạnh,5,6,,biệt thự,,,so hong
3200.0,36.0,"Quận Phú Nhuận, TP. Hồ Chí Minh",Quận Phú Nhuận,3,4,,nhà ở,,,so hong
36000.0,160.0,"Quận Bình Thạnh, TP. Hồ Chí Minh",Quận Bình Thạnh,1,1,,nhà ở,,,giay to hop le
4899.0,47.0,"Quận 11, TP. Hồ Chí Minh",Quận 11,4,4,,nhà ở,,,so hong
8900.0,112.0,"Quận 7, TP. Hồ Chí Minh",Quận 7,5,4,,nhà phố,,,so hong
1465.0,20.0,"Quận 3, TP. Hồ Chí Minh",Quận 3,2,2,,nhà ở,,,so hong
17000.0,100.0,"Quận Bình Thạnh, TP. Hồ Chí Minh",Quận Bình Thạnh,2,2,,nhà ở,,,so hong
9700.0,52.0,"Quận Phú Nhuận, TP. Hồ Chí Minh",Quận Phú Nhuận,4,4,,nhà ở,,,so hong
16000.0,100.0,"Quận 2 (TP. Thủ Đức), TP. Hồ Chí Minh",Quận 2 (TP. Thủ Đức),5,5,,nhà ở,,,so hong
12590.0,150.0,"Quận Bình Thạnh, TP. Hồ Chí Minh",Quận Bình Thạnh,4,2,,căn hộ,,,so hong
14500.0,100.0,"Quận Thủ Đức (TP. Thủ Đức), TP. Hồ Chí Minh",Quận Thủ Đức (TP. Thủ Đức),4,3,,nhà ở,,,so hong
1835.0,84.0,"Quận 4, TP. Hồ Chí Minh",Quận 4,2,2,,căn hộ,,,so hong
36500.0,324.0,"Quận Bình Thạnh, TP. Hồ Chí Minh",Quận Bình Thạnh,0,0,,biệt thự,,,so hong
3200.0,30.0,"Quận Phú Nhuận, TP. Hồ Chí Minh",Quận Phú Nhuận,5,4,,nhà ở,,,so hong
2580.0,30.0,"Quận 11, TP. Hồ Chí Minh",Quận 11,2,2,,nhà ở,,,so hong
7500.0,100.0,"Huyện Nhà Bè, TP. Hồ Chí Minh",Huyện Nhà Bè,0,0,,đất nền,,,so hong
7900.0,56.0,"Quận Gò Vấp, TP. Hồ Chí Minh",Quận Gò Vấp,4,4,,nhà ở,,,so hong
1870.0,18.0,"Quận 3, TP. Hồ Chí Minh",Quận 3,2,3,,nhà ở,,,so hong
4900.0,60.0,"Quận Bình Thạnh, TP. Hồ Chí Minh",Quận Bình Thạnh,4,4,,nhà ở,,,so hong
7590.0,113.0,"Quận Bình Thạnh, TP. Hồ Chí Minh",Quận Bình Thạnh,3,2,,nhà ở,,,so hong
9600.0,74.0,"Quận Thủ Đức (TP. Thủ Đức), TP. Hồ Chí Minh",Quận Thủ Đức (TP. Thủ Đức),5,6,,nhà ở,,,so hong
1330.0,30.0,"Quận 4, TP. Hồ Chí Minh",Quận 4,1,1,,căn hộ,,,so hong
3675.0,32.0,"Quận Phú Nhuận, TP. Hồ Chí Minh",Quận Phú Nhuận,3,4,,nhà ở,,,so hong
1335.0,52.0,"Quận Tân Phú, TP. Hồ Chí Minh",Quận Tân Phú,2,3,,nhà ở,,,so hong
6900.0,72.0,"Huyện Nhà Bè, TP. Hồ Chí Minh",Huyện Nhà Bè,4,4,,nhà phố,,,so hong
1675.0,36.0,"Quận 3, TP. Hồ Chí Minh",Quận 3,3,4,,nhà ở,,,so hong
6900.0,55.0,"Quận 3, TP. Hồ Chí Minh",Quận 3,5,6,,nhà ở,,,so hong
1250.0,47.0,"Quận 9 (TP. Thủ Đức), TP. Hồ Chí Minh",Quận 9 (TP. Thủ Đức),1,1,,nhà ở,,,so hong
12500.0,151.0,"Quận Thủ Đức (TP. Thủ Đức), TP. Hồ Chí Minh",Quận Thủ Đức (TP. Thủ Đức),4,3,,nhà ở,,,so hong
1345.0,25.0,"Quận Gò Vấp, TP. Hồ Chí Minh",Quận Gò Vấp,2,2,,nhà ở,,,so hong
25500.0,110.0,"Quận 2 (TP. Thủ Đức), TP. Hồ Chí Minh",Quận 2 (TP. Thủ Đức),2,2,,nhà ở,,,so do
2760.0,36.0,"Quận Bình Thạnh, TP. Hồ Chí Minh",Quận Bình Thạnh,2,2,,nhà ở,,,so hong
20000.0,110.0,"Quận Bình Thạnh, TP. Hồ Chí Minh",Quận Bình Thạnh,1,1,,nhà ở,,,giay to hop le
4900.0,56.0,"Quận Bình Tân, TP. Hồ Chí Minh",Quận Bình Tân,5,5,,nhà ở,,,so hong
6500.0,40.0,"Quận 7, TP. Hồ Chí Minh",Quận 7,2,3,,nhà phố,,,so hong
1950.0,42.0,"Quận Bình Thạnh, TP. Hồ Chí Minh",Quận Bình Thạnh,2,3,,nhà ở,,,so hong
6800.0,136.0,"Quận Phú Nhuận, TP. Hồ Chí Minh",Quận Phú Nhuận,6,6,,nhà ở,,,so hong
3725.0,72.0,"Quận 10, TP. Hồ Chí Minh",Quận 10,2,2,,nhà ở,,,so hong
8700.0,52.0,"Quận Thủ Đức (TP. Thủ Đức), TP. Hồ Chí Minh",Quận Thủ Đức (TP. Thủ Đức),5,6,,nhà ở,,,so do
2860.0,75.0,"Quận Bình Thạnh, TP. Hồ Chí Minh",Quận Bình Thạnh,3,4,,nhà ở,,,so hong
3000.0,60.0,"Quận Tân Bình, TP. Hồ Chí Minh",Quận Tân Bình,2,3,,nhà ở,,,so hong
7390.0,64.0,"Quận 7, TP. Hồ Chí Minh",Quận 7,4,5,,nhà phố,,,so hong
1880.0,36.0,"Quận Bình Thạnh, TP. Hồ Chí Minh",Quận Bình Thạnh,4,4,,nhà ở,,,so hong
4900.0,32.0,"Quận Bình Thạnh, TP. Hồ Chí Minh",Quận Bình Thạnh,5,6,,nhà ở,,,so hong
2410.0,70.0,"Quận 7, TP. Hồ Chí Minh",Quận 7,2,2,,nhà ở,,,so hong
21000.0,120.0,"Huyện Bình Chánh, TP. Hồ Chí Minh",Huyện Bình Chánh,5,6,,nhà ở,,,so hong
15300.0,115.0,"Quận Gò Vấp, TP. Hồ Chí Minh",Quận Gò Vấp,4,6,,nhà ở,,,so hong
2310.0,20.0,"Quận Gò Vấp, TP. Hồ Chí Minh",Quận Gò Vấp,3,3,,nhà ở,,,so hong
36000.0,170.0,"Quận 3, TP. Hồ Chí Minh",Quận 3,6,6,,nhà ở,,,giay to hop le
2550.0,48.0,"Quận Bình Thạnh, TP. Hồ Chí Minh",Quận Bình Thạnh,3,4,,nhà ở,,,so hong
15990.0,95.0,"Quận 7, TP. Hồ Chí Minh",Quận 7,4,5,,nhà phố,,,so hong
2150.0,60.0,"Quận 1, TP. Hồ Chí Minh",Quận 1,4,3,,nhà ở,,,so hong
3100.0,79.0,"Quận Phú Nhuận, TP. Hồ Chí Minh",Quận Phú Nhuận,4,5,,nhà ở,,,so hong
45908.0,998.0,"Quận 9 (TP. Thủ Đức), TP. Hồ Chí Minh",Quận 9 (TP. Thủ Đức),0,0,,nhà ở,,,so hong
3000.0,60.0,"Quận 7, TP. Hồ Chí Minh",Quận 7,2,2,,căn hộ,,,so hong
5100.0,56.0,"Quận Thủ Đức (TP. Thủ Đức), TP. Hồ Chí Minh",Quận Thủ Đức (TP. Thủ Đức),0,0,,nhà ở,,,so do
1810.0,64.0,"Quận Bình Thạnh, TP. Hồ Chí Minh",Quận Bình Thạnh,5,4,,nhà ở,,,so hong
24000.0,120.0,"Quận Gò Vấp, TP. Hồ Chí Minh",Quận Gò Vấp,10,10,,nhà ở,,,so hong
85900.0,318.0,"Quận 2 (TP. Thủ Đức), TP. Hồ Chí Minh",Quận 2 (TP. Thủ Đức),0,0,,nhà ở,,,so do
70000.0,240.0,"Quận 2 (TP. Thủ Đức), TP. Hồ Chí Minh",Quận 2 (TP. Thủ Đức),0,0,,nhà ở,,,so hong
3440.0,77.0,"Quận Bình Thạnh, TP. Hồ Chí Minh",Quận Bình Thạnh,3,4,,nhà ở,,,so hong
25000.0,88.0,"Quận 3, TP. Hồ Chí Minh",Quận 3,6,6,,nhà ở,,,khong xac dinh
3650.0,46.0,"Quận Bình Thạnh, TP. Hồ Chí Minh",Quận Bình Thạnh,3,3,,nhà ở,,,so hong
7250.0,64.0,"Quận 7, TP. Hồ Chí Minh",Quận 7,4,5,,nhà phố,,,so hong
2140.0,36.0,"Quận 3, TP. Hồ Chí Minh",Quận 3,4,5,,nhà ở,,,so hong
2300.0,20.0,"Quận Bình Thạnh, TP. Hồ Chí Minh",Quận Bình Thạnh,1,2,,nhà ở,,,so hong
23000.0,320.0,"Quận Bình Thạnh, TP. Hồ Chí Minh",Quận Bình Thạnh,0,0,,nhà ở,,,so do
3000.0,71.0,"Quận 7, TP. Hồ Chí Minh",Quận 7,2,2,,căn hộ,,,so hong
14000.0,47.0,"Quận Bình Thạnh, TP. Hồ Chí Minh",Quận Bình Thạnh,3,2,,nhà ở,,,so hong
1555.0,42.0,"Quận Bình Thạnh, TP. Hồ Chí Minh",Quận Bình Thạnh,2,2,,nhà ở,,,so hong
2310.0,31.0,"Quận Bình Thạnh, TP. Hồ Chí Minh",Quận Bình Thạnh,3,2,,nhà ở,,,so hong
17500.0,90.0,"Quận Bình Thạnh, TP. Hồ Chí Minh",Quận Bình Thạnh,12,12,,nhà ở,,,so hong
4000.0,88.0,"Quận Bình Thạnh, TP. Hồ Chí Minh",Quận Bình Thạnh,2,4,,nhà ở,,,so hong
17000.0,80.0,"Quận 7, TP. Hồ Chí Minh",Quận 7,4,5,,nhà phố,,,so hong
2155.0,50.0,"Quận 1, TP. Hồ Chí Minh",Quận 1,4,4,,nhà ở,,,so hong
4390.0,36.0,"Quận Bình Thạnh, TP. Hồ Chí Minh",Quận Bình Thạnh,3,2,,nhà ở,,,so hong
6395.0,133.0,"Quận 7, TP. Hồ Chí Minh",Quận 7,3,2,,căn hộ,,,so hong
10900.0,63.0,"Quận Bình Thạnh, TP. Hồ Chí Minh",Quận Bình Thạnh,6,4,,nhà ở,,,so do
1595.0,40.0,"Quận Bình Thạnh, TP. Hồ Chí Minh",Quận Bình Thạnh,3,4,,nhà ở,,,so hong
13500.0,132.0,"Quận Gò Vấp, TP. Hồ Chí Minh",Quận Gò Vấp,8,7,,nhà ở,,,so hong
3260.0,50.0,"Quận Phú Nhuận, TP. Hồ Chí Minh",Quận Phú Nhuận,4,3,,nhà ở,,,so hong
47900.0,240.0,"Quận Bình Thạnh, TP. Hồ Chí Minh",Quận Bình Thạnh,5,5,,nhà ở,,,giay to hop le
4000.0,36.0,"Quận Gò Vấp, TP. Hồ Chí Minh",Quận Gò Vấp,3,3,,nhà ở,,,so hong
20500.0,78.0,"Quận 7, TP. Hồ Chí Minh",Quận 7,4,5,,nhà phố,,,so hong
1705.0,74.0,"Quận Phú Nhuận, TP. Hồ Chí Minh",Quận Phú Nhuận,2,2,,căn hộ,,,so hong
4050.0,83.0,"Quận Bình Tân, TP. Hồ Chí Minh",Quận Bình Tân,3,2,,nhà ở,,,so hong
4980.0,27.0,"Quận Bình Thạnh, TP. Hồ Chí Minh",Quận Bình Thạnh,3,3,,nhà ở,,,so hong
3650.0,83.0,"Huyện Nhà Bè, TP. Hồ Chí Minh",Huyện Nhà Bè,2,2,,căn hộ,,,so hong
1365.0,57.0,"Quận Gò Vấp, TP. Hồ Chí Minh",Quận Gò Vấp,2,1,,căn hộ,,,so hong
12500.0,80.0,"Quận Gò Vấp, TP. Hồ Chí Minh",Quận Gò Vấp,6,6,,nhà ở,,,so hong
85900.0,317.0,"Quận 2 (TP. Thủ Đức), TP. Hồ Chí Minh",Quận 2 (TP. Thủ Đức),0,0,,đất nền,,,so do
6730.0,48.0,"Quận Bình Thạnh, TP. Hồ Chí Minh",Quận Bình Thạnh,8,9,,nhà ở,,,so hong
59900.0,200.0,"Quận 1, TP. Hồ Chí Minh",Quận 1,3,3,,nhà ở,,,giay to hop le
6530.0,56.0,"Quận Phú Nhuận, TP. Hồ Chí Minh",Quận Phú Nhuận,5,4,,nhà ở,,,so hong
18600.0,90.0,"Quận 7, TP. Hồ Chí Minh",Quận 7,4,5,,nhà phố,,,so hong
2130.0,60.0,"Quận Phú Nhuận, TP. Hồ Chí Minh",Quận Phú Nhuận,5,6,,nhà ở,,,so hong
3750.0,75.0,"Quận Bình Tân, TP. Hồ Chí Minh",Quận Bình Tân,3,2,,nhà ở,,,so hong
5900.0,87.0,"Quận Bình Thạnh, TP. Hồ Chí Minh",Quận Bình Thạnh,3,4,,nhà ở,,,so hong
3150.0,84.0,"Quận 7, TP. Hồ Chí Minh",Quận 7,2,2,,căn hộ,,,hop dong mua ban
12300.0,72.0,"Quận Tân Phú, TP. Hồ Chí Minh",Quận Tân Phú,2,0,,nhà ở,,,so do
1625.0,40.0,"Quận Bình Thạnh, TP. Hồ Chí Minh",Quận Bình Thạnh,3,2,,nhà ở,,,so hong
3780.0,54.0,"Quận Gò Vấp, TP. Hồ Chí Minh",Quận Gò Vấp,4,4,,nhà ở,,,so hong
30900.0,230.0,"Quận Bình Thạnh, TP. Hồ Chí Minh",Quận Bình Thạnh,7,7,,nhà ở,,,giay to hop le
4525.0,27.0,"Quận Phú Nhuận, TP. Hồ Chí Minh",Quận Phú Nhuận,6,5,,nhà ở,,,so hong
16300.0,95.0,"Quận 7, TP. Hồ Chí Minh",Quận 7,4,5,,nhà phố,,,so hong
1590.0,69.0,"Quận Tân Bình, TP. Hồ Chí Minh",Quận Tân Bình,2,2,,căn hộ,,,so hong
4150.0,31.0,"Quận Phú Nhuận, TP. Hồ Chí Minh",Quận Phú Nhuận,4,3,,nhà ở,,,so hong
3620.0,60.0,"Quận 7, TP. Hồ Chí Minh",Quận 7,1,1,,căn hộ,,,so hong
1360.0,50.0,"Quận Gò Vấp, TP. Hồ Chí Minh",Quận Gò Vấp,2,3,,nhà ở,,,so hong
12950.0,92.0,"Quận Gò Vấp, TP. Hồ Chí Minh",Quận Gò Vấp,13,13,,nhà ở,,,so hong
5600.0,80.0,"Huyện Nhà Bè, TP. Hồ Chí Minh",Huyện Nhà Bè,0,0,,nhà ở,,,so do
2610.0,29.0,"Quận Phú Nhuận, TP. Hồ Chí Minh",Quận Phú Nhuận,3,4,,nhà ở,,,so hong
23000.0,356.0,"Quận Bình Thạnh, TP. Hồ Chí Minh",Quận Bình Thạnh,3,3,,nhà ở,,,giay to hop le
3679.0,48.0,"Quận Phú Nhuận, TP. Hồ Chí Minh",Quận Phú Nhuận,2,2,,nhà ở,,,so hong
17900.0,90.0,"Quận 7, TP. Hồ Chí Minh",Quận 7,4,5,,nhà phố,,,so hong
1730.0,48.0,"Quận 5, TP. Hồ Chí Minh",Quận 5,4,4,,nhà ở,,,so hong
4100.0,38.0,"Quận Bình Thạnh, TP. Hồ Chí Minh",Quận Bình Thạnh,3,4,,nhà ở,,,so hong
3680.0,71.0,"Quận 7, TP. Hồ Chí Minh",Quận 7,2,2,,căn hộ,,,so hong
1840.0,36.0,"Quận Gò Vấp, TP. Hồ Chí Minh",Quận Gò Vấp,2,2,,nhà ở,,,so hong
13900.0,73.0,"Quận Gò Vấp, TP. Hồ Chí Minh",Quận Gò Vấp,5,5,,nhà ở,,,so hong
52000.0,190.0,"Quận 1, TP. Hồ Chí Minh",Quận 1,3,3,,căn hộ,,,so hong
3740.0,44.0,"Quận Phú Nhuận, TP. Hồ Chí Minh",Quận Phú Nhuận,3,4,,nhà ở,,,so hong
3390.0,42.0,"Quận Bình Thạnh, TP. Hồ Chí Minh",Quận Bình Thạnh,3,2,,nhà ở,,,so hong
8100.0,80.0,"Huyện Nhà Bè, TP. Hồ Chí Minh",Huyện Nhà Bè,4,5,,nhà phố,,,so hong
900.0,100.0,"Quận 8, TP. Hồ Chí Minh",Quận 8,2,2,,nhà ở,,,so hong
6700.0,38.0,"Quận Bình Thạnh, TP. Hồ Chí Minh",Quận Bình Thạnh,3,4,,nhà ở,,,so hong
84700.0,605.0,"Quận 2 (TP. Thủ Đức), TP. Hồ Chí Minh",Quận 2 (TP. Thủ Đức),0,0,,biệt thự,,,so hong
5070.0,97.0,"Quận 7, TP. Hồ Chí Minh",Quận 7,2,2,,căn hộ,,,so hong
1735.0,57.0,"Quận Phú Nhuận, TP. Hồ Chí Minh",Quận Phú Nhuận,5,4,,nhà ở,,,so hong
29000.0,600.0,"Quận Thủ Đức (TP. Thủ Đức), TP. Hồ Chí Minh",Quận Thủ Đức (TP. Thủ Đức),10,10,,nhà ở,,,so hong
3250.0,60.0,"Quận Bình Thạnh, TP. Hồ Chí Minh",Quận Bình Thạnh,3,3,,nhà ở,,,so hong
24500.0,82.0,"Quận 1, TP. Hồ Chí Minh",Quận 1,2,2,,nhà ở,,,giay to hop le
2565.0,96.0,"Quận Tân Bình, TP. Hồ Chí Minh",Quận Tân Bình,2,2,,căn hộ,,,so hong
10600.0,60.0,"Quận 7, TP. Hồ Chí Minh",Quận 7,4,5,,nhà phố,,,so hong
1440.0,92.0,"Quận Thủ Đức (TP. Thủ Đức), TP. Hồ Chí Minh",Quận Thủ Đức (TP. Thủ Đức),2,2,,căn hộ,,,so hong
5450.0,62.0,"Quận Bình Thạnh, TP. Hồ Chí Minh",Quận Bình Thạnh,4,5,,nhà ở,,,so hong
4980.0,73.0,"Quận 4, TP. Hồ Chí Minh",Quận 4,2,2,,nhà ở,,,so hong
1595.0,42.0,"Quận Bình Thạnh, TP. Hồ Chí Minh",Quận Bình Thạnh,3,3,,nhà ở,,,so hong
25000.0,100.0,"Quận Gò Vấp, TP. Hồ Chí Minh",Quận Gò Vấp,5,4,,nhà phố,,,so hong
3790.0,65.0,"Quận Gò Vấp, TP. Hồ Chí Minh",Quận Gò Vấp,3,2,,nhà ở,,,so hong
3485.0,31.0,"Quận 10, TP. Hồ Chí Minh",Quận 10,3,3,,nhà ở,,,so hong
6490.0,64.0,"Huyện Nhà Bè, TP. Hồ Chí Minh",Huyện Nhà Bè,5,6,,nhà phố,,,so hong
1750.0,47.0,"Quận 11, TP. Hồ Chí Minh",Quận 11,3,3,,nhà ở,,,so hong
99000.0,398.0,"Quận 1, TP. Hồ Chí Minh",Quận 1,2,2,,nhà ở,,,so hong
3630.0,80.0,"Quận 4, TP. Hồ Chí Minh",Quận 4,2,2,,căn hộ,,,so hong
1525.0,32.0,"Quận Bình Thạnh, TP. Hồ Chí Minh",Quận Bình Thạnh,2,3,,nhà ở,,,so hong
16700.0,170.0,"Quận Gò Vấp, TP. Hồ Chí Minh",Quận Gò Vấp,4,2,,nhà ở,,,so hong
17000.0,80.0,"Quận 2 (TP. Thủ Đức), TP. Hồ Chí Minh",Quận 2 (TP. Thủ Đức),6,6,,nhà phố,,,so hong
3600.0,58.0,"Quận Phú Nhuận, TP. Hồ Chí Minh",Quận Phú Nhuận,6,6,,nhà ở,,,so hong
4300.0,81.0,"Quận 2 (TP. Thủ Đức), TP. Hồ Chí Minh",Quận 2 (TP. Thủ Đức),2,2,,nhà ở,,,so hong
14900.0,150.0,"Quận 7, TP. Hồ Chí Minh",Quận 7,4,5,,nhà phố,,,so hong
2050.0,96.0,"Quận 2 (TP. Thủ Đức), TP. Hồ Chí Minh",Quận 2 (TP. Thủ Đức),3,2,,căn hộ,,,so hong
2555.0,50.0,"Quận 4, TP. Hồ Chí Minh",Quận 4,1,1,,căn hộ,,,so hong
3800.0,50.0,"Quận Phú Nhuận, TP. Hồ Chí Minh",Quận Phú Nhuận,4,4,,nhà ở,,,so hong
25600.0,160.0,"Quận 2 (TP. Thủ Đức), TP. Hồ Chí Minh",Quận 2 (TP. Thủ Đức),0,0,,nhà ở,,,so hong
6225.0,86.0,"Quận 4, TP. Hồ Chí Minh",Quận 4,2,2,,nhà ở,,,so hong
7500.0,110.0,"Huyện Nhà Bè, TP. Hồ Chí Minh",Huyện Nhà Bè,4,5,,nhà phố,,,so hong
1295.0,70.0,"Quận Tân Phú, TP. Hồ Chí Minh",Quận Tân Phú,2,2,,căn hộ,,,so hong
3420.0,60.0,"Quận 4, TP. Hồ Chí Minh",Quận 4,2,1,,căn hộ,,,so hong
1095.0,52.0,"Quận Thủ Đức (TP. Thủ Đức), TP. Hồ Chí Minh",Quận Thủ Đức (TP. Thủ Đức),4,4,,nhà ở,,,so hong
17319.0,110.0,"Quận Gò Vấp, TP. Hồ Chí Minh",Quận Gò Vấp,13,13,,nhà ở,,,so hong
3300.0,64.0,"Quận 1, TP. Hồ Chí Minh",Quận 1,2,3,,nhà ở,,,so hong
1395.0,54.0,"Quận Bình Thạnh, TP. Hồ Chí Minh",Quận Bình Thạnh,2,1,,căn hộ,,,so hong
7690.0,67.0,"Huyện Nhà Bè, TP. Hồ Chí Minh",Huyện Nhà Bè,4,5,,nhà phố,,,so hong
1355.0,68.0,"Quận 8, TP. Hồ Chí Minh",Quận 8,2,2,,nhà ở,,,so hong
55000.0,826.0,"Quận 9 (TP. Thủ Đức), TP. Hồ Chí Minh",Quận 9 (TP. Thủ Đức),0,0,,nhà ở,,,so hong
1810.0,29.0,"Quận 3, TP. Hồ Chí Minh",Quận 3,4,3,,nhà ở,,,so hong
22500.0,150.0,"Quận Gò Vấp, TP. Hồ Chí Minh",Quận Gò Vấp,4,3,,nhà ở,,,so hong
3590.0,48.0,"Quận Phú Nhuận, TP. Hồ Chí Minh",Quận Phú Nhuận,4,4,,nhà ở,,,so hong
95000.0,320.0,"Quận 2 (TP. Thủ Đức), TP. Hồ Chí Minh",Quận 2 (TP. Thủ Đức),5,6,,biệt thự,,,so hong
8575.0,100.0,"Quận 2 (TP. Thủ Đức), TP. Hồ Chí Minh",Quận 2 (TP. Thủ Đức),3,2,,căn hộ,,,so hong
8690.0,66.0,"Quận 7, TP. Hồ Chí Minh",Quận 7,4,5,,nhà phố,,,so hong
2375.0,270.0,"Quận 2 (TP. Thủ Đức), TP. Hồ Chí Minh",Quận 2 (TP. Thủ Đức),3,2,,căn hộ,,,so hong
6280.0,102.0,"Quận 2 (TP. Thủ Đức), TP. Hồ Chí Minh",Quận 2 (TP. Thủ Đức),2,2,,căn hộ,,,so hong
1340.0,78.0,"Quận Tân Phú, TP. Hồ Chí Minh",Quận Tân Phú,2,2,,căn hộ,,,so hong
34999.0,175.0,"Quận 2 (TP. Thủ Đức), TP. Hồ Chí Minh",Quận 2 (TP. Thủ Đức),4,4,,nhà ở,,,so do
2360.0,30.0,"Quận Bình Thạnh, TP. Hồ Chí Minh",Quận Bình Thạnh,2,3,,nhà ở,,,so hong
31900.0,110.0,"Quận 3, TP. Hồ Chí Minh",Quận 3,3,3,,nhà ở,,,giay to hop le
53000.0,223.0,"Quận 2 (TP. Thủ Đức), TP. Hồ Chí Minh",Quận 2 (TP. Thủ Đức),5,5,,biệt thự,,,so hong
4520.0,95.0,"Quận 2 (TP. Thủ Đức), TP. Hồ Chí Minh",Quận 2 (TP. Thủ Đức),3,2,,căn hộ,,,so hong
7450.0,62.0,"Quận 7, TP. Hồ Chí Minh",Quận 7,4,5,,nhà phố,,,so hong
1970.0,84.0,"Quận 4, TP. Hồ Chí Minh",Quận 4,2,2,,căn hộ,,,so hong
6175.0,77.0,"Quận 2 (TP. Thủ Đức), TP. Hồ Chí Minh",Quận 2 (TP. Thủ Đức),2,2,,nhà ở,,,so hong
1895.0,56.0,"Quận Gò Vấp, TP. Hồ Chí Minh",Quận Gò Vấp,3,3,,nhà ở,,,so hong
15800.0,153.0,"Quận Gò Vấp, TP. Hồ Chí Minh",Quận Gò Vấp,15,15,,nhà ở,,,so hong
17999.0,100.0,"Quận 2 (TP. Thủ Đức), TP. Hồ Chí Minh",Quận 2 (TP. Thủ Đức),4,4,,nhà ở,,,so hong
3450.0,60.0,"Quận Bình Thạnh, TP. Hồ Chí Minh",Quận Bình Thạnh,4,3,,nhà ở,,,so hong
3265.0,90.0,"Quận 7, TP. Hồ Chí Minh",Quận 7,2,2,,căn hộ,,,so hong
16800.0,64.0,"Quận 7, TP. Hồ Chí Minh",Quận 7,5,6,,nhà phố,,,so hong
1580.0,73.0,"Quận 2 (TP. Thủ Đức), TP. Hồ Chí Minh",Quận 2 (TP. Thủ Đức),2,2,,căn hộ,,,so hong
2090.0,75.0,"Quận 2 (TP. Thủ Đức), TP. Hồ Chí Minh",Quận 2 (TP. Thủ Đức),2,2,,nhà ở,,,so hong
38000.0,200.0,"Quận 2 (TP. Thủ Đức), TP. Hồ Chí Minh",Quận 2 (TP. Thủ Đức),7,7,,nhà ở,,,so hong
2800.0,40.0,"Quận Phú Nhuận, TP. Hồ Chí Minh",Quận Phú Nhuận,2,3,,nhà ở,,,so hong
88000.0,475.0,"Quận Bình Thạnh, TP. Hồ Chí Minh",Quận Bình Thạnh,5,5,,nhà ở,,,giay to hop le
55000.0,232.0,"Quận 2 (TP. Thủ Đức), TP. Hồ Chí Minh",Quận 2 (TP. Thủ Đức),5,6,,biệt thự,,,so hong
3070.0,68.0,"Quận 2 (TP. Thủ Đức), TP. Hồ Chí Minh",Quận 2 (TP. Thủ Đức),2,2,,căn hộ,,,hop dong mua ban
8600.0,78.0,"Huyện Nhà Bè, TP. Hồ Chí Minh",Huyện Nhà Bè,4,5,,nhà phố,,,so hong
5590.0,55.0,"Quận Tân Bình, TP. Hồ Chí Minh",Quận Tân Bình,0,0,,nhà hẻm,,,so hong
2200.0,100.0,"Quận 2 (TP. Thủ Đức), TP. Hồ Chí Minh",Quận 2 (TP. Thủ Đức),3,2,,căn hộ,,,so hong
3790.0,70.0,"Quận 2 (TP. Thủ Đức), TP. Hồ Chí Minh",Quận 2 (TP. Thủ Đức),2,2,,căn hộ,,,so hong
1885.0,35.0,"Quận 3, TP. Hồ Chí Minh",Quận 3,3,4,,nhà ở,,,so hong
3260.0,33.0,"Quận Phú Nhuận, TP. Hồ Chí Minh",Quận Phú Nhuận,4,3,,nhà ở,,,so hong
16900.0,70.0,"Quận 10, TP. Hồ Chí Minh",Quận 10,7,8,,nhà ở,,,giay to hop le
8500.0,72.0,"Quận 7, TP. Hồ Chí Minh",Quận 7,4,5,,nhà phố,,,so hong
1075.0,70.0,"Quận Tân Bình, TP. Hồ Chí Minh",Quận Tân Bình,2,2,,căn hộ,,,so hong
3000.0,75.0,"Quận 2 (TP. Thủ Đức), TP. Hồ Chí Minh",Quận 2 (TP. Thủ Đức),2,2,,căn hộ,,,so hong
1240.0,71.0,"Quận Bình Tân, TP. Hồ Chí Minh",Quận Bình Tân,2,2,,căn hộ,,,so hong
45000.0,200.0,"Quận 2 (TP. Thủ Đức), TP. Hồ Chí Minh",Quận 2 (TP. Thủ Đức),0,0,,nhà ở,,,so do
62000.0,230.0,"Quận Bình Thạnh, TP. Hồ Chí Minh",Quận Bình Thạnh,5,5,,nhà ở,,,so hong
3560.0,50.0,"Quận Tân Bình, TP. Hồ Chí Minh",Quận Tân Bình,3,3,,nhà ở,,,so hong
11500.0,108.0,"Quận 2 (TP. Thủ Đức), TP. Hồ Chí Minh",Quận 2 (TP. Thủ Đức),0,0,,đất nền,,,so hong
3500.0,72.0,"Quận Bình Thạnh, TP. Hồ Chí Minh",Quận Bình Thạnh,2,2,,nhà ở,,,so hong
7600.0,56.0,"Quận 7, TP. Hồ Chí Minh",Quận 7,4,5,,nhà phố,,,so hong
6000.0,62.0,"Quận 2 (TP. Thủ Đức), TP. Hồ Chí Minh",Quận 2 (TP. Thủ Đức),4,2,,nhà ở,,,so hong
2360.0,89.0,"Quận 2 (TP. Thủ Đức), TP. Hồ Chí Minh",Quận 2 (TP. Thủ Đức),3,3,,căn hộ,,,so hong
3050.0,57.0,"Quận Bình Tân, TP. Hồ Chí Minh",Quận Bình Tân,0,0,,nhà ở,,,so hong
1105.0,63.0,"Quận Thủ Đức (TP. Thủ Đức), TP. Hồ Chí Minh",Quận Thủ Đức (TP. Thủ Đức),2,2,,căn hộ,,,so hong
55000.0,240.0,"Quận 2 (TP. Thủ Đức), TP. Hồ Chí Minh",Quận 2 (TP. Thủ Đức),5,5,,biệt thự,,,so hong
2000.0,21.0,"Quận Bình Thạnh, TP. Hồ Chí Minh",Quận Bình Thạnh,3,3,,nhà ở,,,so hong
25000.0,84.0,"Quận Phú Nhuận, TP. Hồ Chí Minh",Quận Phú Nhuận,6,6,,nhà ở,,,giay to hop le
80000.0,340.0,"Quận 2 (TP. Thủ Đức), TP. Hồ Chí Minh",Quận 2 (TP. Thủ Đức),4,4,,biệt thự,,,so hong
4180.0,97.0,"Quận 2 (TP. Thủ Đức), TP. Hồ Chí Minh",Quận 2 (TP. Thủ Đức),3,2,,căn hộ,,,so hong
9690.0,64.0,"Huyện Nhà Bè, TP. Hồ Chí Minh",Huyện Nhà Bè,4,5,,nhà phố,,,so hong
1555.0,37.0,"Quận Gò Vấp, TP. Hồ Chí Minh",Quận Gò Vấp,4,3,,nhà ở,,,so hong
12400.0,70.0,"Quận 2 (TP. Thủ Đức), TP. Hồ Chí Minh",Quận 2 (TP. Thủ Đức),2,2,,nhà ở,,,so hong
6300.0,175.0,"Huyện Bình Chánh, TP. Hồ Chí Minh",Huyện Bình Chánh,0,0,,nhà ở,,,so hong
2120.0,70.0,"Quận 10, TP. Hồ Chí Minh",Quận 10,2,2,,nhà ở,,,so hong
3160.0,60.0,"Quận Bình Thạnh, TP. Hồ Chí Minh",Quận Bình Thạnh,4,5,,nhà ở,,,so hong
52000.0,210.0,"Quận 2 (TP. Thủ Đức), TP. Hồ Chí Minh",Quận 2 (TP. Thủ Đức),5,6,,nhà ở,,,so hong
4100.0,50.0,"Quận 2 (TP. Thủ Đức), TP. Hồ Chí Minh",Quận 2 (TP. Thủ Đức),3,2,,nhà ở,,,so hong
6300.0,50.0,"Huyện Nhà Bè, TP. Hồ Chí Minh",Huyện Nhà Bè,2,3,,nhà phố,,,so hong
1725.0,41.0,"Quận Phú Nhuận, TP. Hồ Chí Minh",Quận Phú Nhuận,4,3,,nhà ở,,,so hong
7140.0,50.0,"Quận 2 (TP. Thủ Đức), TP. Hồ Chí Minh",Quận 2 (TP. Thủ Đức),1,1,,căn hộ,,,so hong
1630.0,40.0,"Quận Bình Tân, TP. Hồ Chí Minh",Quận Bình Tân,2,2,,nhà ở,,,so hong
1735.0,75.0,"Quận Phú Nhuận, TP. Hồ Chí Minh",Quận Phú Nhuận,2,2,,căn hộ,,,so hong
35000.0,125.0,"Quận 2 (TP. Thủ Đức), TP. Hồ Chí Minh",Quận 2 (TP. Thủ Đức),4,4,,nhà phố,,,so hong
3460.0,50.0,"Quận Tân Bình, TP. Hồ Chí Minh",Quận Tân Bình,3,4,,nhà ở,,,so hong
100000.0,350.0,"Quận 2 (TP. Thủ Đức), TP. Hồ Chí Minh",Quận 2 (TP. Thủ Đức),4,5,,biệt thự,,,so hong
2250.0,30.0,"Quận Bình Thạnh, TP. Hồ Chí Minh",Quận Bình Thạnh,3,2,,nhà ở,,,so hong
5600.0,64.0,"Quận 7, TP. Hồ Chí Minh",Quận 7,2,2,,nhà phố,,,so hong
1895.0,50.0,"Quận 10, TP. Hồ Chí Minh",Quận 10,4,3,,nhà ở,,,so hong
4190.0,49.0,"Quận 1, TP. Hồ Chí Minh",Quận 1,1,1,,căn hộ,,,so hong
1645.0,70.0,"Quận Tân Bình, TP. Hồ Chí Minh",Quận Tân Bình,2,2,,căn hộ,,,so hong
33000.0,240.0,"Quận 2 (TP. Thủ Đức), TP. Hồ Chí Minh",Quận 2 (TP. Thủ Đức),0,0,,nhà ở,,,so do
6320.0,50.0,"Quận Bình Thạnh, TP. Hồ Chí Minh",Quận Bình Thạnh,3,4,,nhà ở,,,so do
39000.0,180.0,"Quận 3, TP. Hồ Chí Minh",Quận 3,6,6,,nhà ở,,,giay to hop le
22000.0,180.0,"Quận 9 (TP. Thủ Đức), TP. Hồ Chí Minh",Quận 9 (TP. Thủ Đức),5,6,,biệt thự,,,so hong
4000.0,42.0,"Quận Phú Nhuận, TP. Hồ Chí Minh",Quận Phú Nhuận,5,4,,nhà ở,,,so hong
8800.0,52.0,"Quận Tân Bình, TP. Hồ Chí Minh",Quận Tân Bình,4,3,,nhà ở,,,so hong
7650.0,50.0,"Huyện Nhà Bè, TP. Hồ Chí Minh",Huyện Nhà Bè,4,5,,nhà phố,,,so hong
1815.0,41.0,"Quận 3, TP. Hồ Chí Minh",Quận 3,4,3,,nhà ở,,,so hong
5150.0,84.0,"Quận 1, TP. Hồ Chí Minh",Quận 1,3,2,,căn hộ,,,so hong
1750.0,30.0,"Quận Bình Tân, TP. Hồ Chí Minh",Quận Bình Tân,2,2,,nhà ở,,,so hong
1265.0,63.0,"Quận Bình Tân, TP. Hồ Chí Minh",Quận Bình Tân,2,1,,căn hộ,,,so hong
3200.0,30.0,"Quận 10, TP. Hồ Chí Minh",Quận 10,2,2,,nhà ở,,,so do
23300.0,86.0,"Quận 1, TP. Hồ Chí Minh",Quận 1,3,3,,nhà ở,,,giay to hop le
5800.0,78.0,"Quận 1, TP. Hồ Chí Minh",Quận 1,2,2,,nhà ở,,,so hong
8500.0,50.0,"Huyện Nhà Bè, TP. Hồ Chí Minh",Huyện Nhà Bè,4,5,,nhà phố,,,so hong
1590.0,28.0,"Quận Phú Nhuận, TP. Hồ Chí Minh",Quận Phú Nhuận,3,3,,nhà ở,,,so hong
4510.0,64.0,"Quận 11, TP. Hồ Chí Minh",Quận 11,4,4,,nhà ở,,,so hong
1330.0,50.0,"Quận Thủ Đức (TP. Thủ Đức), TP. Hồ Chí Minh",Quận Thủ Đức (TP. Thủ Đức),2,1,,căn hộ,,,so hong
3780.0,44.0,"Quận Gò Vấp, TP. Hồ Chí Minh",Quận Gò Vấp,4,3,,nhà ở,,,so hong
55000.0,220.0,"Quận 10, TP. Hồ Chí Minh",Quận 10,5,5,,nhà ở,,,giay to hop le
26000.0,136.0,"Quận 2 (TP. Thủ Đức), TP. Hồ Chí Minh",Quận 2 (TP. Thủ Đức),1,1,,nhà ở,,,so hong
5900.0,30.0,"Quận 10, TP. Hồ Chí Minh",Quận 10,3,3,,nhà ở,,,so hong
16500.0,102.0,"Quận Tân Bình, TP. Hồ Chí Minh",Quận Tân Bình,6,4,,nhà ở,,,so hong
9800.0,80.0,"Huyện Nhà Bè, TP. Hồ Chí Minh",Huyện Nhà Bè,4,5,,nhà phố,,,so hong
1805.0,52.0,"Quận Gò Vấp, TP. Hồ Chí Minh",Quận Gò Vấp,4,3,,nhà ở,,,so hong
10300.0,214.0,"Quận Thủ Đức (TP. Thủ Đức), TP. Hồ Chí Minh",Quận Thủ Đức (TP. Thủ Đức),0,0,,đất nền,,,so hong
12000.0,108.0,"Quận 1, TP. Hồ Chí Minh",Quận 1,3,3,,nhà ở,,,so hong
11500.0,74.0,"Quận Bình Thạnh, TP. Hồ Chí Minh",Quận Bình Thạnh,4,5,,biệt thự,,,so hong
36000.0,120.0,"Quận 1, TP. Hồ Chí Minh",Quận 1,3,3,,nhà ở,,,giay to hop le
4150.0,64.0,"Quận 6, TP. Hồ Chí Minh",Quận 6,3,4,,nhà ở,,,so hong
8168.0,36.0,"Quận Tân Bình, TP. Hồ Chí Minh",Quận Tân Bình,4,4,,nhà ở,,,so hong
11500.0,90.0,"Huyện Nhà Bè, TP. Hồ Chí Minh",Huyện Nhà Bè,4,5,,nhà phố,,,so hong
2475.0,36.0,"Quận Phú Nhuận, TP. Hồ Chí Minh",Quận Phú Nhuận,3,3,,nhà ở,,,so hong
3990.0,132.0,"Quận 9 (TP. Thủ Đức), TP. Hồ Chí Minh",Quận 9 (TP. Thủ Đức),0,0,,đất nền,,,so hong
3570.0,55.0,"Quận 1, TP. Hồ Chí Minh",Quận 1,2,1,,căn hộ,,,so hong
2035.0,137.0,"Quận Bình Thạnh, TP. Hồ Chí Minh",Quận Bình Thạnh,3,2,,căn hộ,,,so hong
1990.0,82.0,"Quận Bình Tân, TP. Hồ Chí Minh",Quận Bình Tân,3,2,,căn hộ,,,so hong
23000.0,175.0,"Quận 2 (TP. Thủ Đức), TP. Hồ Chí Minh",Quận 2 (TP. Thủ Đức),0,0,,biệt thự,,,so hong
4770.0,84.0,"Quận 4, TP. Hồ Chí Minh",Quận 4,2,2,,căn hộ,,,so hong
8350.0,63.0,"Huyện Nhà Bè, TP. Hồ Chí Minh",Huyện Nhà Bè,4,5,,nhà phố,,,so hong
8888.0,46.0,"Quận Tân Phú, TP. Hồ Chí Minh",Quận Tân Phú,4,4,,nhà ở,,,so hong
2125.0,61.0,"Quận 3, TP. Hồ Chí Minh",Quận 3,4,4,,nhà ở,,,so hong
12999.0,185.0,"Quận 9 (TP. Thủ Đức), TP. Hồ Chí Minh",Quận 9 (TP. Thủ Đức),0,0,,đất nền,,,so hong
2545.0,42.0,"Quận Bình Thạnh, TP. Hồ Chí Minh",Quận Bình Thạnh,3,3,,nhà ở,,,so hong
1405.0,62.0,"Quận 2 (TP. Thủ Đức), TP. Hồ Chí Minh",Quận 2 (TP. Thủ Đức),2,2,,căn hộ,,,so hong
9125.0,145.0,"Quận 7, TP. Hồ Chí Minh",Quận 7,3,2,,nhà ở,,,so hong
3700.0,32.0,"Quận Phú Nhuận, TP. Hồ Chí Minh",Quận Phú Nhuận,3,4,,nhà ở,,,so hong
12680.0,73.0,"Quận Tân Phú, TP. Hồ Chí Minh",Quận Tân Phú,0,0,,nhà ở,,,so hong
9200.0,85.0,"Huyện Nhà Bè, TP. Hồ Chí Minh",Huyện Nhà Bè,4,5,,nhà phố,,,so hong
1525.0,52.0,"Quận Bình Thạnh, TP. Hồ Chí Minh",Quận Bình Thạnh,2,2,,nhà ở,,,so hong
9800.0,105.0,"Quận 9 (TP. Thủ Đức), TP. Hồ Chí Minh",Quận 9 (TP. Thủ Đức),0,0,,căn hộ,,,so hong
3540.0,80.0,"Quận 4, TP. Hồ Chí Minh",Quận 4,2,2,,căn hộ,,,so hong
2095.0,83.0,"Quận Bình Thạnh, TP. Hồ Chí Minh",Quận Bình Thạnh,2,2,,căn hộ,,,so hong
100000.0,398.0,"Quận 1, TP. Hồ Chí Minh",Quận 1,3,3,,nhà ở,,,so hong
8300.0,85.0,"Quận Bình Thạnh, TP. Hồ Chí Minh",Quận Bình Thạnh,2,2,,nhà ở,,,so hong
24500.0,100.0,"Quận 2 (TP. Thủ Đức), TP. Hồ Chí Minh",Quận 2 (TP. Thủ Đức),4,5,,nhà ở,,,so hong
3385.0,80.0,"Quận 4, TP. Hồ Chí Minh",Quận 4,2,2,,căn hộ,,,so hong
9450.0,42.0,"Quận 7, TP. Hồ Chí Minh",Quận 7,4,5,,nhà phố,,,so hong
1670.0,54.0,"Quận Gò Vấp, TP. Hồ Chí Minh",Quận Gò Vấp,4,3,,nhà ở,,,so hong
14700.0,175.0,"Quận 9 (TP. Thủ Đức), TP. Hồ Chí Minh",Quận 9 (TP. Thủ Đức),0,0,,đất nền,,,so hong
3465.0,39.0,"Quận Tân Phú, TP. Hồ Chí Minh",Quận Tân Phú,3,2,,nhà hẻm,,,so hong
1415.0,82.0,"Quận Bình Thạnh, TP. Hồ Chí Minh",Quận Bình Thạnh,2,2,,căn hộ,,,so hong
5105.0,85.0,"Quận 4, TP. Hồ Chí Minh",Quận 4,2,2,,nhà ở,,,so hong
2550.0,27.0,"Quận Phú Nhuận, TP. Hồ Chí Minh",Quận Phú Nhuận,2,2,,nhà ở,,,so hong
11600.0,167.0,"Quận Tân Phú, TP. Hồ Chí Minh",Quận Tân Phú,4,4,,nhà ở,,,so hong
7680.0,64.0,"Huyện Nhà Bè, TP. Hồ Chí Minh",Huyện Nhà Bè,4,5,,nhà phố,,,so hong
1560.0,33.0,"Quận 10, TP. Hồ Chí Minh",Quận 10,2,2,,nhà ở,,,so hong
11500.0,94.0,"Quận 9 (TP. Thủ Đức), TP. Hồ Chí Minh",Quận 9 (TP. Thủ Đức),1,1,,nhà ở,,,so hong
2450.0,75.0,"Quận 9 (TP. Thủ Đức), TP. Hồ Chí Minh",Quận 9 (TP. Thủ Đức),2,2,,căn hộ,,,so hong
1395.0,67.0,"Quận 7, TP. Hồ Chí Minh",Quận 7,2,2,,căn hộ,,,so hong
4295.0,135.0,"Quận 4, TP. Hồ Chí Minh",Quận 4,4,2,,căn hộ,,,so hong
40000.0,188.0,"Quận Bình Thạnh, TP. Hồ Chí Minh",Quận Bình Thạnh,3,3,,nhà ở,,,giay to hop le
25300.0,110.0,"Quận 2 (TP. Thủ Đức), TP. Hồ Chí Minh",Quận 2 (TP. Thủ Đức),0,0,,nhà ở,,,so do
14295.0,90.0,"Quận 1, TP. Hồ Chí Minh",Quận 1,9,9,,nhà ở,,,so hong
7390.0,60.0,"Quận Bình Tân, TP. Hồ Chí Minh",Quận Bình Tân,4,5,,nhà ở,,,so hong
5500.0,110.0,"Huyện Nhà Bè, TP. Hồ Chí Minh",Huyện Nhà Bè,0,0,,đất nền,,,so hong
2530.0,49.0,"Quận Gò Vấp, TP. Hồ Chí Minh",Quận Gò Vấp,3,3,,nhà ở,,,so hong
14800.0,118.0,"Quận 9 (TP. Thủ Đức), TP. Hồ Chí Minh",Quận 9 (TP. Thủ Đức),5,5,,nhà ở,,,so hong
4860.0,40.0,"Quận Bình Thạnh, TP. Hồ Chí Minh",Quận Bình Thạnh,4,4,,nhà ở,,,so hong
1285.0,64.0,"Quận Bình Tân, TP. Hồ Chí Minh",Quận Bình Tân,5,5,,nhà ở,,,so hong
2580.0,73.0,"Quận 2 (TP. Thủ Đức), TP. Hồ Chí Minh",Quận 2 (TP. Thủ Đức),2,2,,căn hộ,,,so hong
21900.0,83.0,"Quận 3, TP. Hồ Chí Minh",Quận 3,6,6,,nhà hẻm,,,giay to hop le
37000.0,204.0,"Quận Tân Bình, TP. Hồ Chí Minh",Quận Tân Bình,1,1,,biệt thự,,,so hong
3275.0,30.0,"Quận Phú Nhuận, TP. Hồ Chí Minh",Quận Phú Nhuận,3,4,,nhà ở,,,so hong
6650.0,56.0,"Huyện Nhà Bè, TP. Hồ Chí Minh",Huyện Nhà Bè,4,5,,nhà phố,,,so hong
1655.0,40.0,"Quận Phú Nhuận, TP. Hồ Chí Minh",Quận Phú Nhuận,3,2,,nhà ở,,,so hong
10500.0,96.0,"Quận Thủ Đức (TP. Thủ Đức), TP. Hồ Chí Minh",Quận Thủ Đức (TP. Thủ Đức),1,1,,nhà ở,,,so hong
3065.0,50.0,"Quận 2 (TP. Thủ Đức), TP. Hồ Chí Minh",Quận 2 (TP. Thủ Đức),1,1,,căn hộ,,,so hong
1545.0,50.0,"Quận Tân Phú, TP. Hồ Chí Minh",Quận Tân Phú,2,3,,nhà ở,,,so hong
2530.0,50.0,"Quận 2 (TP. Thủ Đức), TP. Hồ Chí Minh",Quận 2 (TP. Thủ Đức),1,1,,nhà ở,,,so hong
32000.0,143.0,"Quận 2 (TP. Thủ Đức), TP. Hồ Chí Minh",Quận 2 (TP. Thủ Đức),0,0,,nhà ở,,,so hong
14625.0,150.0,"Quận Bình Thạnh, TP. Hồ Chí Minh",Quận Bình Thạnh,4,3,,nhà ở,,,so hong
10800.0,80.0,"Huyện Nhà Bè, TP. Hồ Chí Minh",Huyện Nhà Bè,4,5,,nhà phố,,,so hong
17900.0,72.0,"Quận Tân Bình, TP. Hồ Chí Minh",Quận Tân Bình,0,0,,nhà ở,,,so hong
5220.0,61.0,"Quận 3, TP. Hồ Chí Minh",Quận 3,6,7,,nhà ở,,,so hong
9500.0,85.0,"Quận 9 (TP. Thủ Đức), TP. Hồ Chí Minh",Quận 9 (TP. Thủ Đức),2,3,,nhà ở,,,so hong
14600.0,150.0,"Quận Bình Thạnh, TP. Hồ Chí Minh",Quận Bình Thạnh,4,3,,nhà ở,,,so hong
1655.0,60.0,"Quận Bình Thạnh, TP. Hồ Chí Minh",Quận Bình Thạnh,4,3,,nhà ở,,,so hong
2560.0,81.0,"Quận 7, TP. Hồ Chí Minh",Quận 7,3,2,,căn hộ,,,so hong
5065.0,76.0,"Quận Gò Vấp, TP. Hồ Chí Minh",Quận Gò Vấp,3,5,,nhà phố,,,so hong
4270.0,50.0,"Quận 3, TP. Hồ Chí Minh",Quận 3,6,7,,nhà hẻm,,,so hong
13700.0,121.0,"Quận 9 (TP. Thủ Đức), TP. Hồ Chí Minh",Quận 9 (TP. Thủ Đức),0,0,,đất nền,,,so hong
3625.0,59.0,"Quận Bình Tân, TP. Hồ Chí Minh",Quận Bình Tân,4,3,,nhà ở,,,so hong
1935.0,64.0,"Quận 6, TP. Hồ Chí Minh",Quận 6,3,4,,nhà ở,,,so hong
3580.0,49.0,"Quận Bình Thạnh, TP. Hồ Chí Minh",Quận Bình Thạnh,3,3,,nhà ở,,,so hong
28000.0,135.0,"Quận Phú Nhuận, TP. Hồ Chí Minh",Quận Phú Nhuận,8,8,,nhà ở,,,giay to hop le
44000.0,184.0,"Quận 2 (TP. Thủ Đức), TP. Hồ Chí Minh",Quận 2 (TP. Thủ Đức),5,5,,biệt thự,,,so hong
2450.0,24.0,"Quận Gò Vấp, TP. Hồ Chí Minh",Quận Gò Vấp,2,3,,nhà ở,,,so hong
14200.0,62.0,"Quận Tân Bình, TP. Hồ Chí Minh",Quận Tân Bình,5,5,,nhà ở,,,so hong
5900.0,45.0,"Huyện Nhà Bè, TP. Hồ Chí Minh",Huyện Nhà Bè,2,2,,nhà ở,,,so hong
2140.0,82.0,"Quận 10, TP. Hồ Chí Minh",Quận 10,5,4,,biệt thự,,,so hong
13000.0,58.0,"Quận 9 (TP. Thủ Đức), TP. Hồ Chí Minh",Quận 9 (TP. Thủ Đức),5,3,,nhà ở,,,so hong
10205.0,79.0,"Quận 2 (TP. Thủ Đức), TP. Hồ Chí Minh",Quận 2 (TP. Thủ Đức),2,2,,nhà ở,,,so hong
2030.0,88.0,"Quận 10, TP. Hồ Chí Minh",Quận 10,2,2,,căn hộ,,,so hong
3065.0,65.0,"Quận 4, TP. Hồ Chí Minh",Quận 4,1,1,,căn hộ,,,so hong
30000.0,100.0,"Quận 2 (TP. Thủ Đức), TP. Hồ Chí Minh",Quận 2 (TP. Thủ Đức),4,4,,nhà ở,,,so hong
1650.0,60.0,"Quận 8, TP. Hồ Chí Minh",Quận 8,2,2,,nhà ở,,,so hong
15800.0,78.0,"Quận 7, TP. Hồ Chí Minh",Quận 7,4,6,,nhà phố,,,so hong
1760.0,52.0,"Quận Gò Vấp, TP. Hồ Chí Minh",Quận Gò Vấp,3,5,,nhà ở,,,so hong
16700.0,201.0,"Quận 9 (TP. Thủ Đức), TP. Hồ Chí Minh",Quận 9 (TP. Thủ Đức),7,7,,nhà ở,,,so hong
3285.0,80.0,"Quận 4, TP. Hồ Chí Minh",Quận 4,2,2,,căn hộ,,,so hong
1725.0,30.0,"Quận Bình Thạnh, TP. Hồ Chí Minh",Quận Bình Thạnh,4,3,,nhà ở,,,so hong
3045.0,63.0,"Quận 10, TP. Hồ Chí Minh",Quận 10,2,2,,nhà ở,,,so hong
33750.0,375.0,"Quận 2 (TP. Thủ Đức), TP. Hồ Chí Minh",Quận 2 (TP. Thủ Đức),0,0,,nhà ở,,,so hong
6125.0,61.0,"Quận 3, TP. Hồ Chí Minh",Quận 3,4,5,,nhà ở,,,so hong
7600.0,40.0,"Quận Tân Phú, TP. Hồ Chí Minh",Quận Tân Phú,0,0,,nhà hẻm,,,so hong
8600.0,80.0,"Huyện Nhà Bè, TP. Hồ Chí Minh",Huyện Nhà Bè,4,5,,nhà phố,,,so hong
2890.0,28.0,"Quận 5, TP. Hồ Chí Minh",Quận 5,2,3,,nhà ở,,,so hong
7500.0,53.0,"Quận Thủ Đức (TP. Thủ Đức), TP. Hồ Chí Minh",Quận Thủ Đức (TP. Thủ Đức),4,3,,căn hộ,,,so hong
1680.0,44.0,"Quận Bình Tân, TP. Hồ Chí Minh",Quận Bình Tân,2,2,,nhà ở,,,so hong
2850.0,70.0,"Quận 7, TP. Hồ Chí Minh",Quận 7,2,2,,căn hộ,,,so hong
1290.0,15.0,"Quận 10, TP. Hồ Chí Minh",Quận 10,2,3,,nhà ở,,,so hong
65000.0,300.0,"Quận 2 (TP. Thủ Đức), TP. Hồ Chí Minh",Quận 2 (TP. Thủ Đức),4,5,,biệt thự,,,so hong
1205.0,58.0,"Quận 12, TP. Hồ Chí Minh",Quận 12,2,2,,căn hộ,,,so hong
5160.0,30.0,"Quận Tân Bình, TP. Hồ Chí Minh",Quận Tân Bình,2,2,,nhà ở,,,so hong
13200.0,62.0,"Quận 7, TP. Hồ Chí Minh",Quận 7,4,5,,nhà phố,,,so hong
1865.0,33.0,"Quận 3, TP. Hồ Chí Minh",Quận 3,3,4,,nhà ở,,,so hong
9000.0,140.0,"Quận 9 (TP. Thủ Đức), TP. Hồ Chí Minh",Quận 9 (TP. Thủ Đức),4,5,,nhà ở,,,so hong
2550.0,60.0,"Quận Bình Tân, TP. Hồ Chí Minh",Quận Bình Tân,0,0,,đất nền,,,so hong
1150.0,10.0,"Quận 4, TP. Hồ Chí Minh",Quận 4,2,2,,nhà ở,,,so hong
1875.0,51.0,"Quận 11, TP. Hồ Chí Minh",Quận 11,4,4,,nhà ở,,,so hong
3425.0,88.0,"Quận 7, TP. Hồ Chí Minh",Quận 7,3,2,,căn hộ,,,so hong
2405.0,64.0,"Quận 7, TP. Hồ Chí Minh",Quận 7,2,2,,căn hộ,,,so hong
7250.0,54.0,"Huyện Nhà Bè, TP. Hồ Chí Minh",Huyện Nhà Bè,4,5,,nhà phố,,,so hong
15600.0,67.0,"Quận Tân Phú, TP. Hồ Chí Minh",Quận Tân Phú,1,0,,nhà ở,,,so hong
3180.0,41.0,"Quận 10, TP. Hồ Chí Minh",Quận 10,2,2,,nhà hẻm,,,so hong
7400.0,104.0,"Quận 9 (TP. Thủ Đức), TP. Hồ Chí Minh",Quận 9 (TP. Thủ Đức),5,5,,nhà ở,,,so hong
1345.0,21.0,"Quận Gò Vấp, TP. Hồ Chí Minh",Quận Gò Vấp,2,2,,nhà ở,,,so hong
2125.0,50.0,"Quận Bình Thạnh, TP. Hồ Chí Minh",Quận Bình Thạnh,5,6,,nhà ở,,,so hong
10635.0,122.0,"Quận 7, TP. Hồ Chí Minh",Quận 7,3,2,,căn hộ,,,so hong
1375.0,50.0,"Huyện Nhà Bè, TP. Hồ Chí Minh",Huyện Nhà Bè,2,1,,căn hộ,,,so hong
6390.0,50.0,"Huyện Nhà Bè, TP. Hồ Chí Minh",Huyện Nhà Bè,4,5,,nhà phố,,,so hong
8500.0,76.0,"Quận Tân Phú, TP. Hồ Chí Minh",Quận Tân Phú,0,0,,nhà ở,,,so hong
1505.0,50.0,"Quận Bình Thạnh, TP. Hồ Chí Minh",Quận Bình Thạnh,3,3,,nhà ở,,,so hong
11400.0,87.0,"Quận Tân Bình, TP. Hồ Chí Minh",Quận Tân Bình,3,3,,nhà ở,,,so hong
5250.0,50.0,"Quận 9 (TP. Thủ Đức), TP. Hồ Chí Minh",Quận 9 (TP. Thủ Đức),2,1,,nhà ở,,,so hong
2550.0,62.0,"Quận Bình Tân, TP. Hồ Chí Minh",Quận Bình Tân,0,0,,đất nền,,,so hong
7450.0,51.0,"Quận Bình Thạnh, TP. Hồ Chí Minh",Quận Bình Thạnh,3,4,,nhà ở,,,so hong
1585.0,115.0,"Quận 7, TP. Hồ Chí Minh",Quận 7,3,2,,căn hộ,,,so hong
7365.0,114.0,"Quận Bình Thạnh, TP. Hồ Chí Minh",Quận Bình Thạnh,3,2,,nhà ở,,,so hong
31000.0,140.0,"Quận Bình Thạnh, TP. Hồ Chí Minh",Quận Bình Thạnh,5,5,,nhà ở,,,so hong
18000.0,100.0,"Quận 3, TP. Hồ Chí Minh",Quận 3,5,5,,nhà hẻm,,,giay to hop le
37050.0,142.0,"Quận 2 (TP. Thủ Đức), TP. Hồ Chí Minh",Quận 2 (TP. Thủ Đức),0,0,,nhà ở,,,so hong
2275.0,68.0,"Quận 8, TP. Hồ Chí Minh",Quận 8,2,2,,căn hộ,,,so hong
6790.0,60.0,"Quận 7, TP. Hồ Chí Minh",Quận 7,3,4,,nhà phố,,,so hong
28888.0,150.0,"Quận Tân Phú, TP. Hồ Chí Minh",Quận Tân Phú,3,2,,nhà ở,,,so hong
1790.0,41.0,"Quận Bình Thạnh, TP. Hồ Chí Minh",Quận Bình Thạnh,4,3,,nhà ở,,,so hong
3700.0,36.0,"Quận Gò Vấp, TP. Hồ Chí Minh",Quận Gò Vấp,2,3,,nhà ở,,,so hong
4000.0,68.0,"Quận Thủ Đức (TP. Thủ Đức), TP. Hồ Chí Minh",Quận Thủ Đức (TP. Thủ Đức),0,0,,đất nền,,,so hong
1700.0,44.0,"Quận Bình Tân, TP. Hồ Chí Minh",Quận Bình Tân,2,2,,nhà ở,,,so hong
2515.0,105.0,"Quận 7, TP. Hồ Chí Minh",Quận 7,3,2,,căn hộ,,,so hong
1295.0,55.0,"Quận Gò Vấp, TP. Hồ Chí Minh",Quận Gò Vấp,2,3,,nhà ở,,,so hong
3315.0,48.0,"Quận 11, TP. Hồ Chí Minh",Quận 11,4,4,,nhà ở,,,so hong
22000.0,86.0,"Quận 1, TP. Hồ Chí Minh",Quận 1,8,9,,nhà ở,,,giay to hop le
1230.0,62.0,"Quận 8, TP. Hồ Chí Minh",Quận 8,2,2,,căn hộ,,,so hong
17500.0,144.0,"Quận Tân Phú, TP. Hồ Chí Minh",Quận Tân Phú,1,1,,nhà ở,,,so hong
5600.0,105.0,"Huyện Nhà Bè, TP. Hồ Chí Minh",Huyện Nhà Bè,0,0,,đất nền,,,so hong
3360.0,42.0,"Quận Bình Thạnh, TP. Hồ Chí Minh",Quận Bình Thạnh,3,2,,nhà hẻm,,,so hong
3690.0,40.0,"Quận Gò Vấp, TP. Hồ Chí Minh",Quận Gò Vấp,3,3,,nhà ở,,,so hong
2140.0,75.0,"Quận 10, TP. Hồ Chí Minh",Quận 10,5,5,,nhà ở,,,so hong
2260.0,70.0,"Quận Tân Phú, TP. Hồ Chí Minh",Quận Tân Phú,2,2,,nhà ở,,,so hong
24000.0,80.0,"Quận 1, TP. Hồ Chí Minh",Quận 1,7,8,,nhà ở,,,giay to hop le
30000.0,105.0,"Quận 2 (TP. Thủ Đức), TP. Hồ Chí Minh",Quận 2 (TP. Thủ Đức),5,5,,nhà ở,,,so hong
1330.0,55.0,"Quận 9 (TP. Thủ Đức), TP. Hồ Chí Minh",Quận 9 (TP. Thủ Đức),2,1,,căn hộ,,,so hong
5800.0,60.0,"Quận 7, TP. Hồ Chí Minh",Quận 7,4,3,,nhà phố,,,so hong
1685.0,44.0,"Quận Tân Bình, TP. Hồ Chí Minh",Quận Tân Bình,5,3,,nhà ở,,,so hong
7200.0,61.0,"Quận Bình Thạnh, TP. Hồ Chí Minh",Quận Bình Thạnh,1,1,,nhà ở,,,so hong
40500.0,227.0,"Quận Thủ Đức (TP. Thủ Đức), TP. Hồ Chí Minh",Quận Thủ Đức (TP. Thủ Đức),0,0,,nhà ở,,,so hong
7385.0,124.0,"Quận 7, TP. Hồ Chí Minh",Quận 7,3,2,,căn hộ,,,so hong
1405.0,70.0,"Quận Tân Phú, TP. Hồ Chí Minh",Quận Tân Phú,2,2,,căn hộ,,,so hong
5375.0,120.0,"Quận Bình Thạnh, TP. Hồ Chí Minh",Quận Bình Thạnh,3,2,,căn hộ,,,so hong
1550.0,58.0,"Quận 6, TP. Hồ Chí Minh",Quận 6,2,1,,căn hộ,,,so hong
48000.0,209.0,"Quận Tân Phú, TP. Hồ Chí Minh",Quận Tân Phú,0,0,,nhà ở,,,so hong
10500.0,70.0,"Huyện Nhà Bè, TP. Hồ Chí Minh",Huyện Nhà Bè,4,5,,nhà phố,,,so hong
2625.0,61.0,"Quận Phú Nhuận, TP. Hồ Chí Minh",Quận Phú Nhuận,5,4,,nhà ở,,,so hong
11200.0,72.0,"Quận 1, TP. Hồ Chí Minh",Quận 1,1,1,,nhà ở,,,so hong
12500.0,362.0,"Quận 9 (TP. Thủ Đức), TP. Hồ Chí Minh",Quận 9 (TP. Thủ Đức),2,2,,nhà ở,,,so hong
2300.0,36.0,"Quận 4, TP. Hồ Chí Minh",Quận 4,2,2,,nhà ở,,,so hong
1560.0,52.0,"Quận Bình Thạnh, TP. Hồ Chí Minh",Quận Bình Thạnh,3,2,,nhà ở,,,so hong
2285.0,83.0,"Quận Tân Phú, TP. Hồ Chí Minh",Quận Tân Phú,3,2,,căn hộ,,,so hong
27000.0,160.0,"Quận Bình Thạnh, TP. Hồ Chí Minh",Quận Bình Thạnh,5,5,,nhà ở,,,giay to hop le
1269.0,65.0,"Quận Bình Tân, TP. Hồ Chí Minh",Quận Bình Tân,2,2,,căn hộ,,,so hong
4500.0,22.0,"Quận Tân Bình, TP. Hồ Chí Minh",Quận Tân Bình,2,2,,nhà ở,,,so hong
7500.0,51.0,"Huyện Nhà Bè, TP. Hồ Chí Minh",Huyện Nhà Bè,4,5,,nhà phố,,,so hong
7215.0,160.0,"Quận Phú Nhuận, TP. Hồ Chí Minh",Quận Phú Nhuận,4,3,,biệt thự,,,so hong
6290.0,50.0,"Quận 9 (TP. Thủ Đức), TP. Hồ Chí Minh",Quận 9 (TP. Thủ Đức),5,4,,nhà ở,,,so hong
2598.0,27.0,"Quận Bình Thạnh, TP. Hồ Chí Minh",Quận Bình Thạnh,3,3,,nhà ở,,,so hong
1605.0,122.0,"Quận Gò Vấp, TP. Hồ Chí Minh",Quận Gò Vấp,3,2,,căn hộ,,,so hong
5305.0,75.0,"Quận Bình Thạnh, TP. Hồ Chí Minh",Quận Bình Thạnh,2,2,,nhà ở,,,so hong
5380.0,54.0,"Quận 9 (TP. Thủ Đức), TP. Hồ Chí Minh",Quận 9 (TP. Thủ Đức),0,0,,nhà ở,,,so hong
4000.0,44.0,"Quận 11, TP. Hồ Chí Minh",Quận 11,4,5,,nhà ở,,,so hong
16500.0,114.0,"Quận Tân Bình, TP. Hồ Chí Minh",Quận Tân Bình,20,0,,căn hộ,,,so hong
8200.0,95.0,"Huyện Nhà Bè, TP. Hồ Chí Minh",Huyện Nhà Bè,4,5,,nhà phố,,,so hong
3290.0,63.0,"Quận Bình Tân, TP. Hồ Chí Minh",Quận Bình Tân,2,2,,nhà ở,,,so hong
5010.0,44.0,"Quận Phú Nhuận, TP. Hồ Chí Minh",Quận Phú Nhuận,4,5,,nhà ở,,,so hong
1395.0,50.0,"Quận Bình Thạnh, TP. Hồ Chí Minh",Quận Bình Thạnh,2,2,,căn hộ,,,so hong
7600.0,88.0,"Quận 9 (TP. Thủ Đức), TP. Hồ Chí Minh",Quận 9 (TP. Thủ Đức),0,0,,nhà ở,,,so hong
2100.0,55.0,"Quận 7, TP. Hồ Chí Minh",Quận 7,2,1,,căn hộ,,,so hong
6680.0,61.0,"Huyện Nhà Bè, TP. Hồ Chí Minh",Huyện Nhà Bè,4,5,,nhà phố,,,so hong
32000.0,300.0,"Quận Bình Tân, TP. Hồ Chí Minh",Quận Bình Tân,0,0,,nhà ở,,,so hong
4235.0,160.0,"Quận 10, TP. Hồ Chí Minh",Quận 10,5,4,,biệt thự,,,so hong
2250.0,74.0,"Quận 10, TP. Hồ Chí Minh",Quận 10,2,2,,căn hộ,,,so hong
2325.0,87.0,"Quận 10, TP. Hồ Chí Minh",Quận 10,2,2,,căn hộ,,,so hong
4190.0,60.0,"Quận Bình Thạnh, TP. Hồ Chí Minh",Quận Bình Thạnh,4,4,,nhà ở,,,so hong
5500.0,96.0,"Quận 9 (TP. Thủ Đức), TP. Hồ Chí Minh",Quận 9 (TP. Thủ Đức),0,0,,nhà ở,,,so hong
6150.0,102.0,"Quận 2 (TP. Thủ Đức), TP. Hồ Chí Minh",Quận 2 (TP. Thủ Đức),2,2,,nhà ở,,,so hong
20000.0,160.0,"Quận Tân Phú, TP. Hồ Chí Minh",Quận Tân Phú,0,0,,nhà ở,,,so hong
5700.0,50.0,"Huyện Nhà Bè, TP. Hồ Chí Minh",Huyện Nhà Bè,4,5,,nhà phố,,,so hong
1565.0,57.0,"Quận 4, TP. Hồ Chí Minh",Quận 4,3,4,,nhà ở,,,so hong
2490.0,45.0,"Quận 4, TP. Hồ Chí Minh",Quận 4,2,2,,nhà ở,,,so hong
1490.0,38.0,"Quận 4, TP. Hồ Chí Minh",Quận 4,3,2,,nhà ở,,,so hong
1580.0,18.0,"Quận 8, TP. Hồ Chí Minh",Quận 8,2,2,,nhà ở,,,so hong
90000.0,410.0,"Quận Bình Thạnh, TP. Hồ Chí Minh",Quận Bình Thạnh,5,6,,nhà ở,,,giay to hop le
4500.0,53.0,"Quận 9 (TP. Thủ Đức), TP. Hồ Chí Minh",Quận 9 (TP. Thủ Đức),0,0,,nhà ở,,,so hong
6290.0,60.0,"Quận Gò Vấp, TP. Hồ Chí Minh",Quận Gò Vấp,4,5,,nhà ở,,,so hong
11800.0,81.0,"Huyện Nhà Bè, TP. Hồ Chí Minh",Huyện Nhà Bè,4,5,,nhà phố,,,so hong
21500.0,210.0,"Quận Bình Tân, TP. Hồ Chí Minh",Quận Bình Tân,0,0,,nhà ở,,,so hong
3250.0,38.0,"Quận 8, TP. Hồ Chí Minh",Quận 8,4,3,,nhà ở,,,so hong
1199.0,19.0,"Quận 4, TP. Hồ Chí Minh",Quận 4,2,2,,nhà ở,,,so hong
975.0,68.0,"Quận Bình Tân, TP. Hồ Chí Minh",Quận Bình Tân,5,6,,nhà ở,,,so hong
4245.0,64.0,"Quận 9 (TP. Thủ Đức), TP. Hồ Chí Minh",Quận 9 (TP. Thủ Đức),4,4,,nhà phố,,,so hong
76000.0,297.0,"Quận Bình Thạnh, TP. Hồ Chí Minh",Quận Bình Thạnh,4,4,,nhà ở,,,so hong
92000.0,470.0,"Quận Bình Thạnh, TP. Hồ Chí Minh",Quận Bình Thạnh,3,2,,nhà ở,,,giay to hop le
6700.0,82.0,"Quận 9 (TP. Thủ Đức), TP. Hồ Chí Minh",Quận 9 (TP. Thủ Đức),1,1,,nhà ở,,,so hong
5390.0,45.0,"Huyện Nhà Bè, TP. Hồ Chí Minh",Huyện Nhà Bè,4,5,,nhà phố,,,so hong
1365.0,60.0,"Quận 2 (TP. Thủ Đức), TP. Hồ Chí Minh",Quận 2 (TP. Thủ Đức),1,1,,căn hộ,,,so hong
1680.0,40.0,"Quận Bình Tân, TP. Hồ Chí Minh",Quận Bình Tân,2,2,,nhà ở,,,so hong
4000.0,42.0,"Quận 10, TP. Hồ Chí Minh",Quận 10,6,5,,nhà ở,,,so hong
1385.0,62.0,"Quận Bình Thạnh, TP. Hồ Chí Minh",Quận Bình Thạnh,2,1,,căn hộ,,,so hong
4235.0,83.0,"Quận 2 (TP. Thủ Đức), TP. Hồ Chí Minh",Quận 2 (TP. Thủ Đức),3,2,,căn hộ,,,so hong
10500.0,125.0,"Quận 9 (TP. Thủ Đức), TP. Hồ Chí Minh",Quận 9 (TP. Thủ Đức),7,7,,nhà ở,,,so hong
7800.0,88.0,"Quận Tân Phú, TP. Hồ Chí Minh",Quận Tân Phú,0,0,,nhà ở,,,so hong
11900.0,80.0,"Huyện Nhà Bè, TP. Hồ Chí Minh",Huyện Nhà Bè,4,5,,nhà phố,,,so hong
1375.0,80.0,"Quận 12, TP. Hồ Chí Minh",Quận 12,4,5,,nhà phố,,,so hong
14800.0,300.0,"Huyện Hóc Môn, TP. Hồ Chí Minh",Huyện Hóc Môn,0,0,,nhà ở,,,so hong
2990.0,49.0,"Quận 7, TP. Hồ Chí Minh",Quận 7,4,4,,nhà ở,,,so hong
1830.0,103.0,"Quận 10, TP. Hồ Chí Minh",Quận 10,3,2,,căn hộ,,,so hong
1860.0,27.0,"Quận Bình Thạnh, TP. Hồ Chí Minh",Quận Bình Thạnh,2,2,,nhà ở,,,so hong
81800.0,442.0,"Quận 3, TP. Hồ Chí Minh",Quận 3,4,4,,nhà ở,,,so hong
74000.0,300.0,"Quận Bình Thạnh, TP. Hồ Chí Minh",Quận Bình Thạnh,2,2,,nhà ở,,,giay to hop le
6600.0,90.0,"Quận 9 (TP. Thủ Đức), TP. Hồ Chí Minh",Quận 9 (TP. Thủ Đức),0,0,,nhà ở,,,so hong
47000.0,188.0,"Quận Tân Bình, TP. Hồ Chí Minh",Quận Tân Bình,0,0,,nhà ở,,,so hong
3900.0,80.0,"Huyện Nhà Bè, TP. Hồ Chí Minh",Huyện Nhà Bè,0,0,,đất nền,,,so hong
1725.0,88.0,"Quận Phú Nhuận, TP. Hồ Chí Minh",Quận Phú Nhuận,2,2,,căn hộ,,,so hong
6120.0,91.0,"Quận Tân Bình, TP. Hồ Chí Minh",Quận Tân Bình,4,3,,nhà ở,,,so hong
10500.0,160.0,"Quận 9 (TP. Thủ Đức), TP. Hồ Chí Minh",Quận 9 (TP. Thủ Đức),0,0,,nhà ở,,,so hong
42800.0,196.0,"Quận Tân Bình, TP. Hồ Chí Minh",Quận Tân Bình,0,0,,nhà ở,,,so hong
7900.0,80.0,"Huyện Nhà Bè, TP. Hồ Chí Minh",Huyện Nhà Bè,4,5,,nhà phố,,,so hong
2550.0,59.0,"Quận Bình Tân, TP. Hồ Chí Minh",Quận Bình Tân,0,0,,nhà ở,,,so hong
8275.0,115.0,"Quận Bình Thạnh, TP. Hồ Chí Minh",Quận Bình Thạnh,3,2,,căn hộ,,,so hong
2015.0,80.0,"Quận Phú Nhuận, TP. Hồ Chí Minh",Quận Phú Nhuận,6,5,,nhà ở,,,so hong
4950.0,80.0,"Quận 9 (TP. Thủ Đức), TP. Hồ Chí Minh",Quận 9 (TP. Thủ Đức),0,0,,nhà ở,,,so hong
7190.0,55.0,"Huyện Nhà Bè, TP. Hồ Chí Minh",Huyện Nhà Bè,4,5,,nhà phố,,,so hong
2280.0,35.0,"Quận 10, TP. Hồ Chí Minh",Quận 10,3,3,,nhà ở,,,so hong
980.0,72.0,"Quận Bình Tân, TP. Hồ Chí Minh",Quận Bình Tân,2,1,,căn hộ,,,so hong
32000.0,150.0,"Quận 3, TP. Hồ Chí Minh",Quận 3,6,6,,nhà ở,,,giay to hop le
7000.0,100.0,"Quận 9 (TP. Thủ Đức), TP. Hồ Chí Minh",Quận 9 (TP. Thủ Đức),0,0,,nhà ở,,,so hong
9500.0,64.0,"Huyện Nhà Bè, TP. Hồ Chí Minh",Huyện Nhà Bè,6,6,,nhà phố,,,so hong
3000.0,72.0,"Quận 1, TP. Hồ Chí Minh",Quận 1,3,3,,nhà ở,,,so hong
64000.0,430.0,"Quận Bình Thạnh, TP. Hồ Chí Minh",Quận Bình Thạnh,3,3,,nhà ở,,,giay to hop le
4600.0,53.0,"Quận 9 (TP. Thủ Đức), TP. Hồ Chí Minh",Quận 9 (TP. Thủ Đức),0,0,,nhà ở,,,so hong
5990.0,46.0,"Quận 7, TP. Hồ Chí Minh",Quận 7,4,5,,nhà phố,,,so hong
10500.0,48.0,"Quận Tân Phú, TP. Hồ Chí Minh",Quận Tân Phú,0,0,,nhà ở,,,so hong
5515.0,108.0,"Quận 2 (TP. Thủ Đức), TP. Hồ Chí Minh",Quận 2 (TP. Thủ Đức),3,2,,nhà ở,,,so hong
4650.0,58.0,"Quận 9 (TP. Thủ Đức), TP. Hồ Chí Minh",Quận 9 (TP. Thủ Đức),0,0,,nhà ở,,,so hong
9100.0,85.0,"Huyện Nhà Bè, TP. Hồ Chí Minh",Huyện Nhà Bè,4,5,,nhà phố,,,so hong
76000.0,760.0,"Quận Tân Phú, TP. Hồ Chí Minh",Quận Tân Phú,3,3,,nhà ở,,,so hong
12500.0,178.0,"Quận 9 (TP. Thủ Đức), TP. Hồ Chí Minh",Quận 9 (TP. Thủ Đức),0,0,,căn hộ,,,so hong
4390.0,33.0,"Quận 7, TP. Hồ Chí Minh",Quận 7,2,2,,nhà phố,,,so hong
9200.0,77.0,"Quận Tân Phú, TP. Hồ Chí Minh",Quận Tân Phú,4,3,,nhà ở,,,so hong
10000.0,86.0,"Quận 9 (TP. Thủ Đức), TP. Hồ Chí Minh",Quận 9 (TP. Thủ Đức),0,0,,nhà ở,,,so hong
7800.0,48.0,"Quận Tân Bình, TP. Hồ Chí Minh",Quận Tân Bình,4,4,,nhà ở,,,so hong
6800.0,55.0,"Quận 7, TP. Hồ Chí Minh",Quận 7,4,5,,nhà phố,,,so hong
7500.0,97.0,"Quận 9 (TP. Thủ Đức), TP. Hồ Chí Minh",Quận 9 (TP. Thủ Đức),3,2,,nhà ở,,,so hong
6800.0,50.0,"Quận Tân Phú, TP. Hồ Chí Minh",Quận Tân Phú,3,3,,nhà hẻm,,,so hong
11990.0,63.0,"Quận 7, TP. Hồ Chí Minh",Quận 7,4,5,,nhà phố,,,so hong
6700.0,100.0,"Quận 9 (TP. Thủ Đức), TP. Hồ Chí Minh",Quận 9 (TP. Thủ Đức),0,0,,nhà ở,,,so hong
7600.0,58.0,"Quận Tân Bình, TP. Hồ Chí Minh",Quận Tân Bình,0,0,,nhà ở,,,so hong
5200.0,57.0,"Quận 9 (TP. Thủ Đức), TP. Hồ Chí Minh",Quận 9 (TP. Thủ Đức),0,0,,nhà ở,,,so hong
27000.0,192.0,"Quận Tân Phú, TP. Hồ Chí Minh",Quận Tân Phú,0,0,,nhà ở,,,so hong
9000.0,80.0,"Huyện Nhà Bè, TP. Hồ Chí Minh",Huyện Nhà Bè,4,5,,nhà phố,,,so hong
38000.0,156.0,"Quận Tân Bình, TP. Hồ Chí Minh",Quận Tân Bình,5,5,,nhà ở,,,giay to hop le
9000.0,94.0,"Quận 9 (TP. Thủ Đức), TP. Hồ Chí Minh",Quận 9 (TP. Thủ Đức),1,1,,nhà ở,,,so hong
38600.0,264.0,"Quận Tân Bình, TP. Hồ Chí Minh",Quận Tân Bình,4,3,,nhà ở,,,so hong
5700.0,80.0,"Quận 9 (TP. Thủ Đức), TP. Hồ Chí Minh",Quận 9 (TP. Thủ Đức),0,0,,nhà ở,,,so hong
6900.0,42.0,"Quận Tân Bình, TP. Hồ Chí Minh",Quận Tân Bình,0,0,,nhà ở,,,so hong
4800.0,81.0,"Quận 9 (TP. Thủ Đức), TP. Hồ Chí Minh",Quận 9 (TP. Thủ Đức),0,0,,nhà ở,,,so hong
5300.0,46.0,"Quận Tân Phú, TP. Hồ Chí Minh",Quận Tân Phú,0,0,,nhà hẻm,,,so hong
6800.0,68.0,"Quận 9 (TP. Thủ Đức), TP. Hồ Chí Minh",Quận 9 (TP. Thủ Đức),8,8,,nhà ở,,,so hong
25000.0,240.0,"Quận Tân Phú, TP. Hồ Chí Minh",Quận Tân Phú,0,0,,nhà hẻm,,,so hong
26500.0,105.0,"Quận 1, TP. Hồ Chí Minh",Quận 1,6,6,,nhà ở,,,giay to hop le
6500.0,50.0,"Quận 9 (TP. Thủ Đức), TP. Hồ Chí Minh",Quận 9 (TP. Thủ Đức),2,2,,nhà ở,,,so hong
8400.0,75.0,"Quận Tân Bình, TP. Hồ Chí Minh",Quận Tân Bình,0,0,,nhà ở,,,so hong
74500.0,250.0,"Quận 3, TP. Hồ Chí Minh",Quận 3,7,7,,nhà ở,,,so hong
45000.0,210.0,"Quận 3, TP. Hồ Chí Minh",Quận 3,10,10,,nhà ở,,,giay to hop le
8500.0,89.0,"Quận 9 (TP. Thủ Đức), TP. Hồ Chí Minh",Quận 9 (TP. Thủ Đức),5,5,,nhà ở,,,so hong
7790.0,88.0,"Quận Tân Phú, TP. Hồ Chí Minh",Quận Tân Phú,0,0,,nhà ở,,,so hong
15000.0,85.0,"Quận 11, TP. Hồ Chí Minh",Quận 11,3,3,,nhà ở,,,so hong
14500.0,260.0,"Quận 9 (TP. Thủ Đức), TP. Hồ Chí Minh",Quận 9 (TP. Thủ Đức),0,0,,nhà ở,,,so hong
10999.0,179.0,"Quận Tân Phú, TP. Hồ Chí Minh",Quận Tân Phú,6,6,,nhà hẻm,,,so hong
5600.0,51.0,"Quận 9 (TP. Thủ Đức), TP. Hồ Chí Minh",Quận 9 (TP. Thủ Đức),3,3,,nhà ở,,,so hong
32000.0,120.0,"Quận Tân Bình, TP. Hồ Chí Minh",Quận Tân Bình,0,0,,nhà ở,,,so hong
4100.0,66.0,"Quận 9 (TP. Thủ Đức), TP. Hồ Chí Minh",Quận 9 (TP. Thủ Đức),0,0,,nhà ở,,,so hong
9500.0,62.0,"Quận Tân Bình, TP. Hồ Chí Minh",Quận Tân Bình,3,3,,nhà ở,,,so hong
26000.0,123.0,"Quận Tân Bình, TP. Hồ Chí Minh",Quận Tân Bình,5,5,,nhà ở,,,giay to hop le
4900.0,92.0,"Quận 9 (TP. Thủ Đức), TP. Hồ Chí Minh",Quận 9 (TP. Thủ Đức),0,0,,nhà ở,,,so hong
7500.0,72.0,"Quận 9 (TP. Thủ Đức), TP. Hồ Chí Minh",Quận 9 (TP. Thủ Đức),0,0,,nhà ở,,,so hong
45000.0,264.0,"Quận Bình Thạnh, TP. Hồ Chí Minh",Quận Bình Thạnh,3,3,,nhà ở,,,giay to hop le
11500.0,120.0,"Quận 9 (TP. Thủ Đức), TP. Hồ Chí Minh",Quận 9 (TP. Thủ Đức),0,0,,nhà ở,,,so hong
72000.0,430.0,"Quận Tân Bình, TP. Hồ Chí Minh",Quận Tân Bình,0,0,,nhà ở,,,so hong
2600.0,55.0,"Quận Tân Bình, TP. Hồ Chí Minh",Quận Tân Bình,1,1,,nhà ở,,,giay to hop le
12200.0,140.0,"Quận 9 (TP. Thủ Đức), TP. Hồ Chí Minh",Quận 9 (TP. Thủ Đức),5,5,,nhà ở,,,so hong
13500.0,64.0,"Quận Tân Phú, TP. Hồ Chí Minh",Quận Tân Phú,2,2,,nhà ở,,,so hong
13800.0,68.0,"Quận Tân Phú, TP. Hồ Chí Minh",Quận Tân Phú,5,4,,nhà ở,,,so hong
2750.0,36.0,"Quận Tân Bình, TP. Hồ Chí Minh",Quận Tân Bình,1,1,,nhà ở,,,hop dong mua ban
11500.0,105.0,"Quận 9 (TP. Thủ Đức), TP. Hồ Chí Minh",Quận 9 (TP. Thủ Đức),1,1,,nhà ở,,,so hong
47000.0,184.0,"Quận Tân Bình, TP. Hồ Chí Minh",Quận Tân Bình,0,0,,nhà ở,,,so hong
2350.0,14.0,"Quận 11, TP. Hồ Chí Minh",Quận 11,2,2,,nhà ở,,,so hong
2680.0,52.0,"Quận Tân Phú, TP. Hồ Chí Minh",Quận Tân Phú,1,1,,nhà ở,,,so hong
8900.0,86.0,"Quận 9 (TP. Thủ Đức), TP. Hồ Chí Minh",Quận 9 (TP. Thủ Đức),8,8,,căn hộ,,,so hong
5950.0,40.0,"Quận Tân Bình, TP. Hồ Chí Minh",Quận Tân Bình,4,3,,nhà hẻm,,,so hong
6900.0,79.0,"Quận Tân Phú, TP. Hồ Chí Minh",Quận Tân Phú,1,1,,nhà ở,,,so hong
6980.0,45.0,"Quận Bình Thạnh, TP. Hồ Chí Minh",Quận Bình Thạnh,3,2,,nhà ở,,,so hong
6400.0,100.0,"Quận Gò Vấp, TP. Hồ Chí Minh",Quận Gò Vấp,3,2,,nhà ở,,,so hong
4750.0,58.0,"Quận 9 (TP. Thủ Đức), TP. Hồ Chí Minh",Quận 9 (TP. Thủ Đức),0,0,,nhà ở,,,so hong
6980.0,42.0,"Quận 11, TP. Hồ Chí Minh",Quận 11,4,3,,nhà ở,,,so hong
6980.0,50.0,"Quận Bình Thạnh, TP. Hồ Chí Minh",Quận Bình Thạnh,3,3,,biệt thự,,,so do
7400.0,123.0,"Quận Gò Vấp, TP. Hồ Chí Minh",Quận Gò Vấp,3,2,,nhà ở,,,so hong
5700.0,50.0,"Quận 9 (TP. Thủ Đức), TP. Hồ Chí Minh",Quận 9 (TP. Thủ Đức),4,2,,nhà ở,,,so hong
4850.0,52.0,"Quận Bình Tân, TP. Hồ Chí Minh",Quận Bình Tân,0,0,,nhà ở,,,so hong
3500.0,24.0,"Quận Tân Phú, TP. Hồ Chí Minh",Quận Tân Phú,1,2,,nhà ở,,,so hong
7700.0,60.0,"Quận Bình Thạnh, TP. Hồ Chí Minh",Quận Bình Thạnh,2,2,,nhà ở,,,so hong
37990.0,135.0,"Quận Phú Nhuận, TP. Hồ Chí Minh",Quận Phú Nhuận,8,8,,nhà ở,,,giay to hop le
5350.0,83.0,"Quận Tân Phú, TP. Hồ Chí Minh",Quận Tân Phú,3,2,,nhà ở,,,so hong
6500.0,107.0,"Quận 9 (TP. Thủ Đức), TP. Hồ Chí Minh",Quận 9 (TP. Thủ Đức),0,0,,nhà ở,,,so hong
4500.0,22.0,"Quận 11, TP. Hồ Chí Minh",Quận 11,2,3,,nhà ở,,,so hong
7490.0,50.0,"Quận Bình Thạnh, TP. Hồ Chí Minh",Quận Bình Thạnh,5,3,,nhà ở,,,so hong
35000.0,175.0,"Quận Phú Nhuận, TP. Hồ Chí Minh",Quận Phú Nhuận,5,5,,biệt thự,,,giay to hop le
5500.0,73.0,"Quận Tân Bình, TP. Hồ Chí Minh",Quận Tân Bình,2,2,,nhà ở,,,giay to hop le
4600.0,58.0,"Quận 9 (TP. Thủ Đức), TP. Hồ Chí Minh",Quận 9 (TP. Thủ Đức),1,1,,nhà ở,,,so hong
8990.0,43.0,"Quận 11, TP. Hồ Chí Minh",Quận 11,4,3,,nhà ở,,,so hong
6490.0,40.0,"Quận Bình Thạnh, TP. Hồ Chí Minh",Quận Bình Thạnh,2,1,,nhà ở,,,so hong
7100.0,91.0,"Quận Tân Bình, TP. Hồ Chí Minh",Quận Tân Bình,3,2,,nhà ở,,,giay to hop le
27000.0,285.0,"Quận 12, TP. Hồ Chí Minh",Quận 12,4,4,,biệt thự,,,so hong
6000.0,88.0,"Quận 9 (TP. Thủ Đức), TP. Hồ Chí Minh",Quận 9 (TP. Thủ Đức),0,0,,nhà ở,,,so hong
4650.0,48.0,"Quận Bình Tân, TP. Hồ Chí Minh",Quận Bình Tân,4,3,,nhà ở,,,so hong
8190.0,40.0,"Quận Bình Thạnh, TP. Hồ Chí Minh",Quận Bình Thạnh,4,4,,nhà ở,,,so hong
3700.0,37.0,"Quận Phú Nhuận, TP. Hồ Chí Minh",Quận Phú Nhuận,1,4,,nhà ở,,,hop dong mua ban
5850.0,97.0,"Quận 9 (TP. Thủ Đức), TP. Hồ Chí Minh",Quận 9 (TP. Thủ Đức),0,0,,nhà ở,,,so hong
2580.0,16.0,"Quận Tân Phú, TP. Hồ Chí Minh",Quận Tân Phú,1,2,,nhà ở,,,so hong
8190.0,60.0,"Quận Bình Thạnh, TP. Hồ Chí Minh",Quận Bình Thạnh,0,0,,đất nền,,,so do
5100.0,75.0,"Quận Gò Vấp, TP. Hồ Chí Minh",Quận Gò Vấp,2,2,,nhà ở,,,so hong
4850.0,60.0,"Quận 9 (TP. Thủ Đức), TP. Hồ Chí Minh",Quận 9 (TP. Thủ Đức),0,0,,nhà ở,,,so hong
22000.0,960.0,"Quận 12, TP. Hồ Chí Minh",Quận 12,0,0,,đất nền,,,so hong
1780.0,10.0,"Quận Tân Phú, TP. Hồ Chí Minh",Quận Tân Phú,2,3,,nhà ở,,,so hong
8250.0,45.0,"Quận Bình Thạnh, TP. Hồ Chí Minh",Quận Bình Thạnh,5,4,,nhà ở,,,so do
6250.0,68.0,"Quận 4, TP. Hồ Chí Minh",Quận 4,2,2,,nhà ở,,,so hong
9600.0,122.0,"Quận 9 (TP. Thủ Đức), TP. Hồ Chí Minh",Quận 9 (TP. Thủ Đức),0,0,,nhà ở,,,so hong
8400.0,60.0,"Quận Tân Phú, TP. Hồ Chí Minh",Quận Tân Phú,4,5,,biệt thự,,,so hong
7490.0,44.0,"Quận Bình Thạnh, TP. Hồ Chí Minh",Quận Bình Thạnh,3,3,,nhà ở,,,so hong
5900.0,80.0,"Quận 9 (TP. Thủ Đức), TP. Hồ Chí Minh",Quận 9 (TP. Thủ Đức),0,0,,nhà ở,,,so hong
6800.0,55.0,"Quận Tân Bình, TP. Hồ Chí Minh",Quận Tân Bình,0,0,,nhà hẻm,,,so hong
2850.0,15.0,"Quận 6, TP. Hồ Chí Minh",Quận 6,2,2,,nhà ở,,,so hong
6950.0,55.0,"Quận Bình Thạnh, TP. Hồ Chí Minh",Quận Bình Thạnh,4,3,,nhà ở,,,so do
4650.0,58.0,"Quận Tân Bình, TP. Hồ Chí Minh",Quận Tân Bình,2,1,,nhà ở,,,giay to hop le
5600.0,62.0,"Quận 9 (TP. Thủ Đức), TP. Hồ Chí Minh",Quận 9 (TP. Thủ Đức),0,0,,nhà ở,,,so hong
7800.0,49.0,"Quận Tân Bình, TP. Hồ Chí Minh",Quận Tân Bình,0,0,,nhà hẻm,,,so hong
1550.0,15.0,"Quận Bình Tân, TP. Hồ Chí Minh",Quận Bình Tân,1,1,,nhà ở,,,giay to viet tay
6290.0,48.0,"Quận Bình Thạnh, TP. Hồ Chí Minh",Quận Bình Thạnh,2,2,,nhà ở,,,so do
5360.0,43.0,"Quận Tân Phú, TP. Hồ Chí Minh",Quận Tân Phú,0,0,,nhà hẻm,,,so hong
2350.0,13.0,"Quận Tân Phú, TP. Hồ Chí Minh",Quận Tân Phú,1,2,,nhà ở,,,so hong
7450.0,64.0,"Quận Bình Thạnh, TP. Hồ Chí Minh",Quận Bình Thạnh,4,4,,biệt thự,,,so do
7600.0,77.0,"Quận Phú Nhuận, TP. Hồ Chí Minh",Quận Phú Nhuận,2,2,,nhà ở,,,so hong
2480.0,10.0,"Quận 11, TP. Hồ Chí Minh",Quận 11,2,2,,nhà ở,,,so hong
8490.0,50.0,"Quận Bình Thạnh, TP. Hồ Chí Minh",Quận Bình Thạnh,8,6,,nhà ở,,,so do
5350.0,104.0,"Quận Tân Phú, TP. Hồ Chí Minh",Quận Tân Phú,3,2,,nhà ở,,,so hong
4550.0,64.0,"Quận 9 (TP. Thủ Đức), TP. Hồ Chí Minh",Quận 9 (TP. Thủ Đức),0,0,,nhà ở,,,so hong
17500.0,93.0,"Quận Tân Bình, TP. Hồ Chí Minh",Quận Tân Bình,0,0,,nhà ở,,,so hong
3650.0,35.0,"Quận Bình Tân, TP. Hồ Chí Minh",Quận Bình Tân,2,2,,nhà ở,,,so hong
5100.0,42.0,"Quận Bình Thạnh, TP. Hồ Chí Minh",Quận Bình Thạnh,2,2,,nhà ở,,,so do
1650.0,53.0,"Quận 12, TP. Hồ Chí Minh",Quận 12,2,1,,nhà ở,,,hop dong mua ban
4500.0,78.0,"Quận 9 (TP. Thủ Đức), TP. Hồ Chí Minh",Quận 9 (TP. Thủ Đức),0,0,,nhà ở,,,so hong
6500.0,39.0,"Quận Tân Phú, TP. Hồ Chí Minh",Quận Tân Phú,3,3,,nhà hẻm,,,so hong
6300.0,34.0,"Quận 11, TP. Hồ Chí Minh",Quận 11,5,3,,nhà ở,,,so hong
9890.0,60.0,"Quận Bình Thạnh, TP. Hồ Chí Minh",Quận Bình Thạnh,4,4,,biệt thự,,,so hong
2900.0,35.0,"Quận Phú Nhuận, TP. Hồ Chí Minh",Quận Phú Nhuận,1,1,,nhà ở,,,so hong
4250.0,50.0,"Quận 9 (TP. Thủ Đức), TP. Hồ Chí Minh",Quận 9 (TP. Thủ Đức),3,3,,nhà ở,,,so hong
7790.0,48.0,"Quận Tân Bình, TP. Hồ Chí Minh",Quận Tân Bình,3,3,,nhà ở,,,so hong
4500.0,25.0,"Quận Tân Phú, TP. Hồ Chí Minh",Quận Tân Phú,3,4,,nhà ở,,,so hong
5690.0,40.0,"Quận Bình Thạnh, TP. Hồ Chí Minh",Quận Bình Thạnh,4,2,,nhà ở,,,so do
3350.0,52.0,"Quận Tân Bình, TP. Hồ Chí Minh",Quận Tân Bình,2,1,,nhà ở,,,so hong
6600.0,65.0,"Quận 9 (TP. Thủ Đức), TP. Hồ Chí Minh",Quận 9 (TP. Thủ Đức),0,0,,nhà ở,,,so hong
26500.0,105.0,"Quận Tân Bình, TP. Hồ Chí Minh",Quận Tân Bình,0,0,,nhà ở,,,so hong
6499.0,48.0,"Quận Phú Nhuận, TP. Hồ Chí Minh",Quận Phú Nhuận,3,2,,nhà hẻm,,,so hong
4350.0,65.0,"Quận Bình Tân, TP. Hồ Chí Minh",Quận Bình Tân,1,1,,căn hộ,,,so hong
8690.0,80.0,"Quận Bình Thạnh, TP. Hồ Chí Minh",Quận Bình Thạnh,3,2,,nhà ở,,,so hong
6150.0,97.0,"Quận 9 (TP. Thủ Đức), TP. Hồ Chí Minh",Quận 9 (TP. Thủ Đức),0,0,,nhà ở,,,so hong
9200.0,70.0,"Quận Tân Phú, TP. Hồ Chí Minh",Quận Tân Phú,10,11,,căn hộ,,,so hong
9190.0,60.0,"Quận Bình Thạnh, TP. Hồ Chí Minh",Quận Bình Thạnh,2,2,,nhà ở,,,so hong
8000.0,155.0,"Quận 9 (TP. Thủ Đức), TP. Hồ Chí Minh",Quận 9 (TP. Thủ Đức),0,0,,nhà ở,,,so hong
10800.0,52.0,"Quận Phú Nhuận, TP. Hồ Chí Minh",Quận Phú Nhuận,0,0,,nhà hẻm,,,so hong
14800.0,58.0,"Quận Tân Bình, TP. Hồ Chí Minh",Quận Tân Bình,10,10,,nhà ở,,,so hong
9490.0,45.0,"Quận Bình Thạnh, TP. Hồ Chí Minh",Quận Bình Thạnh,2,3,,nhà ở,,,so hong
6000.0,57.0,"Quận 2 (TP. Thủ Đức), TP. Hồ Chí Minh",Quận 2 (TP. Thủ Đức),1,2,,nhà ở,,,hop dong mua ban
10500.0,147.0,"Quận Tân Bình, TP. Hồ Chí Minh",Quận Tân Bình,3,2,,nhà ở,,,so hong
14500.0,155.0,"Quận 9 (TP. Thủ Đức), TP. Hồ Chí Minh",Quận 9 (TP. Thủ Đức),3,2,,nhà ở,,,so hong
22900.0,247.0,"Quận Tân Bình, TP. Hồ Chí Minh",Quận Tân Bình,1,1,,nhà ở,,,so hong
7200.0,48.0,"Quận 11, TP. Hồ Chí Minh",Quận 11,3,2,,nhà ở,,,so hong
9490.0,44.0,"Quận Bình Thạnh, TP. Hồ Chí Minh",Quận Bình Thạnh,5,5,,nhà ở,,,so hong
3850.0,86.0,"Quận Tân Phú, TP. Hồ Chí Minh",Quận Tân Phú,2,2,,nhà ở,,,so hong
7900.0,60.0,"Quận 9 (TP. Thủ Đức), TP. Hồ Chí Minh",Quận 9 (TP. Thủ Đức),3,3,,nhà ở,,,so hong
6300.0,64.0,"Quận Tân Phú, TP. Hồ Chí Minh",Quận Tân Phú,2,2,,nhà hẻm,,,so hong
1450.0,80.0,"Quận Bình Tân, TP. Hồ Chí Minh",Quận Bình Tân,0,0,,nhà ở,,,so do
8700.0,45.0,"Quận 11, TP. Hồ Chí Minh",Quận 11,5,3,,nhà ở,,,so hong
7290.0,50.0,"Quận Bình Thạnh, TP. Hồ Chí Minh",Quận Bình Thạnh,3,2,,nhà ở,,,so hong
5500.0,75.0,"Quận Phú Nhuận, TP. Hồ Chí Minh",Quận Phú Nhuận,2,2,,nhà ở,,,giay to hop le
13150.0,234.0,"Quận 9 (TP. Thủ Đức), TP. Hồ Chí Minh",Quận 9 (TP. Thủ Đức),0,0,,nhà ở,,,so hong
8500.0,68.0,"Quận Bình Tân, TP. Hồ Chí Minh",Quận Bình Tân,4,5,,nhà ở,,,so hong
11060.0,75.0,"Huyện Cần Giờ, TP. Hồ Chí Minh",Huyện Cần Giờ,4,4,,nhà ở,,,so do
6300.0,46.0,"Quận 11, TP. Hồ Chí Minh",Quận 11,3,3,,nhà ở,,,so hong
8400.0,52.0,"Quận Bình Thạnh, TP. Hồ Chí Minh",Quận Bình Thạnh,7,5,,nhà ở,,,so do
5800.0,92.0,"Quận 9 (TP. Thủ Đức), TP. Hồ Chí Minh",Quận 9 (TP. Thủ Đức),0,0,,nhà ở,,,so hong
8999.0,41.0,"Quận Tân Bình, TP. Hồ Chí Minh",Quận Tân Bình,3,3,,nhà ở,,,so hong
6850.0,79.0,"Quận 12, TP. Hồ Chí Minh",Quận 12,3,2,,nhà ở,,,so hong
9500.0,48.0,"Quận 11, TP. Hồ Chí Minh",Quận 11,7,3,,nhà hẻm,,,so hong
6790.0,40.0,"Quận Bình Thạnh, TP. Hồ Chí Minh",Quận Bình Thạnh,4,4,,nhà ở,,,so do
8800.0,147.0,"Quận 9 (TP. Thủ Đức), TP. Hồ Chí Minh",Quận 9 (TP. Thủ Đức),1,1,,nhà ở,,,so hong
12500.0,84.0,"Quận Tân Phú, TP. Hồ Chí Minh",Quận Tân Phú,0,0,,nhà ở,,,so hong
8800.0,60.0,"Quận Tân Phú, TP. Hồ Chí Minh",Quận Tân Phú,7,7,,nhà ở,,,so hong
7790.0,50.0,"Quận Bình Thạnh, TP. Hồ Chí Minh",Quận Bình Thạnh,6,6,,nhà ở,,,so do
2750.0,52.0,"Quận Tân Bình, TP. Hồ Chí Minh",Quận Tân Bình,1,1,,nhà ở,,,giay to hop le
11500.0,100.0,"Quận 9 (TP. Thủ Đức), TP. Hồ Chí Minh",Quận 9 (TP. Thủ Đức),1,1,,nhà ở,,,so hong
8800.0,52.0,"Quận Tân Phú, TP. Hồ Chí Minh",Quận Tân Phú,4,4,,nhà ở,,,so hong
8900.0,76.0,"Quận Bình Thạnh, TP. Hồ Chí Minh",Quận Bình Thạnh,4,4,,nhà ở,,,so do
6700.0,61.0,"Quận Phú Nhuận, TP. Hồ Chí Minh",Quận Phú Nhuận,2,1,,nhà ở,,,so hong
60000.0,400.0,"Quận 12, TP. Hồ Chí Minh",Quận 12,5,5,,biệt thự,,,so hong
11600.0,256.0,"Quận 9 (TP. Thủ Đức), TP. Hồ Chí Minh",Quận 9 (TP. Thủ Đức),0,0,,nhà ở,,,so hong
2250.0,30.0,"Quận Tân Bình, TP. Hồ Chí Minh",Quận Tân Bình,2,3,,nhà hẻm,,,so hong
6700.0,100.0,"Quận Tân Phú, TP. Hồ Chí Minh",Quận Tân Phú,0,0,,đất nền,,,so hong
8990.0,100.0,"Quận Bình Thạnh, TP. Hồ Chí Minh",Quận Bình Thạnh,2,2,,nhà ở,,,so hong
4500.0,107.0,"Quận Tân Bình, TP. Hồ Chí Minh",Quận Tân Bình,3,2,,nhà ở,,,so hong
61500.0,303.0,"Quận Bình Thạnh, TP. Hồ Chí Minh",Quận Bình Thạnh,5,5,,biệt thự,,,khong xac dinh
9500.0,160.0,"Quận 9 (TP. Thủ Đức), TP. Hồ Chí Minh",Quận 9 (TP. Thủ Đức),0,0,,nhà ở,,,so hong
4560.0,51.0,"Quận 5, TP. Hồ Chí Minh",Quận 5,3,4,,nhà hẻm,,,so hong
5680.0,40.0,"Quận Tân Phú, TP. Hồ Chí Minh",Quận Tân Phú,3,2,,nhà ở,,,so hong
5680.0,36.0,"Quận Bình Thạnh, TP. Hồ Chí Minh",Quận Bình Thạnh,2,2,,nhà ở,,,so do
6200.0,81.0,"Quận 9 (TP. Thủ Đức), TP. Hồ Chí Minh",Quận 9 (TP. Thủ Đức),0,0,,nhà ở,,,so hong
3240.0,41.0,"Quận Bình Thạnh, TP. Hồ Chí Minh",Quận Bình Thạnh,4,4,,nhà ở,,,so hong
6000.0,42.0,"Quận 11, TP. Hồ Chí Minh",Quận 11,4,3,,nhà ở,,,so hong
8190.0,70.0,"Quận Bình Thạnh, TP. Hồ Chí Minh",Quận Bình Thạnh,2,2,,nhà ở,,,so hong
3000.0,30.0,"Quận Phú Nhuận, TP. Hồ Chí Minh",Quận Phú Nhuận,1,1,,nhà ở,,,so hong
6200.0,64.0,"Quận 9 (TP. Thủ Đức), TP. Hồ Chí Minh",Quận 9 (TP. Thủ Đức),4,4,,nhà ở,,,so hong
3370.0,46.0,"Quận 3, TP. Hồ Chí Minh",Quận 3,3,3,,nhà hẻm,,,so hong
4150.0,21.0,"Quận 11, TP. Hồ Chí Minh",Quận 11,2,3,,nhà ở,,,so hong
7190.0,46.0,"Quận Bình Thạnh, TP. Hồ Chí Minh",Quận Bình Thạnh,4,5,,nhà ở,,,so hong
3750.0,36.0,"Quận 11, TP. Hồ Chí Minh",Quận 11,3,3,,nhà hẻm,,,so hong
7900.0,115.0,"Quận 9 (TP. Thủ Đức), TP. Hồ Chí Minh",Quận 9 (TP. Thủ Đức),0,0,,nhà ở,,,so hong
2950.0,40.0,"Quận Phú Nhuận, TP. Hồ Chí Minh",Quận Phú Nhuận,3,3,,nhà ở,,,so hong
4300.0,24.0,"Quận 11, TP. Hồ Chí Minh",Quận 11,2,2,,nhà ở,,,so hong
9000.0,70.0,"Quận Bình Thạnh, TP. Hồ Chí Minh",Quận Bình Thạnh,4,4,,nhà ở,,,so hong
1700.0,29.0,"Quận 5, TP. Hồ Chí Minh",Quận 5,2,2,,nhà ở,,,so hong
3890.0,60.0,"Quận Tân Bình, TP. Hồ Chí Minh",Quận Tân Bình,3,4,,nhà hẻm,,,so hong
10700.0,56.0,"Quận 11, TP. Hồ Chí Minh",Quận 11,5,4,,nhà ở,,,so hong
9290.0,80.0,"Quận Bình Thạnh, TP. Hồ Chí Minh",Quận Bình Thạnh,3,2,,nhà ở,,,so hong
2000.0,70.0,"Quận 12, TP. Hồ Chí Minh",Quận 12,3,2,,nhà ở,,,hop dong mua ban
3550.0,27.0,"Quận 5, TP. Hồ Chí Minh",Quận 5,3,4,,nhà ở,,,so hong
2420.0,36.0,"Quận Bình Tân, TP. Hồ Chí Minh",Quận Bình Tân,3,3,,nhà ở,,,so hong
950.0,16.0,"Quận Tân Phú, TP. Hồ Chí Minh",Quận Tân Phú,2,3,,nhà ở,,,giay to hop le
5290.0,50.0,"Quận Bình Thạnh, TP. Hồ Chí Minh",Quận Bình Thạnh,2,2,,nhà ở,,,so hong
8500.0,80.0,"Quận 3, TP. Hồ Chí Minh",Quận 3,3,2,,nhà ở,,,hop dong mua ban
3370.0,42.0,"Quận Tân Phú, TP. Hồ Chí Minh",Quận Tân Phú,4,4,,nhà ở,,,so hong
3850.0,58.0,"Quận 5, TP. Hồ Chí Minh",Quận 5,4,5,,nhà ở,,,so hong
5950.0,28.0,"Quận Tân Phú, TP. Hồ Chí Minh",Quận Tân Phú,2,2,,nhà ở,,,so hong
6550.0,35.0,"Quận Bình Thạnh, TP. Hồ Chí Minh",Quận Bình Thạnh,2,2,,nhà ở,,,so hong
3349.0,38.0,"Quận Bình Thạnh, TP. Hồ Chí Minh",Quận Bình Thạnh,2,2,,nhà ở,,,so hong
3150.0,52.0,"Quận Tân Phú, TP. Hồ Chí Minh",Quận Tân Phú,4,5,,nhà ở,,,so hong
6300.0,32.0,"Quận 11, TP. Hồ Chí Minh",Quận 11,4,3,,nhà ở,,,so hong
9090.0,50.0,"Quận Bình Thạnh, TP. Hồ Chí Minh",Quận Bình Thạnh,4,4,,nhà ở,,,so hong
4800.0,46.0,"Quận Bình Thạnh, TP. Hồ Chí Minh",Quận Bình Thạnh,4,3,,nhà hẻm,,,so hong
3200.0,55.0,"Quận Gò Vấp, TP. Hồ Chí Minh",Quận Gò Vấp,2,1,,nhà ở,,,so hong
3260.0,42.0,"Quận 11, TP. Hồ Chí Minh",Quận 11,2,3,,nhà ở,,,so hong
7490.0,88.0,"Quận Bình Thạnh, TP. Hồ Chí Minh",Quận Bình Thạnh,7,4,,nhà ở,,,so hong
4250.0,38.0,"Quận Phú Nhuận, TP. Hồ Chí Minh",Quận Phú Nhuận,3,3,,nhà hẻm,,,so hong
4290.0,58.0,"Quận Tân Bình, TP. Hồ Chí Minh",Quận Tân Bình,2,1,,nhà ở,,,so hong
2880.0,48.0,"Quận 7, TP. Hồ Chí Minh",Quận 7,3,3,,nhà hẻm,,,so hong
5680.0,33.0,"Quận 11, TP. Hồ Chí Minh",Quận 11,4,3,,nhà ở,,,so hong
2400.0,30.0,"Quận Bình Thạnh, TP. Hồ Chí Minh",Quận Bình Thạnh,2,2,,nhà ở,,,so hong
2850.0,50.0,"Quận 7, TP. Hồ Chí Minh",Quận 7,4,4,,nhà hẻm,,,so hong
2880.0,15.0,"Quận 11, TP. Hồ Chí Minh",Quận 11,2,2,,nhà ở,,,so hong
2320.0,48.0,"Quận 7, TP. Hồ Chí Minh",Quận 7,3,4,,nhà hẻm,,,so hong
5200.0,81.0,"Quận Tân Bình, TP. Hồ Chí Minh",Quận Tân Bình,2,2,,nhà ở,,,so hong
3460.0,36.0,"Quận Phú Nhuận, TP. Hồ Chí Minh",Quận Phú Nhuận,3,4,,nhà ở,,,so hong
2450.0,35.0,"Quận Bình Thạnh, TP. Hồ Chí Minh",Quận Bình Thạnh,6,4,,nhà hẻm,,,so hong
2650.0,35.0,"Quận Tân Bình, TP. Hồ Chí Minh",Quận Tân Bình,3,3,,nhà ở,,,so hong
3400.0,15.0,"Quận 11, TP. Hồ Chí Minh",Quận 11,2,2,,nhà ở,,,so hong
2340.0,42.0,"Quận Tân Phú, TP. Hồ Chí Minh",Quận Tân Phú,2,2,,nhà hẻm,,,so hong
3190.0,36.0,"Quận Phú Nhuận, TP. Hồ Chí Minh",Quận Phú Nhuận,1,1,,nhà ở,,,hop dong mua ban
3250.0,36.0,"Quận 4, TP. Hồ Chí Minh",Quận 4,3,3,,nhà ở,,,so hong
2815.0,36.0,"Quận Tân Bình, TP. Hồ Chí Minh",Quận Tân Bình,1,1,,nhà ở,,,giay to hop le
2150.0,46.0,"Quận Tân Bình, TP. Hồ Chí Minh",Quận Tân Bình,3,4,,nhà hẻm,,,so hong
2650.0,35.0,"Quận Bình Thạnh, TP. Hồ Chí Minh",Quận Bình Thạnh,2,3,,nhà ở,,,so hong
5900.0,25.0,"Quận 11, TP. Hồ Chí Minh",Quận 11,4,3,,nhà ở,,,so hong
3190.0,27.0,"Quận 10, TP. Hồ Chí Minh",Quận 10,3,4,,nhà ở,,,so hong
3360.0,47.0,"Quận 10, TP. Hồ Chí Minh",Quận 10,3,4,,nhà ở,,,so hong
1980.0,15.0,"Quận 11, TP. Hồ Chí Minh",Quận 11,1,1,,nhà ở,,,so hong
2230.0,42.0,"Quận 6, TP. Hồ Chí Minh",Quận 6,3,4,,nhà ở,,,so hong
2570.0,32.0,"Quận Bình Tân, TP. Hồ Chí Minh",Quận Bình Tân,2,3,,nhà ở,,,so hong
7900.0,122.0,"Quận Bình Tân, TP. Hồ Chí Minh",Quận Bình Tân,6,3,,nhà ở,,,so hong
3800.0,36.0,"Quận 10, TP. Hồ Chí Minh",Quận 10,3,3,,nhà ở,,,so hong
2700.0,36.0,"Quận Tân Bình, TP. Hồ Chí Minh",Quận Tân Bình,1,1,,nhà ở,,,hop dong mua ban
2420.0,32.0,"Quận Bình Tân, TP. Hồ Chí Minh",Quận Bình Tân,3,3,,nhà hẻm,,,so hong
2320.0,40.0,"Quận Tân Bình, TP. Hồ Chí Minh",Quận Tân Bình,2,2,,nhà ở,,,so hong
2760.0,39.0,"Quận 8, TP. Hồ Chí Minh",Quận 8,2,3,,nhà ở,,,so hong
2115.0,40.0,"Quận Tân Bình, TP. Hồ Chí Minh",Quận Tân Bình,4,5,,nhà hẻm,,,so hong
4200.0,66.0,"Quận Tân Phú, TP. Hồ Chí Minh",Quận Tân Phú,2,1,,nhà ở,,,so hong
3160.0,45.0,"Quận 2 (TP. Thủ Đức), TP. Hồ Chí Minh",Quận 2 (TP. Thủ Đức),3,3,,nhà ở,,,so hong
2450.0,58.0,"Quận Phú Nhuận, TP. Hồ Chí Minh",Quận Phú Nhuận,3,4,,nhà hẻm,,,so hong
4200.0,95.0,"Quận Tân Phú, TP. Hồ Chí Minh",Quận Tân Phú,3,2,,nhà ở,,,so hong
3250.0,40.0,"Quận 5, TP. Hồ Chí Minh",Quận 5,3,3,,nhà ở,,,so hong
2140.0,64.0,"Quận Bình Thạnh, TP. Hồ Chí Minh",Quận Bình Thạnh,2,2,,nhà ở,,,so hong
4370.0,48.0,"Quận 7, TP. Hồ Chí Minh",Quận 7,4,4,,nhà hẻm,,,so hong
3150.0,36.0,"Quận 5, TP. Hồ Chí Minh",Quận 5,2,2,,nhà ở,,,so hong
4100.0,50.0,"Quận Phú Nhuận, TP. Hồ Chí Minh",Quận Phú Nhuận,1,1,,nhà ở,,,so hong
3160.0,39.0,"Quận Tân Bình, TP. Hồ Chí Minh",Quận Tân Bình,2,3,,nhà ở,,,so hong
4000.0,72.0,"Quận Tân Phú, TP. Hồ Chí Minh",Quận Tân Phú,2,2,,nhà ở,,,so hong
3250.0,40.0,"Quận 6, TP. Hồ Chí Minh",Quận 6,2,3,,nhà ở,,,so hong
3530.0,47.0,"Quận 11, TP. Hồ Chí Minh",Quận 11,3,3,,nhà ở,,,so hong
2160.0,63.0,"Quận 9 (TP. Thủ Đức), TP. Hồ Chí Minh",Quận 9 (TP. Thủ Đức),2,2,,căn hộ,,,so hong
5650.0,78.0,"Quận Gò Vấp, TP. Hồ Chí Minh",Quận Gò Vấp,2,2,,nhà ở,,,so hong
3430.0,35.0,"Quận 3, TP. Hồ Chí Minh",Quận 3,3,3,,nhà ở,,,so hong
2180.0,48.0,"Quận 10, TP. Hồ Chí Minh",Quận 10,2,3,,nhà hẻm,,,so hong
4200.0,46.0,"Quận Tân Phú, TP. Hồ Chí Minh",Quận Tân Phú,4,4,,nhà ở,,,so hong
3900.0,56.0,"Quận Tân Bình, TP. Hồ Chí Minh",Quận Tân Bình,1,1,,nhà ở,,,khong xac dinh
1780.0,24.0,"Quận 10, TP. Hồ Chí Minh",Quận 10,3,3,,nhà ở,,,so hong
2890.0,41.0,"Quận 7, TP. Hồ Chí Minh",Quận 7,4,4,,nhà ở,,,so hong
2070.0,40.0,"Quận 12, TP. Hồ Chí Minh",Quận 12,2,3,,nhà ở,,,so hong
4750.0,68.0,"Quận 4, TP. Hồ Chí Minh",Quận 4,4,5,,nhà hẻm,,,so hong
2100.0,68.0,"Quận 5, TP. Hồ Chí Minh",Quận 5,4,5,,nhà ở,,,so hong
4160.0,61.0,"Quận 5, TP. Hồ Chí Minh",Quận 5,3,4,,nhà ở,,,so hong
3240.0,37.0,"Quận Gò Vấp, TP. Hồ Chí Minh",Quận Gò Vấp,3,4,,nhà ở,,,so hong
7630.0,86.0,"Quận Phú Nhuận, TP. Hồ Chí Minh",Quận Phú Nhuận,3,2,,nhà ở,,,khong xac dinh
2320.0,32.0,"Quận 11, TP. Hồ Chí Minh",Quận 11,2,2,,nhà ở,,,so hong
3280.0,32.0,"Quận 10, TP. Hồ Chí Minh",Quận 10,2,3,,nhà ở,,,so hong
1600.0,43.0,"Quận 12, TP. Hồ Chí Minh",Quận 12,2,1,,nhà ở,,,hop dong mua ban
1590.0,24.0,"Quận 11, TP. Hồ Chí Minh",Quận 11,2,2,,nhà hẻm,,,so hong
2250.0,30.0,"Quận Thủ Đức (TP. Thủ Đức), TP. Hồ Chí Minh",Quận Thủ Đức (TP. Thủ Đức),2,2,,nhà hẻm,,,so hong
2160.0,51.0,"Quận 11, TP. Hồ Chí Minh",Quận 11,3,4,,nhà ở,,,so hong
3220.0,32.0,"Quận 2 (TP. Thủ Đức), TP. Hồ Chí Minh",Quận 2 (TP. Thủ Đức),3,3,,nhà ở,,,so hong
2150.0,46.0,"Quận 5, TP. Hồ Chí Minh",Quận 5,3,4,,nhà hẻm,,,so hong
4560.0,59.0,"Quận Tân Bình, TP. Hồ Chí Minh",Quận Tân Bình,4,5,,nhà ở,,,so hong
2280.0,44.0,"Quận Bình Tân, TP. Hồ Chí Minh",Quận Bình Tân,4,5,,nhà ở,,,so hong
1580.0,23.0,"Quận 4, TP. Hồ Chí Minh",Quận 4,2,3,,nhà ở,,,so hong
1940.0,38.0,"Quận Tân Phú, TP. Hồ Chí Minh",Quận Tân Phú,2,2,,nhà ở,,,so hong
4600.0,90.0,"Quận Tân Bình, TP. Hồ Chí Minh",Quận Tân Bình,3,2,,nhà ở,,,so hong
3790.0,54.0,"Quận 3, TP. Hồ Chí Minh",Quận 3,3,4,,nhà ở,,,so hong
1750.0,27.0,"Quận 4, TP. Hồ Chí Minh",Quận 4,2,3,,nhà ở,,,so hong
2270.0,39.0,"Quận 12, TP. Hồ Chí Minh",Quận 12,3,3,,nhà hẻm,,,so hong
3200.0,66.0,"Quận 12, TP. Hồ Chí Minh",Quận 12,5,6,,nhà ở,,,so hong
7600.0,113.0,"Quận Gò Vấp, TP. Hồ Chí Minh",Quận Gò Vấp,3,2,,nhà ở,,,so hong
3460.0,52.0,"Quận 6, TP. Hồ Chí Minh",Quận 6,3,4,,nhà hẻm,,,so hong
3900.0,66.0,"Quận 7, TP. Hồ Chí Minh",Quận 7,4,5,,nhà ở,,,so hong
2150.0,36.0,"Quận Phú Nhuận, TP. Hồ Chí Minh",Quận Phú Nhuận,3,3,,nhà ở,,,so hong
3270.0,38.0,"Quận 1, TP. Hồ Chí Minh",Quận 1,3,3,,nhà ở,,,so hong
4250.0,48.0,"Quận 5, TP. Hồ Chí Minh",Quận 5,4,5,,nhà ở,,,so hong
4300.0,67.0,"Quận Tân Bình, TP. Hồ Chí Minh",Quận Tân Bình,2,2,,nhà ở,,,so hong
2790.0,32.0,"Quận 6, TP. Hồ Chí Minh",Quận 6,2,2,,nhà ở,,,so hong
3690.0,41.0,"Quận Bình Thạnh, TP. Hồ Chí Minh",Quận Bình Thạnh,3,3,,nhà ở,,,so hong
2350.0,36.0,"Quận 7, TP. Hồ Chí Minh",Quận 7,3,3,,nhà ở,,,so hong
4260.0,52.0,"Quận 9 (TP. Thủ Đức), TP. Hồ Chí Minh",Quận 9 (TP. Thủ Đức),5,6,,nhà ở,,,so hong
6500.0,102.0,"Quận Gò Vấp, TP. Hồ Chí Minh",Quận Gò Vấp,3,2,,nhà ở,,,so hong
3480.0,43.0,"Quận 11, TP. Hồ Chí Minh",Quận 11,4,3,,nhà ở,,,so hong
2250.0,29.0,"Quận 10, TP. Hồ Chí Minh",Quận 10,2,2,,nhà hẻm,,,so hong
2460.0,68.0,"Quận 3, TP. Hồ Chí Minh",Quận 3,3,4,,nhà hẻm,,,so hong
3850.0,68.0,"Quận Tân Phú, TP. Hồ Chí Minh",Quận Tân Phú,2,2,,nhà ở,,,so hong
4780.0,41.0,"Quận Phú Nhuận, TP. Hồ Chí Minh",Quận Phú Nhuận,4,4,,nhà hẻm,,,so hong
2760.0,40.0,"Quận Bình Tân, TP. Hồ Chí Minh",Quận Bình Tân,3,4,,nhà hẻm,,,so hong
1780.0,27.0,"Quận 7, TP. Hồ Chí Minh",Quận 7,2,2,,nhà ở,,,so hong
3890.0,41.0,"Quận 11, TP. Hồ Chí Minh",Quận 11,3,4,,nhà ở,,,so hong
2580.0,30.0,"Quận 4, TP. Hồ Chí Minh",Quận 4,3,3,,nhà ở,,,so hong
2510.0,48.0,"Quận 9 (TP. Thủ Đức), TP. Hồ Chí Minh",Quận 9 (TP. Thủ Đức),3,3,,nhà ở,,,so hong
3600.0,72.0,"Quận 12, TP. Hồ Chí Minh",Quận 12,2,2,,nhà ở,,,hop dong mua ban
5320.0,55.0,"Quận Gò Vấp, TP. Hồ Chí Minh",Quận Gò Vấp,4,5,,nhà hẻm,,,so hong
1560.0,21.0,"Quận 7, TP. Hồ Chí Minh",Quận 7,2,2,,nhà hẻm,,,so hong
2240.0,35.0,"Quận 10, TP. Hồ Chí Minh",Quận 10,2,3,,nhà ở,,,so hong
8500.0,130.0,"Quận Tân Bình, TP. Hồ Chí Minh",Quận Tân Bình,2,1,,nhà ở,,,hop dong mua ban
3560.0,35.0,"Quận 12, TP. Hồ Chí Minh",Quận 12,2,1,,nhà ở,,,so hong
3270.0,39.0,"Quận Tân Bình, TP. Hồ Chí Minh",Quận Tân Bình,2,2,,nhà ở,,,so hong
4200.0,86.0,"Quận 10, TP. Hồ Chí Minh",Quận 10,3,2,,nhà ở,,,hop dong mua ban
1980.0,32.0,"Quận 10, TP. Hồ Chí Minh",Quận 10,3,4,,nhà ở,,,so hong
3680.0,38.0,"Quận Tân Phú, TP. Hồ Chí Minh",Quận Tân Phú,3,4,,nhà ở,,,so hong
3150.0,42.0,"Quận Bình Thạnh, TP. Hồ Chí Minh",Quận Bình Thạnh,4,4,,nhà ở,,,so hong
2420.0,58.0,"Quận 10, TP. Hồ Chí Minh",Quận 10,4,5,,nhà ở,,,so hong
1520.0,45.0,"Quận 5, TP. Hồ Chí Minh",Quận 5,4,3,,nhà hẻm,,,so hong
2750.0,46.0,"Quận 6, TP. Hồ Chí Minh",Quận 6,3,4,,nhà ở,,,so hong
3700.0,65.0,"Quận Tân Phú, TP. Hồ Chí Minh",Quận Tân Phú,2,2,,nhà ở,,,so hong
1870.0,24.0,"Quận 5, TP. Hồ Chí Minh",Quận 5,2,2,,nhà ở,,,so hong
4580.0,57.0,"Quận Tân Bình, TP. Hồ Chí Minh",Quận Tân Bình,4,5,,nhà ở,,,so hong
2370.0,38.0,"Quận 12, TP. Hồ Chí Minh",Quận 12,3,4,,nhà ở,,,so hong
1690.0,42.0,"Quận 11, TP. Hồ Chí Minh",Quận 11,3,3,,nhà ở,,,so hong
3670.0,40.0,"Quận Phú Nhuận, TP. Hồ Chí Minh",Quận Phú Nhuận,3,3,,nhà hẻm,,,so hong
2250.0,30.0,"Quận 11, TP. Hồ Chí Minh",Quận 11,3,3,,nhà hẻm,,,so hong
2260.0,55.0,"Quận Phú Nhuận, TP. Hồ Chí Minh",Quận Phú Nhuận,4,4,,nhà hẻm,,,so hong
4360.0,46.0,"Quận 5, TP. Hồ Chí Minh",Quận 5,3,3,,nhà ở,,,so hong
2140.0,29.0,"Quận 8, TP. Hồ Chí Minh",Quận 8,2,2,,nhà ở,,,so hong
1870.0,29.0,"Quận 5, TP. Hồ Chí Minh",Quận 5,2,2,,nhà ở,,,so hong
2780.0,36.0,"Quận Tân Bình, TP. Hồ Chí Minh",Quận Tân Bình,1,1,,nhà ở,,,hop dong mua ban
2380.0,45.0,"Huyện Nhà Bè, TP. Hồ Chí Minh",Huyện Nhà Bè,3,3,,nhà ở,,,so hong
1860.0,28.0,"Quận 5, TP. Hồ Chí Minh",Quận 5,3,3,,nhà hẻm,,,so hong
2890.0,48.0,"Quận 11, TP. Hồ Chí Minh",Quận 11,4,5,,nhà hẻm,,,so hong
3350.0,33.0,"Quận Bình Thạnh, TP. Hồ Chí Minh",Quận Bình Thạnh,4,4,,nhà ở,,,so hong
2930.0,34.0,"Quận 8, TP. Hồ Chí Minh",Quận 8,3,2,,nhà ở,,,so hong
2170.0,36.0,"Quận 4, TP. Hồ Chí Minh",Quận 4,3,3,,nhà ở,,,so hong
4360.0,52.0,"Quận 10, TP. Hồ Chí Minh",Quận 10,4,5,,nhà ở,,,so hong
2840.0,27.0,"Quận 8, TP. Hồ Chí Minh",Quận 8,2,2,,nhà ở,,,so hong
2560.0,48.0,"Quận Tân Phú, TP. Hồ Chí Minh",Quận Tân Phú,3,3,,nhà ở,,,so hong
4280.0,46.0,"Quận 10, TP. Hồ Chí Minh",Quận 10,3,4,,nhà ở,,,so hong
3140.0,50.0,"Quận Tân Phú, TP. Hồ Chí Minh",Quận Tân Phú,4,4,,nhà ở,,,so hong
2240.0,38.0,"Quận 11, TP. Hồ Chí Minh",Quận 11,6,7,,nhà ở,,,so hong
6200.0,92.0,"Quận Gò Vấp, TP. Hồ Chí Minh",Quận Gò Vấp,3,2,,nhà ở,,,so hong
3570.0,38.0,"Quận 5, TP. Hồ Chí Minh",Quận 5,4,5,,nhà hẻm,,,so hong
2260.0,34.0,"Quận 7, TP. Hồ Chí Minh",Quận 7,3,3,,nhà ở,,,so hong
2370.0,36.0,"Quận 10, TP. Hồ Chí Minh",Quận 10,3,4,,nhà ở,,,so hong
8000.0,83.0,"Quận Phú Nhuận, TP. Hồ Chí Minh",Quận Phú Nhuận,2,2,,nhà ở,,,so hong
3150.0,41.0,"Quận Gò Vấp, TP. Hồ Chí Minh",Quận Gò Vấp,3,4,,nhà ở,,,so hong
2460.0,48.0,"Quận Gò Vấp, TP. Hồ Chí Minh",Quận Gò Vấp,3,3,,nhà hẻm,,,so hong
1800.0,28.0,"Quận 12, TP. Hồ Chí Minh",Quận 12,2,2,,nhà ở,,,so hong
9100.0,103.0,"Quận Phú Nhuận, TP. Hồ Chí Minh",Quận Phú Nhuận,3,2,,nhà ở,,,so hong
5470.0,55.0,"Quận Phú Nhuận, TP. Hồ Chí Minh",Quận Phú Nhuận,4,5,,nhà ở,,,so hong
2550.0,47.0,"Quận Tân Bình, TP. Hồ Chí Minh",Quận Tân Bình,3,3,,nhà ở,,,so hong
2280.0,48.0,"Quận 10, TP. Hồ Chí Minh",Quận 10,3,4,,nhà ở,,,so hong
2260.0,25.0,"Quận 12, TP. Hồ Chí Minh",Quận 12,2,2,,nhà ở,,,so hong
2940.0,48.0,"Quận Bình Thạnh, TP. Hồ Chí Minh",Quận Bình Thạnh,4,4,,nhà hẻm,,,so hong
1860.0,30.0,"Quận Tân Bình, TP. Hồ Chí Minh",Quận Tân Bình,3,2,,nhà ở,,,so hong
2650.0,36.0,"Quận Tân Bình, TP. Hồ Chí Minh",Quận Tân Bình,2,3,,nhà ở,,,so hong
2750.0,44.0,"Quận Phú Nhuận, TP. Hồ Chí Minh",Quận Phú Nhuận,3,3,,nhà hẻm,,,so hong
3000.0,65.0,"Quận 12, TP. Hồ Chí Minh",Quận 12,2,2,,nhà ở,,,so hong
1930.0,24.0,"Quận 6, TP. Hồ Chí Minh",Quận 6,3,4,,nhà ở,,,so hong
2890.0,60.0,"Quận 7, TP. Hồ Chí Minh",Quận 7,4,4,,nhà ở,,,so hong
2680.0,48.0,"Quận 11, TP. Hồ Chí Minh",Quận 11,4,3,,nhà ở,,,so hong
1780.0,42.0,"Quận 10, TP. Hồ Chí Minh",Quận 10,4,4,,nhà hẻm,,,so hong
4500.0,58.0,"Quận Tân Bình, TP. Hồ Chí Minh",Quận Tân Bình,1,1,,nhà ở,,,so hong
3200.0,38.0,"Quận Bình Thạnh, TP. Hồ Chí Minh",Quận Bình Thạnh,3,3,,nhà ở,,,so hong
2350.0,46.0,"Quận Bình Thạnh, TP. Hồ Chí Minh",Quận Bình Thạnh,4,4,,nhà hẻm,,,so hong
9000.0,95.0,"Quận Phú Nhuận, TP. Hồ Chí Minh",Quận Phú Nhuận,3,2,,nhà ở,,,so hong
2250.0,49.0,"Quận 4, TP. Hồ Chí Minh",Quận 4,2,3,,nhà ở,,,so hong
3560.0,41.0,"Quận Bình Thạnh, TP. Hồ Chí Minh",Quận Bình Thạnh,4,4,,nhà ở,,,so hong
2650.0,39.0,"Quận 8, TP. Hồ Chí Minh",Quận 8,2,3,,nhà hẻm,,,so hong
3100.0,53.0,"Quận Tân Phú, TP. Hồ Chí Minh",Quận Tân Phú,2,1,,nhà ở,,,giay to hop le
1870.0,25.0,"Quận 9 (TP. Thủ Đức), TP. Hồ Chí Minh",Quận 9 (TP. Thủ Đức),2,3,,nhà ở,,,so hong
3470.0,41.0,"Quận 4, TP. Hồ Chí Minh",Quận 4,4,5,,nhà ở,,,so hong
2230.0,30.0,"Quận 11, TP. Hồ Chí Minh",Quận 11,3,3,,nhà ở,,,so hong
2420.0,38.0,"Quận 10, TP. Hồ Chí Minh",Quận 10,3,4,,nhà hẻm,,,so hong
4300.0,45.0,"Quận 4, TP. Hồ Chí Minh",Quận 4,4,3,,nhà ở,,,so hong
2540.0,32.0,"Quận 12, TP. Hồ Chí Minh",Quận 12,2,3,,nhà ở,,,so hong
4780.0,42.0,"Quận 7, TP. Hồ Chí Minh",Quận 7,2,2,,nhà hẻm,,,so hong
4150.0,41.0,"Quận 10, TP. Hồ Chí Minh",Quận 10,3,3,,nhà ở,,,so hong
2950.0,46.0,"Quận 4, TP. Hồ Chí Minh",Quận 4,3,4,,nhà ở,,,so hong
3100.0,37.0,"Quận Tân Bình, TP. Hồ Chí Minh",Quận Tân Bình,3,3,,nhà hẻm,,,so hong
3240.0,31.0,"Quận Bình Thạnh, TP. Hồ Chí Minh",Quận Bình Thạnh,2,3,,nhà ở,,,so hong
2790.0,48.0,"Quận Phú Nhuận, TP. Hồ Chí Minh",Quận Phú Nhuận,3,3,,nhà ở,,,so hong
2300.0,60.0,"Quận 12, TP. Hồ Chí Minh",Quận 12,2,2,,nhà ở,,,hop dong mua ban
2340.0,68.0,"Quận 3, TP. Hồ Chí Minh",Quận 3,3,3,,nhà ở,,,so hong
3570.0,29.0,"Quận 4, TP. Hồ Chí Minh",Quận 4,2,2,,nhà ở,,,so hong
2560.0,36.0,"Quận 5, TP. Hồ Chí Minh",Quận 5,3,3,,nhà ở,,,so hong
2570.0,65.0,"Quận 3, TP. Hồ Chí Minh",Quận 3,4,4,,nhà ở,,,so hong
4780.0,48.0,"Quận Phú Nhuận, TP. Hồ Chí Minh",Quận Phú Nhuận,4,4,,nhà hẻm,,,so hong
4930.0,32.0,"Quận Phú Nhuận, TP. Hồ Chí Minh",Quận Phú Nhuận,4,5,,nhà ở,,,so hong
1850.0,32.0,"Quận 4, TP. Hồ Chí Minh",Quận 4,2,2,,nhà ở,,,so hong
4800.0,81.0,"Quận Tân Bình, TP. Hồ Chí Minh",Quận Tân Bình,2,2,,nhà ở,,,so hong
4750.0,46.0,"Quận 7, TP. Hồ Chí Minh",Quận 7,3,4,,nhà ở,,,so hong
4150.0,46.0,"Quận 7, TP. Hồ Chí Minh",Quận 7,3,3,,nhà hẻm,,,so hong
4399.0,80.0,"Quận Tân Phú, TP. Hồ Chí Minh",Quận Tân Phú,3,2,,nhà ở,,,so hong
2170.0,41.0,"Quận 6, TP. Hồ Chí Minh",Quận 6,3,4,,nhà ở,,,so hong
5150.0,41.0,"Quận 5, TP. Hồ Chí Minh",Quận 5,3,3,,nhà ở,,,so hong
2630.0,29.0,"Quận 7, TP. Hồ Chí Minh",Quận 7,2,2,,nhà ở,,,so hong
2730.0,71.0,"Quận Bình Thạnh, TP. Hồ Chí Minh",Quận Bình Thạnh,3,4,,nhà ở,,,so hong
3560.0,31.0,"Quận 10, TP. Hồ Chí Minh",Quận 10,3,3,,nhà hẻm,,,so hong
2470.0,34.0,"Quận 7, TP. Hồ Chí Minh",Quận 7,2,2,,nhà ở,,,so hong
1980.0,36.0,"Quận 11, TP. Hồ Chí Minh",Quận 11,2,3,,nhà hẻm,,,so hong
3200.0,33.0,"Quận Tân Bình, TP. Hồ Chí Minh",Quận Tân Bình,3,3,,nhà hẻm,,,so hong
3270.0,35.0,"Quận 10, TP. Hồ Chí Minh",Quận 10,2,2,,nhà ở,,,so hong
1970.0,32.0,"Quận 10, TP. Hồ Chí Minh",Quận 10,2,3,,nhà ở,,,so hong
3280.0,39.0,"Quận 6, TP. Hồ Chí Minh",Quận 6,3,3,,nhà ở,,,so hong
2780.0,29.0,"Quận Bình Thạnh, TP. Hồ Chí Minh",Quận Bình Thạnh,2,2,,nhà hẻm,,,so hong
2550.0,40.0,"Quận 11, TP. Hồ Chí Minh",Quận 11,3,4,,nhà ở,,,so hong
3260.0,40.0,"Quận 10, TP. Hồ Chí Minh",Quận 10,2,3,,nhà hẻm,,,so hong
3240.0,35.0,"Quận 10, TP. Hồ Chí Minh",Quận 10,3,3,,nhà hẻm,,,so hong
2570.0,45.0,"Quận 5, TP. Hồ Chí Minh",Quận 5,4,4,,nhà ở,,,so hong
3250.0,56.0,"Quận Tân Phú, TP. Hồ Chí Minh",Quận Tân Phú,4,4,,nhà ở,,,so hong
3080.0,30.0,"Quận 10, TP. Hồ Chí Minh",Quận 10,3,3,,nhà hẻm,,,so hong
1750.0,32.0,"Quận 12, TP. Hồ Chí Minh",Quận 12,3,4,,nhà ở,,,so hong
1790.0,30.0,"Quận 5, TP. Hồ Chí Minh",Quận 5,3,3,,nhà hẻm,,,so hong
2870.0,32.0,"Quận Tân Phú, TP. Hồ Chí Minh",Quận Tân Phú,3,3,,nhà hẻm,,,so hong
2100.0,32.0,"Quận 7, TP. Hồ Chí Minh",Quận 7,3,4,,nhà hẻm,,,so hong
3450.0,40.0,"Quận 10, TP. Hồ Chí Minh",Quận 10,4,5,,nhà ở,,,so hong
2880.0,30.0,"Quận Gò Vấp, TP. Hồ Chí Minh",Quận Gò Vấp,2,3,,nhà ở,,,so hong
1890.0,29.0,"Quận 5, TP. Hồ Chí Minh",Quận 5,2,2,,nhà hẻm,,,so hong
2150.0,21.0,"Quận 6, TP. Hồ Chí Minh",Quận 6,2,2,,nhà ở,,,so hong
1990.0,58.0,"Quận 12, TP. Hồ Chí Minh",Quận 12,2,1,,nhà ở,,,so hong
2290.0,37.0,"Quận 6, TP. Hồ Chí Minh",Quận 6,3,4,,nhà ở,,,so hong
2580.0,30.0,"Quận Phú Nhuận, TP. Hồ Chí Minh",Quận Phú Nhuận,3,3,,nhà ở,,,so hong
5299.0,40.0,"Quận 9 (TP. Thủ Đức), TP. Hồ Chí Minh",Quận 9 (TP. Thủ Đức),5,6,,nhà ở,,,so hong
2190.0,49.0,"Quận Phú Nhuận, TP. Hồ Chí Minh",Quận Phú Nhuận,3,4,,nhà ở,,,so hong
3790.0,49.0,"Quận 11, TP. Hồ Chí Minh",Quận 11,3,3,,nhà ở,,,so hong
2780.0,34.0,"Quận 10, TP. Hồ Chí Minh",Quận 10,3,2,,nhà ở,,,so hong
2080.0,40.0,"Quận Tân Phú, TP. Hồ Chí Minh",Quận Tân Phú,4,4,,nhà hẻm,,,so hong
2450.0,27.0,"Quận 7, TP. Hồ Chí Minh",Quận 7,3,4,,nhà hẻm,,,so hong
3150.0,36.0,"Quận 10, TP. Hồ Chí Minh",Quận 10,3,3,,nhà hẻm,,,so hong
1670.0,21.0,"Quận Tân Bình, TP. Hồ Chí Minh",Quận Tân Bình,2,2,,nhà ở,,,so hong
3650.0,33.0,"Quận 2 (TP. Thủ Đức), TP. Hồ Chí Minh",Quận 2 (TP. Thủ Đức),4,5,,nhà ở,,,so hong
3560.0,35.0,"Quận Bình Thạnh, TP. Hồ Chí Minh",Quận Bình Thạnh,3,3,,nhà hẻm,,,so hong
1860.0,40.0,"Quận Bình Thạnh, TP. Hồ Chí Minh",Quận Bình Thạnh,3,3,,nhà hẻm,,,so hong
3130.0,38.0,"Quận Tân Bình, TP. Hồ Chí Minh",Quận Tân Bình,3,2,,nhà ở,,,so hong
2180.0,40.0,"Quận Bình Thạnh, TP. Hồ Chí Minh",Quận Bình Thạnh,2,2,,nhà hẻm,,,so hong
4780.0,43.0,"Quận Phú Nhuận, TP. Hồ Chí Minh",Quận Phú Nhuận,4,2,,nhà ở,,,so hong
3160.0,38.0,"Quận Tân Bình, TP. Hồ Chí Minh",Quận Tân Bình,2,2,,nhà ở,,,so hong
2190.0,34.0,"Quận 11, TP. Hồ Chí Minh",Quận 11,3,4,,nhà ở,,,so hong
4670.0,43.0,"Quận Phú Nhuận, TP. Hồ Chí Minh",Quận Phú Nhuận,4,5,,nhà ở,,,so hong
2380.0,24.0,"Quận Tân Bình, TP. Hồ Chí Minh",Quận Tân Bình,2,2,,nhà ở,,,so hong
2050.0,30.0,"Quận 4, TP. Hồ Chí Minh",Quận 4,2,2,,nhà ở,,,so hong
4870.0,54.0,"Quận Gò Vấp, TP. Hồ Chí Minh",Quận Gò Vấp,4,5,,nhà hẻm,,,so hong
2540.0,37.0,"Quận Tân Bình, TP. Hồ Chí Minh",Quận Tân Bình,2,2,,nhà ở,,,so hong
2280.0,48.0,"Quận 2 (TP. Thủ Đức), TP. Hồ Chí Minh",Quận 2 (TP. Thủ Đức),4,4,,nhà ở,,,so hong
3350.0,42.0,"Quận Tân Bình, TP. Hồ Chí Minh",Quận Tân Bình,3,4,,nhà ở,,,so hong
2570.0,30.0,"Quận Tân Bình, TP. Hồ Chí Minh",Quận Tân Bình,2,2,,nhà ở,,,so hong
1680.0,27.0,"Quận Bình Tân, TP. Hồ Chí Minh",Quận Bình Tân,2,2,,nhà ở,,,so hong
3450.0,32.0,"Quận 9 (TP. Thủ Đức), TP. Hồ Chí Minh",Quận 9 (TP. Thủ Đức),3,4,,nhà hẻm,,,so hong
2530.0,37.0,"Quận Tân Bình, TP. Hồ Chí Minh",Quận Tân Bình,2,2,,nhà ở,,,so hong
2140.0,27.0,"Quận 6, TP. Hồ Chí Minh",Quận 6,3,4,,nhà ở,,,so hong
3200.0,38.0,"Quận Tân Phú, TP. Hồ Chí Minh",Quận Tân Phú,3,4,,nhà ở,,,so hong
3610.0,41.0,"Quận Bình Tân, TP. Hồ Chí Minh",Quận Bình Tân,3,3,,nhà ở,,,so hong
1560.0,21.0,"Quận Bình Thạnh, TP. Hồ Chí Minh",Quận Bình Thạnh,3,7,,nhà ở,,,so hong
3460.0,53.0,"Quận Tân Bình, TP. Hồ Chí Minh",Quận Tân Bình,3,2,,nhà hẻm,,,so hong
2370.0,28.0,"Quận Bình Tân, TP. Hồ Chí Minh",Quận Bình Tân,2,2,,nhà ở,,,so hong
2170.0,30.0,"Quận 11, TP. Hồ Chí Minh",Quận 11,3,4,,nhà ở,,,so hong
3250.0,52.0,"Quận Bình Thạnh, TP. Hồ Chí Minh",Quận Bình Thạnh,3,4,,nhà ở,,,so hong
2160.0,33.0,"Quận Thủ Đức (TP. Thủ Đức), TP. Hồ Chí Minh",Quận Thủ Đức (TP. Thủ Đức),3,3,,nhà hẻm,,,so hong
2350.0,40.0,"Quận Gò Vấp, TP. Hồ Chí Minh",Quận Gò Vấp,4,5,,nhà ở,,,so hong
3150.0,37.0,"Quận Tân Phú, TP. Hồ Chí Minh",Quận Tân Phú,3,4,,nhà ở,,,so hong
2430.0,34.0,"Quận Thủ Đức (TP. Thủ Đức), TP. Hồ Chí Minh",Quận Thủ Đức (TP. Thủ Đức),2,2,,nhà ở,,,so hong
1890.0,25.0,"Quận 11, TP. Hồ Chí Minh",Quận 11,3,3,,nhà ở,,,so hong
2340.0,26.0,"Quận Tân Bình, TP. Hồ Chí Minh",Quận Tân Bình,3,3,,nhà hẻm,,,so hong
1530.0,21.0,"Quận Thủ Đức (TP. Thủ Đức), TP. Hồ Chí Minh",Quận Thủ Đức (TP. Thủ Đức),2,2,,nhà ở,,,so hong
2260.0,23.0,"Quận 5, TP. Hồ Chí Minh",Quận 5,3,3,,nhà ở,,,so hong
3260.0,31.0,"Quận 5, TP. Hồ Chí Minh",Quận 5,3,3,,nhà hẻm,,,so hong
3150.0,32.0,"Quận Phú Nhuận, TP. Hồ Chí Minh",Quận Phú Nhuận,3,2,,nhà hẻm,,,so hong
2340.0,60.0,"Quận 8, TP. Hồ Chí Minh",Quận 8,4,5,,nhà ở,,,so hong
2740.0,29.0,"Quận 10, TP. Hồ Chí Minh",Quận 10,3,4,,nhà hẻm,,,so hong
3420.0,35.0,"Quận Tân Bình, TP. Hồ Chí Minh",Quận Tân Bình,3,3,,nhà hẻm,,,so hong
1940.0,36.0,"Quận Tân Phú, TP. Hồ Chí Minh",Quận Tân Phú,3,4,,nhà ở,,,so hong
3890.0,42.0,"Quận 11, TP. Hồ Chí Minh",Quận 11,3,3,,nhà hẻm,,,so hong
3320.0,39.0,"Quận Tân Bình, TP. Hồ Chí Minh",Quận Tân Bình,2,2,,nhà ở,,,so hong
1980.0,33.0,"Quận 12, TP. Hồ Chí Minh",Quận 12,3,3,,nhà ở,,,so hong
3460.0,48.0,"Quận 4, TP. Hồ Chí Minh",Quận 4,3,3,,nhà ở,,,so hong
3170.0,36.0,"Quận Phú Nhuận, TP. Hồ Chí Minh",Quận Phú Nhuận,2,2,,nhà ở,,,so hong
2150.0,38.0,"Quận 7, TP. Hồ Chí Minh",Quận 7,3,3,,nhà ở,,,so hong
2560.0,30.0,"Quận 7, TP. Hồ Chí Minh",Quận 7,2,3,,nhà ở,,,so hong
2850.0,36.0,"Quận Tân Bình, TP. Hồ Chí Minh",Quận Tân Bình,2,2,,nhà ở,,,so hong
2430.0,38.0,"Quận 10, TP. Hồ Chí Minh",Quận 10,3,4,,nhà ở,,,so hong
3450.0,48.0,"Quận Tân Bình, TP. Hồ Chí Minh",Quận Tân Bình,3,3,,nhà ở,,,so hong
4210.0,37.0,"Quận Phú Nhuận, TP. Hồ Chí Minh",Quận Phú Nhuận,2,2,,nhà ở,,,so hong
2760.0,54.0,"Quận 11, TP. Hồ Chí Minh",Quận 11,3,4,,nhà ở,,,so hong
3740.0,36.0,"Quận Phú Nhuận, TP. Hồ Chí Minh",Quận Phú Nhuận,3,2,,nhà ở,,,so hong
2180.0,54.0,"Quận 10, TP. Hồ Chí Minh",Quận 10,4,5,,nhà hẻm,,,so hong
4370.0,32.0,"Quận Tân Bình, TP. Hồ Chí Minh",Quận Tân Bình,3,3,,nhà ở,,,so hong
2160.0,39.0,"Quận 7, TP. Hồ Chí Minh",Quận 7,3,3,,nhà hẻm,,,so hong
4150.0,34.0,"Quận 2 (TP. Thủ Đức), TP. Hồ Chí Minh",Quận 2 (TP. Thủ Đức),2,2,,nhà ở,,,so hong
2560.0,52.0,"Quận 6, TP. Hồ Chí Minh",Quận 6,4,5,,nhà ở,,,so hong
3840.0,35.0,"Quận 2 (TP. Thủ Đức), TP. Hồ Chí Minh",Quận 2 (TP. Thủ Đức),3,3,,nhà hẻm,,,so hong
2880.0,33.0,"Quận Thủ Đức (TP. Thủ Đức), TP. Hồ Chí Minh",Quận Thủ Đức (TP. Thủ Đức),3,2,,nhà ở,,,so hong
2460.0,29.0,"Quận 6, TP. Hồ Chí Minh",Quận 6,2,2,,nhà ở,,,so hong
2840.0,24.0,"Quận 8, TP. Hồ Chí Minh",Quận 8,2,2,,nhà hẻm,,,so hong
2320.0,26.0,"Quận 8, TP. Hồ Chí Minh",Quận 8,2,2,,nhà hẻm,,,so hong
4800.0,24.0,"Quận 10, TP. Hồ Chí Minh",Quận 10,3,4,,nhà ở,,,so hong
5950.0,45.0,"Quận Phú Nhuận, TP. Hồ Chí Minh",Quận Phú Nhuận,3,3,,nhà ở,,,so hong
5650.0,48.0,"Quận 10, TP. Hồ Chí Minh",Quận 10,3,4,,nhà ở,,,so hong
3050.0,20.0,"Quận Phú Nhuận, TP. Hồ Chí Minh",Quận Phú Nhuận,2,3,,nhà ở,,,so hong
5100.0,90.0,"Quận 9 (TP. Thủ Đức), TP. Hồ Chí Minh",Quận 9 (TP. Thủ Đức),2,3,,nhà hẻm,,,so hong
2990.0,22.0,"Quận 4, TP. Hồ Chí Minh",Quận 4,2,3,,nhà ở,,,so hong
2600.0,96.0,"Quận 7, TP. Hồ Chí Minh",Quận 7,3,2,,căn hộ,,,so hong
5100.0,60.0,"Quận 9 (TP. Thủ Đức), TP. Hồ Chí Minh",Quận 9 (TP. Thủ Đức),0,0,,nhà ở,,,so hong
10800.0,105.0,"Quận 9 (TP. Thủ Đức), TP. Hồ Chí Minh",Quận 9 (TP. Thủ Đức),1,1,,nhà ở,,,so hong
19500.0,266.0,"Quận 9 (TP. Thủ Đức), TP. Hồ Chí Minh",Quận 9 (TP. Thủ Đức),0,0,,nhà ở,,,so hong
5300.0,51.0,"Quận 9 (TP. Thủ Đức), TP. Hồ Chí Minh",Quận 9 (TP. Thủ Đức),4,3,,nhà ở,,,so hong
4900.0,60.0,"Quận 9 (TP. Thủ Đức), TP. Hồ Chí Minh",Quận 9 (TP. Thủ Đức),0,0,,nhà ở,,,so hong
12000.0,212.0,"Quận 9 (TP. Thủ Đức), TP. Hồ Chí Minh",Quận 9 (TP. Thủ Đức),0,0,,nhà ở,,,so hong
10500.0,107.0,"Quận 9 (TP. Thủ Đức), TP. Hồ Chí Minh",Quận 9 (TP. Thủ Đức),4,4,,nhà ở,,,so hong
6300.0,64.0,"Quận 9 (TP. Thủ Đức), TP. Hồ Chí Minh",Quận 9 (TP. Thủ Đức),4,4,,nhà ở,,,so hong
5600.0,50.0,"Quận 9 (TP. Thủ Đức), TP. Hồ Chí Minh",Quận 9 (TP. Thủ Đức),3,3,,nhà ở,,,so hong
4090.0,75.0,"Quận 9 (TP. Thủ Đức), TP. Hồ Chí Minh",Quận 9 (TP. Thủ Đức),2,1,,nhà ở,,,so hong
3600.0,35.0,"Quận Bình Thạnh, TP. Hồ Chí Minh",Quận Bình Thạnh,3,3,,nhà ở,,,so hong
5550.0,60.0,"Quận Phú Nhuận, TP. Hồ Chí Minh",Quận Phú Nhuận,4,3,,biệt thự,,,so hong
3600.0,40.0,"Quận Phú Nhuận, TP. Hồ Chí Minh",Quận Phú Nhuận,2,2,,nhà ở,,,so hong
3110.0,73.0,"Quận 7, TP. Hồ Chí Minh",Quận 7,2,2,,nhà ở,,,so hong
3250.0,21.0,"Quận Bình Thạnh, TP. Hồ Chí Minh",Quận Bình Thạnh,3,3,,nhà ở,,,so hong
5700.0,92.0,"Quận 3, TP. Hồ Chí Minh",Quận 3,2,2,,nhà ở,,,so hong
3250.0,22.0,"Quận Bình Thạnh, TP. Hồ Chí Minh",Quận Bình Thạnh,3,4,,nhà ở,,,so hong
3350.0,42.0,"Quận Gò Vấp, TP. Hồ Chí Minh",Quận Gò Vấp,4,5,,biệt thự,,,so hong
2850.0,12.0,"Quận Phú Nhuận, TP. Hồ Chí Minh",Quận Phú Nhuận,2,3,,nhà ở,,,so hong
3680.0,30.0,"Quận 1, TP. Hồ Chí Minh",Quận 1,2,3,,nhà ở,,,so hong
4280.0,56.0,"Quận 9 (TP. Thủ Đức), TP. Hồ Chí Minh",Quận 9 (TP. Thủ Đức),0,0,,nhà ở,,,so hong
5200.0,64.0,"Quận 9 (TP. Thủ Đức), TP. Hồ Chí Minh",Quận 9 (TP. Thủ Đức),0,0,,nhà ở,,,so hong
4200.0,77.0,"Quận 9 (TP. Thủ Đức), TP. Hồ Chí Minh",Quận 9 (TP. Thủ Đức),0,0,,nhà ở,,,so hong
4350.0,60.0,"Quận 9 (TP. Thủ Đức), TP. Hồ Chí Minh",Quận 9 (TP. Thủ Đức),0,0,,nhà ở,,,so hong
6200.0,69.0,"Quận 9 (TP. Thủ Đức), TP. Hồ Chí Minh",Quận 9 (TP. Thủ Đức),0,0,,nhà ở,,,so hong
5100.0,94.0,"Quận 9 (TP. Thủ Đức), TP. Hồ Chí Minh",Quận 9 (TP. Thủ Đức),0,0,,nhà ở,,,so hong
21600.0,166.0,"Quận 9 (TP. Thủ Đức), TP. Hồ Chí Minh",Quận 9 (TP. Thủ Đức),2,2,,nhà ở,,,so hong
45000.0,165.0,"Quận 2 (TP. Thủ Đức), TP. Hồ Chí Minh",Quận 2 (TP. Thủ Đức),2,2,,nhà ở,,,so hong
5500.0,56.0,"Quận 9 (TP. Thủ Đức), TP. Hồ Chí Minh",Quận 9 (TP. Thủ Đức),0,0,,nhà ở,,,so hong
11700.0,122.0,"Quận 9 (TP. Thủ Đức), TP. Hồ Chí Minh",Quận 9 (TP. Thủ Đức),4,4,,nhà ở,,,so hong
7200.0,90.0,"Quận 9 (TP. Thủ Đức), TP. Hồ Chí Minh",Quận 9 (TP. Thủ Đức),6,6,,nhà ở,,,so hong
9500.0,92.0,"Quận 9 (TP. Thủ Đức), TP. Hồ Chí Minh",Quận 9 (TP. Thủ Đức),2,2,,nhà ở,,,so hong
3450.0,54.0,"Quận 9 (TP. Thủ Đức), TP. Hồ Chí Minh",Quận 9 (TP. Thủ Đức),0,0,,nhà ở,,,so hong
26500.0,250.0,"Quận 9 (TP. Thủ Đức), TP. Hồ Chí Minh",Quận 9 (TP. Thủ Đức),2,1,,nhà ở,,,so hong
5700.0,82.0,"Quận 9 (TP. Thủ Đức), TP. Hồ Chí Minh",Quận 9 (TP. Thủ Đức),0,0,,nhà ở,,,so hong
4500.0,71.0,"Quận 9 (TP. Thủ Đức), TP. Hồ Chí Minh",Quận 9 (TP. Thủ Đức),0,0,,nhà ở,,,so hong
3600.0,54.0,"Quận 9 (TP. Thủ Đức), TP. Hồ Chí Minh",Quận 9 (TP. Thủ Đức),0,0,,nhà ở,,,so hong
2480.0,58.0,"Quận 12, TP. Hồ Chí Minh",Quận 12,2,2,,căn hộ,,,so hong
6300.0,50.0,"Quận 9 (TP. Thủ Đức), TP. Hồ Chí Minh",Quận 9 (TP. Thủ Đức),4,4,,nhà ở,,,so hong
5200.0,75.0,"Quận Phú Nhuận, TP. Hồ Chí Minh",Quận Phú Nhuận,2,2,,căn hộ,,,hop dong mua ban
5300.0,64.0,"Quận 9 (TP. Thủ Đức), TP. Hồ Chí Minh",Quận 9 (TP. Thủ Đức),0,0,,nhà ở,,,so hong
8900.0,160.0,"Quận 9 (TP. Thủ Đức), TP. Hồ Chí Minh",Quận 9 (TP. Thủ Đức),0,0,,nhà ở,,,so hong
4850.0,66.0,"Quận 9 (TP. Thủ Đức), TP. Hồ Chí Minh",Quận 9 (TP. Thủ Đức),0,0,,nhà ở,,,so hong
4700.0,84.0,"Quận Gò Vấp, TP. Hồ Chí Minh",Quận Gò Vấp,2,2,,căn hộ,,,so hong
5250.0,54.0,"Quận 9 (TP. Thủ Đức), TP. Hồ Chí Minh",Quận 9 (TP. Thủ Đức),4,4,,nhà ở,,,so hong
9900.0,162.0,"Quận 9 (TP. Thủ Đức), TP. Hồ Chí Minh",Quận 9 (TP. Thủ Đức),0,0,,nhà ở,,,so hong
6200.0,80.0,"Quận 9 (TP. Thủ Đức), TP. Hồ Chí Minh",Quận 9 (TP. Thủ Đức),0,0,,nhà ở,,,so hong
2900.0,52.0,"Quận Tân Phú, TP. Hồ Chí Minh",Quận Tân Phú,1,1,,căn hộ,,,so hong
11500.0,110.0,"Quận 9 (TP. Thủ Đức), TP. Hồ Chí Minh",Quận 9 (TP. Thủ Đức),3,1,,nhà ở,,,so hong
3650.0,91.0,"Quận Tân Bình, TP. Hồ Chí Minh",Quận Tân Bình,2,2,,căn hộ,,,so hong
4190.0,59.0,"Quận 9 (TP. Thủ Đức), TP. Hồ Chí Minh",Quận 9 (TP. Thủ Đức),0,0,,nhà ở,,,so hong
2800.0,64.0,"Quận 12, TP. Hồ Chí Minh",Quận 12,2,2,,căn hộ,,,so hong
13800.0,118.0,"Quận 9 (TP. Thủ Đức), TP. Hồ Chí Minh",Quận 9 (TP. Thủ Đức),3,3,,nhà ở,,,so hong
5600.0,74.0,"Quận 9 (TP. Thủ Đức), TP. Hồ Chí Minh",Quận 9 (TP. Thủ Đức),0,0,,nhà ở,,,so hong
11000.0,107.0,"Quận 9 (TP. Thủ Đức), TP. Hồ Chí Minh",Quận 9 (TP. Thủ Đức),3,3,,nhà ở,,,so hong
5500.0,62.0,"Quận 9 (TP. Thủ Đức), TP. Hồ Chí Minh",Quận 9 (TP. Thủ Đức),0,0,,nhà ở,,,so hong
20500.0,200.0,"Quận 9 (TP. Thủ Đức), TP. Hồ Chí Minh",Quận 9 (TP. Thủ Đức),1,0,,nhà ở,,,so hong
4900.0,62.0,"Quận 9 (TP. Thủ Đức), TP. Hồ Chí Minh",Quận 9 (TP. Thủ Đức),0,0,,nhà ở,,,so hong
8500.0,86.0,"Quận 9 (TP. Thủ Đức), TP. Hồ Chí Minh",Quận 9 (TP. Thủ Đức),8,8,,nhà ở,,,so hong
4650.0,59.0,"Quận 9 (TP. Thủ Đức), TP. Hồ Chí Minh",Quận 9 (TP. Thủ Đức),0,0,,đất nền,,,so hong
3600.0,65.0,"Quận 9 (TP. Thủ Đức), TP. Hồ Chí Minh",Quận 9 (TP. Thủ Đức),0,0,,nhà ở,,,so hong
4200.0,54.0,"Quận 9 (TP. Thủ Đức), TP. Hồ Chí Minh",Quận 9 (TP. Thủ Đức),0,0,,nhà ở,,,so hong
6900.0,92.0,"Quận 9 (TP. Thủ Đức), TP. Hồ Chí Minh",Quận 9 (TP. Thủ Đức),0,0,,nhà ở,,,so hong
2200.0,72.0,"Quận Tân Phú, TP. Hồ Chí Minh",Quận Tân Phú,2,2,,căn hộ,,,so hong
5650.0,80.0,"Quận 9 (TP. Thủ Đức), TP. Hồ Chí Minh",Quận 9 (TP. Thủ Đức),0,0,,nhà ở,,,so hong
1500.0,45.0,"Quận Tân Phú, TP. Hồ Chí Minh",Quận Tân Phú,1,1,,căn hộ,,,hop dong mua ban
4600.0,55.0,"Quận 9 (TP. Thủ Đức), TP. Hồ Chí Minh",Quận 9 (TP. Thủ Đức),3,3,,nhà ở,,,so hong
8000.0,102.0,"Quận 9 (TP. Thủ Đức), TP. Hồ Chí Minh",Quận 9 (TP. Thủ Đức),2,2,,nhà ở,,,so hong
5500.0,100.0,"Quận 9 (TP. Thủ Đức), TP. Hồ Chí Minh",Quận 9 (TP. Thủ Đức),0,0,,nhà ở,,,so hong
3650.0,65.0,"Quận Tân Bình, TP. Hồ Chí Minh",Quận Tân Bình,2,2,,căn hộ,,,so hong
6650.0,65.0,"Quận 9 (TP. Thủ Đức), TP. Hồ Chí Minh",Quận 9 (TP. Thủ Đức),5,4,,nhà ở,,,so hong
4200.0,86.0,"Quận Tân Phú, TP. Hồ Chí Minh",Quận Tân Phú,3,2,,căn hộ,,,so hong
22700.0,125.0,"Quận Thủ Đức (TP. Thủ Đức), TP. Hồ Chí Minh",Quận Thủ Đức (TP. Thủ Đức),3,3,,nhà ở,,,so hong
7200.0,70.0,"Quận 9 (TP. Thủ Đức), TP. Hồ Chí Minh",Quận 9 (TP. Thủ Đức),0,0,,nhà ở,,,so hong
4500.0,70.0,"Quận 9 (TP. Thủ Đức), TP. Hồ Chí Minh",Quận 9 (TP. Thủ Đức),0,0,,nhà ở,,,so hong
41000.0,250.0,"Quận 9 (TP. Thủ Đức), TP. Hồ Chí Minh",Quận 9 (TP. Thủ Đức),0,0,,nhà ở,,,so hong
5750.0,83.0,"Quận 9 (TP. Thủ Đức), TP. Hồ Chí Minh",Quận 9 (TP. Thủ Đức),0,0,,nhà ở,,,so hong
4200.0,91.0,"Quận Bình Tân, TP. Hồ Chí Minh",Quận Bình Tân,0,0,,nhà ở,,,so hong
8700.0,197.0,"Quận 9 (TP. Thủ Đức), TP. Hồ Chí Minh",Quận 9 (TP. Thủ Đức),6,6,,căn hộ,,,so hong
5900.0,83.0,"Quận 9 (TP. Thủ Đức), TP. Hồ Chí Minh",Quận 9 (TP. Thủ Đức),2,2,,nhà ở,,,so hong
8500.0,117.0,"Quận 9 (TP. Thủ Đức), TP. Hồ Chí Minh",Quận 9 (TP. Thủ Đức),0,0,,nhà ở,,,so hong
4050.0,63.0,"Quận 9 (TP. Thủ Đức), TP. Hồ Chí Minh",Quận 9 (TP. Thủ Đức),0,0,,nhà ở,,,so hong
1400.0,44.0,"Quận 12, TP. Hồ Chí Minh",Quận 12,1,1,,căn hộ,,,hop dong mua ban
6300.0,74.0,"Quận 9 (TP. Thủ Đức), TP. Hồ Chí Minh",Quận 9 (TP. Thủ Đức),0,0,,nhà ở,,,so hong
6900.0,57.0,"Quận 9 (TP. Thủ Đức), TP. Hồ Chí Minh",Quận 9 (TP. Thủ Đức),4,3,,nhà hẻm,,,so hong
3800.0,63.0,"Quận 9 (TP. Thủ Đức), TP. Hồ Chí Minh",Quận 9 (TP. Thủ Đức),0,0,,nhà ở,,,so hong
3900.0,58.0,"Quận 12, TP. Hồ Chí Minh",Quận 12,0,0,,nhà ở,,,so do
9000.0,92.0,"Quận 9 (TP. Thủ Đức), TP. Hồ Chí Minh",Quận 9 (TP. Thủ Đức),2,2,,nhà ở,,,so hong
4200.0,63.0,"Quận 9 (TP. Thủ Đức), TP. Hồ Chí Minh",Quận 9 (TP. Thủ Đức),0,0,,nhà ở,,,so hong
2850.0,52.0,"Quận Tân Phú, TP. Hồ Chí Minh",Quận Tân Phú,1,1,,căn hộ,,,so hong
4300.0,55.0,"Quận 9 (TP. Thủ Đức), TP. Hồ Chí Minh",Quận 9 (TP. Thủ Đức),0,0,,nhà ở,,,so hong
4150.0,52.0,"Quận 9 (TP. Thủ Đức), TP. Hồ Chí Minh",Quận 9 (TP. Thủ Đức),0,0,,nhà ở,,,so hong
5100.0,67.0,"Quận 9 (TP. Thủ Đức), TP. Hồ Chí Minh",Quận 9 (TP. Thủ Đức),0,0,,nhà ở,,,so hong
2500.0,50.0,"Quận Tân Bình, TP. Hồ Chí Minh",Quận Tân Bình,2,2,,căn hộ,,,so hong
3600.0,68.0,"Quận 9 (TP. Thủ Đức), TP. Hồ Chí Minh",Quận 9 (TP. Thủ Đức),0,0,,nhà ở,,,so hong
41000.0,538.0,"Quận Thủ Đức (TP. Thủ Đức), TP. Hồ Chí Minh",Quận Thủ Đức (TP. Thủ Đức),1,1,,nhà ở,,,so hong
3500.0,67.0,"Quận 6, TP. Hồ Chí Minh",Quận 6,2,2,,căn hộ,,,hop dong mua ban
6600.0,68.0,"Quận 9 (TP. Thủ Đức), TP. Hồ Chí Minh",Quận 9 (TP. Thủ Đức),4,4,,nhà ở,,,so hong
6800.0,56.0,"Quận 9 (TP. Thủ Đức), TP. Hồ Chí Minh",Quận 9 (TP. Thủ Đức),5,4,,nhà hẻm,,,so hong
4500.0,88.0,"Quận Tân Phú, TP. Hồ Chí Minh",Quận Tân Phú,3,2,,căn hộ,,,so hong
3900.0,80.0,"Quận Tân Phú, TP. Hồ Chí Minh",Quận Tân Phú,3,2,,căn hộ,,,so hong
5500.0,106.0,"Quận Tân Phú, TP. Hồ Chí Minh",Quận Tân Phú,3,2,,căn hộ,,,so hong
5300.0,73.0,"Quận 9 (TP. Thủ Đức), TP. Hồ Chí Minh",Quận 9 (TP. Thủ Đức),0,0,,nhà ở,,,so hong
5300.0,72.0,"Quận 9 (TP. Thủ Đức), TP. Hồ Chí Minh",Quận 9 (TP. Thủ Đức),0,0,,nhà ở,,,so hong
3300.0,65.0,"Quận Tân Phú, TP. Hồ Chí Minh",Quận Tân Phú,2,2,,căn hộ,,,hop dong mua ban
4400.0,80.0,"Quận 9 (TP. Thủ Đức), TP. Hồ Chí Minh",Quận 9 (TP. Thủ Đức),0,0,,nhà ở,,,so hong
2200.0,60.0,"Quận Tân Phú, TP. Hồ Chí Minh",Quận Tân Phú,2,2,,căn hộ,,,hop dong mua ban
8500.0,165.0,"Quận 9 (TP. Thủ Đức), TP. Hồ Chí Minh",Quận 9 (TP. Thủ Đức),0,0,,nhà ở,,,so hong
11500.0,170.0,"Quận 9 (TP. Thủ Đức), TP. Hồ Chí Minh",Quận 9 (TP. Thủ Đức),0,0,,nhà ở,,,so hong
3600.0,81.0,"Quận Bình Tân, TP. Hồ Chí Minh",Quận Bình Tân,3,2,,căn hộ,,,so hong
4100.0,68.0,"Quận Tân Phú, TP. Hồ Chí Minh",Quận Tân Phú,2,2,,căn hộ,,,so hong
6300.0,87.0,"Quận 9 (TP. Thủ Đức), TP. Hồ Chí Minh",Quận 9 (TP. Thủ Đức),3,3,,nhà hẻm,,,so hong
5700.0,64.0,"Quận 9 (TP. Thủ Đức), TP. Hồ Chí Minh",Quận 9 (TP. Thủ Đức),0,0,,nhà ở,,,so hong
2400.0,52.0,"Quận 12, TP. Hồ Chí Minh",Quận 12,2,2,,căn hộ,,,so hong
6600.0,56.0,"Quận 9 (TP. Thủ Đức), TP. Hồ Chí Minh",Quận 9 (TP. Thủ Đức),4,4,,nhà ở,,,so hong
2900.0,67.0,"Quận Tân Phú, TP. Hồ Chí Minh",Quận Tân Phú,2,2,,căn hộ,,,so hong
7000.0,60.0,"Quận 9 (TP. Thủ Đức), TP. Hồ Chí Minh",Quận 9 (TP. Thủ Đức),8,8,,nhà ở,,,so hong
6300.0,96.0,"Quận 9 (TP. Thủ Đức), TP. Hồ Chí Minh",Quận 9 (TP. Thủ Đức),0,0,,nhà ở,,,so hong
2850.0,64.0,"Quận Tân Phú, TP. Hồ Chí Minh",Quận Tân Phú,2,2,,căn hộ,,,so hong
15000.0,500.0,"Quận 9 (TP. Thủ Đức), TP. Hồ Chí Minh",Quận 9 (TP. Thủ Đức),0,0,,nhà ở,,,so hong
5200.0,82.0,"Quận Tân Bình, TP. Hồ Chí Minh",Quận Tân Bình,2,2,,căn hộ,,,so hong
5860.0,52.0,"Quận 9 (TP. Thủ Đức), TP. Hồ Chí Minh",Quận 9 (TP. Thủ Đức),4,4,,nhà ở,,,so hong
50000.0,377.0,"Quận 12, TP. Hồ Chí Minh",Quận 12,6,4,,biệt thự,,,so hong
35000.0,1237.0,"Quận 12, TP. Hồ Chí Minh",Quận 12,0,0,,nhà ở,,,so hong
3800.0,82.0,"Quận Tân Phú, TP. Hồ Chí Minh",Quận Tân Phú,2,2,,căn hộ,,,hop dong mua ban
4350.0,74.0,"Quận Tân Bình, TP. Hồ Chí Minh",Quận Tân Bình,2,2,,căn hộ,,,so hong
2980.0,53.0,"Quận Tân Phú, TP. Hồ Chí Minh",Quận Tân Phú,2,1,,căn hộ,,,so hong
1700.0,77.0,"Quận Tân Phú, TP. Hồ Chí Minh",Quận Tân Phú,2,2,,căn hộ,,,hop dong mua ban
3550.0,70.0,"Quận Tân Bình, TP. Hồ Chí Minh",Quận Tân Bình,2,2,,căn hộ,,,so hong
3650.0,65.0,"Quận 11, TP. Hồ Chí Minh",Quận 11,2,2,,căn hộ,,,so hong
2100.0,64.0,"Quận Bình Tân, TP. Hồ Chí Minh",Quận Bình Tân,2,2,,căn hộ,,,hop dong mua ban
3900.0,66.0,"Quận Tân Phú, TP. Hồ Chí Minh",Quận Tân Phú,2,1,,căn hộ,,,so hong
3800.0,52.0,"Quận 11, TP. Hồ Chí Minh",Quận 11,1,1,,căn hộ,,,so hong
7200.0,80.0,"Quận Bình Tân, TP. Hồ Chí Minh",Quận Bình Tân,3,2,,nhà ở,,,so hong
4150.0,68.0,"Quận Tân Bình, TP. Hồ Chí Minh",Quận Tân Bình,6,5,,nhà ở,,,so hong
3800.0,65.0,"Quận Tân Bình, TP. Hồ Chí Minh",Quận Tân Bình,2,2,,căn hộ,,,so hong
7800.0,33.0,"Quận Bình Thạnh, TP. Hồ Chí Minh",Quận Bình Thạnh,4,4,,nhà ở,,,so hong
2800.0,52.0,"Quận Tân Phú, TP. Hồ Chí Minh",Quận Tân Phú,1,1,,căn hộ,,,so hong
2150.0,58.0,"Quận Tân Bình, TP. Hồ Chí Minh",Quận Tân Bình,2,2,,căn hộ,,,hop dong mua ban
3050.0,50.0,"Quận Tân Bình, TP. Hồ Chí Minh",Quận Tân Bình,1,1,,căn hộ,,,so hong
2650.0,58.0,"Quận Tân Phú, TP. Hồ Chí Minh",Quận Tân Phú,2,2,,căn hộ,,,hop dong mua ban
5400.0,70.0,"Quận Tân Bình, TP. Hồ Chí Minh",Quận Tân Bình,2,2,,căn hộ,,,hop dong mua ban
2160.0,48.0,"Quận Gò Vấp, TP. Hồ Chí Minh",Quận Gò Vấp,2,2,,căn hộ,,,so hong
2050.0,50.0,"Quận Gò Vấp, TP. Hồ Chí Minh",Quận Gò Vấp,2,2,,căn hộ,,,so hong
30000.0,204.0,"Quận Bình Tân, TP. Hồ Chí Minh",Quận Bình Tân,4,5,,biệt thự,,,so hong
3800.0,80.0,"Quận 10, TP. Hồ Chí Minh",Quận 10,2,2,,nhà ở,,,hop dong mua ban
6450.0,73.0,"Quận 10, TP. Hồ Chí Minh",Quận 10,2,2,,căn hộ,,,so hong
7000.0,73.0,"Quận 10, TP. Hồ Chí Minh",Quận 10,2,2,,căn hộ,,,hop dong mua ban
4300.0,61.0,"Quận 10, TP. Hồ Chí Minh",Quận 10,2,1,,nhà ở,,,so hong
3750.0,80.0,"Quận 10, TP. Hồ Chí Minh",Quận 10,2,2,,nhà ở,,,so hong
7200.0,108.0,"Quận 10, TP. Hồ Chí Minh",Quận 10,2,2,,nhà ở,,,hop dong mua ban
6400.0,86.0,"Quận 10, TP. Hồ Chí Minh",Quận 10,2,2,,nhà ở,,,hop dong mua ban
4500.0,60.0,"Quận 10, TP. Hồ Chí Minh",Quận 10,2,2,,căn hộ,,,so do
6100.0,86.0,"Quận 10, TP. Hồ Chí Minh",Quận 10,2,2,,nhà ở,,,khong xac dinh
5300.0,50.0,"Quận Gò Vấp, TP. Hồ Chí Minh",Quận Gò Vấp,3,2,,nhà ở,,,so hong
11000.0,139.0,"Quận 10, TP. Hồ Chí Minh",Quận 10,3,3,,căn hộ,,,so hong
5000.0,101.0,"Quận 10, TP. Hồ Chí Minh",Quận 10,3,2,,nhà ở,,,khong xac dinh
3550.0,50.0,"Quận 10, TP. Hồ Chí Minh",Quận 10,1,1,,căn hộ,,,hop dong mua ban
5300.0,100.0,"Quận 10, TP. Hồ Chí Minh",Quận 10,2,2,,căn hộ,,,hop dong mua ban
4900.0,72.0,"Quận 10, TP. Hồ Chí Minh",Quận 10,2,2,,căn hộ,,,khong xac dinh
5270.0,73.0,"Quận 10, TP. Hồ Chí Minh",Quận 10,2,2,,nhà ở,,,hop dong mua ban
4800.0,53.0,"Quận 10, TP. Hồ Chí Minh",Quận 10,1,1,,căn hộ,,,so do
3650.0,50.0,"Quận 10, TP. Hồ Chí Minh",Quận 10,1,1,,nhà ở,,,hop dong mua ban
6700.0,86.0,"Quận 10, TP. Hồ Chí Minh",Quận 10,2,2,,nhà ở,,,so hong
6600.0,86.0,"Quận 10, TP. Hồ Chí Minh",Quận 10,2,2,,nhà ở,,,so hong
6900.0,107.0,"Quận 10, TP. Hồ Chí Minh",Quận 10,3,2,,căn hộ,,,so hong
13000.0,140.0,"Quận 10, TP. Hồ Chí Minh",Quận 10,2,2,,nhà ở,,,giay to hop le
10800.0,128.0,"Quận 10, TP. Hồ Chí Minh",Quận 10,4,2,,nhà ở,,,khong xac dinh
5500.0,86.0,"Quận 10, TP. Hồ Chí Minh",Quận 10,3,2,,nhà ở,,,hop dong mua ban
6500.0,86.0,"Quận 10, TP. Hồ Chí Minh",Quận 10,2,2,,căn hộ,,,hop dong mua ban
7880.0,108.0,"Quận 10, TP. Hồ Chí Minh",Quận 10,3,2,,nhà ở,,,hop dong mua ban
4500.0,61.0,"Quận 10, TP. Hồ Chí Minh",Quận 10,2,2,,nhà ở,,,hop dong mua ban
15000.0,108.0,"Quận 10, TP. Hồ Chí Minh",Quận 10,3,3,,nhà ở,,,so hong
4900.0,73.0,"Quận 10, TP. Hồ Chí Minh",Quận 10,2,2,,căn hộ,,,hop dong mua ban
12000.0,152.0,"Quận 10, TP. Hồ Chí Minh",Quận 10,2,2,,nhà ở,,,hop dong mua ban
5150.0,73.0,"Quận 10, TP. Hồ Chí Minh",Quận 10,2,2,,nhà ở,,,so hong
4650.0,60.0,"Quận 10, TP. Hồ Chí Minh",Quận 10,1,1,,nhà ở,,,hop dong mua ban
5000.0,73.0,"Quận 10, TP. Hồ Chí Minh",Quận 10,1,1,,căn hộ,,,so hong
1350.0,60.0,"Quận 10, TP. Hồ Chí Minh",Quận 10,2,2,,căn hộ,,,khong xac dinh
38000.0,150.0,"Quận 10, TP. Hồ Chí Minh",Quận 10,5,5,,biệt thự,,,so hong
6500.0,87.0,"Quận 10, TP. Hồ Chí Minh",Quận 10,2,2,,căn hộ,,,hop dong mua ban
4700.0,61.0,"Quận 10, TP. Hồ Chí Minh",Quận 10,1,1,,căn hộ,,,hop dong mua ban
6250.0,86.0,"Quận 10, TP. Hồ Chí Minh",Quận 10,2,2,,nhà ở,,,hop dong mua ban
13000.0,139.0,"Quận 10, TP. Hồ Chí Minh",Quận 10,4,2,,nhà ở,,,so hong
5600.0,79.0,"Quận 10, TP. Hồ Chí Minh",Quận 10,2,2,,nhà ở,,,so hong
6450.0,86.0,"Quận 10, TP. Hồ Chí Minh",Quận 10,2,2,,nhà ở,,,hop dong mua ban
6380.0,86.0,"Quận 10, TP. Hồ Chí Minh",Quận 10,2,2,,nhà phố,,,hop dong mua ban
11000.0,138.0,"Quận 10, TP. Hồ Chí Minh",Quận 10,3,3,,nhà ở,,,hop dong mua ban
6800.0,91.0,"Quận 10, TP. Hồ Chí Minh",Quận 10,2,2,,căn hộ,,,hop dong mua ban
6650.0,86.0,"Quận 10, TP. Hồ Chí Minh",Quận 10,2,2,,nhà ở,,,hop dong mua ban
8300.0,104.0,"Quận 10, TP. Hồ Chí Minh",Quận 10,2,2,,nhà ở,,,so hong
4900.0,79.0,"Quận 10, TP. Hồ Chí Minh",Quận 10,2,2,,nhà ở,,,hop dong mua ban
8000.0,103.0,"Quận 10, TP. Hồ Chí Minh",Quận 10,3,2,,căn hộ,,,so hong
4903.0,73.0,"Quận 10, TP. Hồ Chí Minh",Quận 10,2,2,,nhà ở,,,so hong
8000.0,108.0,"Quận 10, TP. Hồ Chí Minh",Quận 10,3,2,,căn hộ,,,so do
5000.0,78.0,"Quận 10, TP. Hồ Chí Minh",Quận 10,2,2,,căn hộ,,,hop dong mua ban
5800.0,86.0,"Quận 10, TP. Hồ Chí Minh",Quận 10,2,2,,nhà ở,,,hop dong mua ban
6800.0,86.0,"Quận 10, TP. Hồ Chí Minh",Quận 10,2,2,,nhà ở,,,so hong
4623.0,60.0,"Quận 10, TP. Hồ Chí Minh",Quận 10,1,1,,căn hộ,,,so hong
6500.0,100.0,"Quận 10, TP. Hồ Chí Minh",Quận 10,3,2,,căn hộ,,,hop dong mua ban
45000.0,213.0,"Quận 7, TP. Hồ Chí Minh",Quận 7,0,0,,nhà ở,,,so hong
10000.0,112.0,"Quận 7, TP. Hồ Chí Minh",Quận 7,3,2,,nhà ở,,,so hong
8100.0,107.0,"Quận 10, TP. Hồ Chí Minh",Quận 10,3,2,,nhà ở,,,so hong
13500.0,137.0,"Quận 7, TP. Hồ Chí Minh",Quận 7,3,2,,nhà ở,,,so hong
18000.0,143.0,"Quận 7, TP. Hồ Chí Minh",Quận 7,0,0,,căn hộ,,,so hong
16000.0,87.0,"Quận 7, TP. Hồ Chí Minh",Quận 7,0,0,,nhà ở,,,so hong
11000.0,110.0,"Quận 7, TP. Hồ Chí Minh",Quận 7,3,2,,căn hộ,,,so hong
14000.0,133.0,"Quận 7, TP. Hồ Chí Minh",Quận 7,3,3,,nhà ở,,,so hong
7600.0,103.0,"Quận 10, TP. Hồ Chí Minh",Quận 10,3,2,,nhà ở,,,so hong
6350.0,86.0,"Quận 10, TP. Hồ Chí Minh",Quận 10,2,2,,nhà ở,,,so hong
8400.0,102.0,"Quận 7, TP. Hồ Chí Minh",Quận 7,2,2,,nhà ở,,,so hong
6050.0,86.0,"Quận 10, TP. Hồ Chí Minh",Quận 10,2,2,,nhà ở,,,so hong
16300.0,136.0,"Quận 7, TP. Hồ Chí Minh",Quận 7,2,2,,nhà ở,,,so hong
8360.0,107.0,"Quận 10, TP. Hồ Chí Minh",Quận 10,2,2,,căn hộ,,,hop dong mua ban
18000.0,151.0,"Quận 7, TP. Hồ Chí Minh",Quận 7,3,2,,căn hộ,,,so hong
16000.0,100.0,"Quận 7, TP. Hồ Chí Minh",Quận 7,0,0,,nhà ở,,,so hong
8000.0,112.0,"Quận 7, TP. Hồ Chí Minh",Quận 7,3,2,,căn hộ,,,so hong
5800.0,72.0,"Quận 10, TP. Hồ Chí Minh",Quận 10,2,2,,căn hộ,,,hop dong mua ban
100000.0,4526.0,"Huyện Nhà Bè, TP. Hồ Chí Minh",Huyện Nhà Bè,0,0,,nhà ở,,,so do
5200.0,79.0,"Quận 10, TP. Hồ Chí Minh",Quận 10,2,2,,căn hộ,,,hop dong mua ban
19500.0,164.0,"Quận 7, TP. Hồ Chí Minh",Quận 7,3,2,,nhà ở,,,so hong
8000.0,103.0,"Quận 7, TP. Hồ Chí Minh",Quận 7,3,2,,nhà ở,,,so hong
7000.0,86.0,"Quận 10, TP. Hồ Chí Minh",Quận 10,2,2,,nhà ở,,,so hong
40000.0,161.0,"Quận 7, TP. Hồ Chí Minh",Quận 7,10,10,,căn hộ,,,so hong
12500.0,130.0,"Quận 7, TP. Hồ Chí Minh",Quận 7,3,2,,căn hộ,,,so hong
4950.0,73.0,"Quận 10, TP. Hồ Chí Minh",Quận 10,2,2,,nhà ở,,,so hong
7200.0,77.0,"Quận 7, TP. Hồ Chí Minh",Quận 7,2,2,,căn hộ,,,hop dong mua ban
21000.0,197.0,"Quận 7, TP. Hồ Chí Minh",Quận 7,4,3,,căn hộ,,,so hong
8000.0,100.0,"Quận 7, TP. Hồ Chí Minh",Quận 7,3,2,,căn hộ,,,so hong
21000.0,100.0,"Quận 7, TP. Hồ Chí Minh",Quận 7,0,0,,nhà ở,,,so hong
8100.0,108.0,"Quận 10, TP. Hồ Chí Minh",Quận 10,3,2,,nhà ở,,,hop dong mua ban
14400.0,192.0,"Quận 9 (TP. Thủ Đức), TP. Hồ Chí Minh",Quận 9 (TP. Thủ Đức),3,3,,nhà ở,,,so hong
2650.0,54.0,"Quận Tân Bình, TP. Hồ Chí Minh",Quận Tân Bình,1,1,,căn hộ,,,hop dong mua ban
15000.0,107.0,"Quận 7, TP. Hồ Chí Minh",Quận 7,0,0,,nhà ở,,,so hong
25000.0,186.0,"Quận 9 (TP. Thủ Đức), TP. Hồ Chí Minh",Quận 9 (TP. Thủ Đức),0,0,,nhà ở,,,so hong
12000.0,67.0,"Quận 7, TP. Hồ Chí Minh",Quận 7,0,0,,nhà ở,,,so hong
9900.0,160.0,"Quận 9 (TP. Thủ Đức), TP. Hồ Chí Minh",Quận 9 (TP. Thủ Đức),0,0,,nhà ở,,,so hong
5200.0,80.0,"Quận 10, TP. Hồ Chí Minh",Quận 10,2,2,,căn hộ,,,hop dong mua ban
6500.0,70.0,"Quận 9 (TP. Thủ Đức), TP. Hồ Chí Minh",Quận 9 (TP. Thủ Đức),3,2,,nhà ở,,,so hong
6950.0,108.0,"Quận 10, TP. Hồ Chí Minh",Quận 10,3,2,,nhà ở,,,hop dong mua ban
27000.0,655.0,"Quận Thủ Đức (TP. Thủ Đức), TP. Hồ Chí Minh",Quận Thủ Đức (TP. Thủ Đức),0,0,,nhà ở,,,so hong
8150.0,106.0,"Quận 10, TP. Hồ Chí Minh",Quận 10,3,2,,nhà ở,,,so hong
9600.0,112.0,"Quận 9 (TP. Thủ Đức), TP. Hồ Chí Minh",Quận 9 (TP. Thủ Đức),0,0,,đất nền,,,so hong
6250.0,106.0,"Quận 10, TP. Hồ Chí Minh",Quận 10,2,2,,nhà ở,,,so hong
1400.0,31.0,"Quận 10, TP. Hồ Chí Minh",Quận 10,1,1,,căn hộ,,,hop dong mua ban
13700.0,132.0,"Quận 9 (TP. Thủ Đức), TP. Hồ Chí Minh",Quận 9 (TP. Thủ Đức),3,4,,nhà ở,,,so hong
7500.0,141.0,"Quận 9 (TP. Thủ Đức), TP. Hồ Chí Minh",Quận 9 (TP. Thủ Đức),2,1,,nhà ở,,,so hong
22400.0,110.0,"Quận Thủ Đức (TP. Thủ Đức), TP. Hồ Chí Minh",Quận Thủ Đức (TP. Thủ Đức),0,0,,đất nền,,,so hong
5300.0,86.0,"Quận Tân Bình, TP. Hồ Chí Minh",Quận Tân Bình,2,2,,căn hộ,,,so hong
5500.0,78.0,"Quận 10, TP. Hồ Chí Minh",Quận 10,2,2,,nhà ở,,,hop dong mua ban
9300.0,118.0,"Quận 7, TP. Hồ Chí Minh",Quận 7,3,2,,căn hộ,,,so hong
5150.0,54.0,"Quận 9 (TP. Thủ Đức), TP. Hồ Chí Minh",Quận 9 (TP. Thủ Đức),3,2,,nhà ở,,,so hong
2800.0,85.0,"Quận Tân Phú, TP. Hồ Chí Minh",Quận Tân Phú,3,2,,căn hộ,,,hop dong mua ban
7000.0,102.0,"Quận 10, TP. Hồ Chí Minh",Quận 10,3,2,,căn hộ,,,hop dong mua ban
4800.0,68.0,"Quận 9 (TP. Thủ Đức), TP. Hồ Chí Minh",Quận 9 (TP. Thủ Đức),0,0,,đất nền,,,so hong
2200.0,58.0,"Quận 12, TP. Hồ Chí Minh",Quận 12,2,2,,căn hộ,,,so hong
4300.0,60.0,"Quận 10, TP. Hồ Chí Minh",Quận 10,1,1,,nhà ở,,,so hong
5750.0,54.0,"Quận 9 (TP. Thủ Đức), TP. Hồ Chí Minh",Quận 9 (TP. Thủ Đức),4,4,,nhà ở,,,so hong
5500.0,113.0,"Quận 7, TP. Hồ Chí Minh",Quận 7,3,2,,căn hộ,,,hop dong mua ban
4700.0,71.0,"Quận 10, TP. Hồ Chí Minh",Quận 10,2,2,,nhà ở,,,hop dong mua ban
11800.0,138.0,"Quận 10, TP. Hồ Chí Minh",Quận 10,3,3,,nhà ở,,,hop dong mua ban
2750.0,60.0,"Quận Tân Bình, TP. Hồ Chí Minh",Quận Tân Bình,2,1,,căn hộ,,,hop dong mua ban
3100.0,54.0,"Quận Tân Phú, TP. Hồ Chí Minh",Quận Tân Phú,2,1,,căn hộ,,,so hong
5150.0,61.0,"Quận 10, TP. Hồ Chí Minh",Quận 10,2,2,,căn hộ,,,hop dong mua ban
1600.0,53.0,"Quận 12, TP. Hồ Chí Minh",Quận 12,2,1,,căn hộ,,,hop dong mua ban
3600.0,73.0,"Quận 7, TP. Hồ Chí Minh",Quận 7,2,2,,căn hộ,,,hop dong mua ban
2750.0,64.0,"Quận 12, TP. Hồ Chí Minh",Quận 12,2,2,,căn hộ,,,so hong
13000.0,108.0,"Quận 7, TP. Hồ Chí Minh",Quận 7,3,2,,căn hộ,,,so hong
2900.0,65.0,"Quận 12, TP. Hồ Chí Minh",Quận 12,2,2,,căn hộ,,,so hong
1200.0,48.0,"Quận 12, TP. Hồ Chí Minh",Quận 12,1,1,,căn hộ,,,hop dong mua ban
4600.0,61.0,"Quận 10, TP. Hồ Chí Minh",Quận 10,1,1,,căn hộ,,,hop dong mua ban
5500.0,128.0,"Quận 7, TP. Hồ Chí Minh",Quận 7,3,2,,căn hộ,,,hop dong mua ban
5900.0,86.0,"Quận 10, TP. Hồ Chí Minh",Quận 10,2,2,,nhà ở,,,so hong
14880.0,90.0,"Quận Bình Tân, TP. Hồ Chí Minh",Quận Bình Tân,5,5,,nhà ở,,,so hong
5900.0,108.0,"Quận 10, TP. Hồ Chí Minh",Quận 10,2,2,,nhà ở,,,so hong
6800.0,74.0,"Quận Bình Tân, TP. Hồ Chí Minh",Quận Bình Tân,4,4,,nhà ở,,,so hong
10200.0,138.0,"Quận 10, TP. Hồ Chí Minh",Quận 10,4,3,,nhà ở,,,so hong
22000.0,117.0,"Quận 7, TP. Hồ Chí Minh",Quận 7,0,0,,nhà ở,,,hop dong mua ban
8800.0,91.0,"Quận Bình Tân, TP. Hồ Chí Minh",Quận Bình Tân,4,4,,nhà ở,,,so hong
5000.0,79.0,"Quận 10, TP. Hồ Chí Minh",Quận 10,2,2,,căn hộ,,,so hong
13500.0,152.0,"Quận Bình Tân, TP. Hồ Chí Minh",Quận Bình Tân,6,6,,nhà ở,,,so hong
10000.0,200.0,"Quận 10, TP. Hồ Chí Minh",Quận 10,2,2,,căn hộ,,,hop dong mua ban
9500.0,80.0,"Quận Bình Tân, TP. Hồ Chí Minh",Quận Bình Tân,4,4,,nhà ở,,,so hong
3700.0,65.0,"Quận 4, TP. Hồ Chí Minh",Quận 4,2,2,,căn hộ,,,so hong
18600.0,85.0,"Quận Tân Phú, TP. Hồ Chí Minh",Quận Tân Phú,5,7,,nhà ở,,,so hong
3000.0,42.0,"Quận 4, TP. Hồ Chí Minh",Quận 4,1,1,,căn hộ,,,so hong
11500.0,116.0,"Quận Bình Tân, TP. Hồ Chí Minh",Quận Bình Tân,4,3,,nhà ở,,,so hong
5000.0,61.0,"Quận 10, TP. Hồ Chí Minh",Quận 10,1,1,,nhà ở,,,hop dong mua ban
10700.0,80.0,"Quận Bình Tân, TP. Hồ Chí Minh",Quận Bình Tân,4,4,,nhà ở,,,so hong
2200.0,33.0,"Quận 4, TP. Hồ Chí Minh",Quận 4,1,1,,căn hộ,,,so hong
8500.0,48.0,"Quận 6, TP. Hồ Chí Minh",Quận 6,3,4,,nhà ở,,,so hong
5030.0,73.0,"Quận 10, TP. Hồ Chí Minh",Quận 10,2,2,,nhà ở,,,so hong
5300.0,64.0,"Quận Bình Tân, TP. Hồ Chí Minh",Quận Bình Tân,3,2,,nhà ở,,,so hong
6200.0,78.0,"Quận 10, TP. Hồ Chí Minh",Quận 10,2,2,,căn hộ,,,hop dong mua ban
17900.0,146.0,"Quận Bình Tân, TP. Hồ Chí Minh",Quận Bình Tân,8,5,,nhà ở,,,so hong
23500.0,128.0,"Quận 6, TP. Hồ Chí Minh",Quận 6,6,4,,nhà ở,,,so hong
25000.0,94.0,"Quận 6, TP. Hồ Chí Minh",Quận 6,4,2,,nhà ở,,,so hong
7500.0,52.0,"Quận Bình Tân, TP. Hồ Chí Minh",Quận Bình Tân,5,5,,nhà ở,,,so hong
27000.0,153.0,"Quận 6, TP. Hồ Chí Minh",Quận 6,12,14,,nhà ở,,,so hong
7500.0,80.0,"Quận Bình Tân, TP. Hồ Chí Minh",Quận Bình Tân,2,2,,nhà ở,,,so hong
9000.0,106.0,"Quận 10, TP. Hồ Chí Minh",Quận 10,3,2,,nhà ở,,,hop dong mua ban
16200.0,270.0,"Quận Bình Tân, TP. Hồ Chí Minh",Quận Bình Tân,0,0,,nhà ở,,,so hong
12400.0,120.0,"Quận Bình Tân, TP. Hồ Chí Minh",Quận Bình Tân,0,0,,nhà ở,,,so hong
2300.0,33.0,"Quận 4, TP. Hồ Chí Minh",Quận 4,1,0,,căn hộ,,,so hong
5800.0,60.0,"Quận 10, TP. Hồ Chí Minh",Quận 10,2,1,,nhà ở,,,so hong
13000.0,129.0,"Quận 7, TP. Hồ Chí Minh",Quận 7,3,2,,căn hộ,,,hop dong mua ban
9900.0,52.0,"Quận 6, TP. Hồ Chí Minh",Quận 6,4,4,,nhà ở,,,so hong
12000.0,124.0,"Quận 7, TP. Hồ Chí Minh",Quận 7,2,2,,căn hộ,,,so hong
9850.0,64.0,"Quận 6, TP. Hồ Chí Minh",Quận 6,5,5,,nhà ở,,,so hong
5200.0,68.0,"Quận 7, TP. Hồ Chí Minh",Quận 7,2,2,,căn hộ,,,hop dong mua ban
2080.0,52.0,"Quận Bình Thạnh, TP. Hồ Chí Minh",Quận Bình Thạnh,2,2,,nhà ở,,,so hong
24000.0,160.0,"Quận 6, TP. Hồ Chí Minh",Quận 6,4,2,,nhà ở,,,so hong
11700.0,80.0,"Quận Bình Tân, TP. Hồ Chí Minh",Quận Bình Tân,6,4,,nhà ở,,,so hong
2300.0,51.0,"Quận Bình Thạnh, TP. Hồ Chí Minh",Quận Bình Thạnh,2,2,,căn hộ,,,so hong
6950.0,68.0,"Quận Bình Tân, TP. Hồ Chí Minh",Quận Bình Tân,4,3,,nhà ở,,,so hong
13500.0,210.0,"Quận 10, TP. Hồ Chí Minh",Quận 10,3,2,,nhà ở,,,so hong
2150.0,51.0,"Quận Gò Vấp, TP. Hồ Chí Minh",Quận Gò Vấp,2,2,,căn hộ,,,so hong
29000.0,162.0,"Quận Tân Phú, TP. Hồ Chí Minh",Quận Tân Phú,6,3,,nhà ở,,,so hong
37000.0,168.0,"Quận 6, TP. Hồ Chí Minh",Quận 6,12,14,,nhà ở,,,so hong
13000.0,122.0,"Quận 10, TP. Hồ Chí Minh",Quận 10,3,2,,nhà ở,,,hop dong mua ban
6100.0,56.0,"Quận Bình Tân, TP. Hồ Chí Minh",Quận Bình Tân,3,2,,nhà ở,,,so hong
7200.0,78.0,"Quận 7, TP. Hồ Chí Minh",Quận 7,2,2,,căn hộ,,,so hong
17500.0,90.0,"Quận 6, TP. Hồ Chí Minh",Quận 6,6,4,,nhà ở,,,so hong
7700.0,103.0,"Quận 10, TP. Hồ Chí Minh",Quận 10,3,2,,căn hộ,,,so hong
13600.0,110.0,"Quận 7, TP. Hồ Chí Minh",Quận 7,3,3,,căn hộ,,,so hong
3600.0,50.0,"Quận 10, TP. Hồ Chí Minh",Quận 10,1,1,,nhà ở,,,so hong
4650.0,61.0,"Quận 10, TP. Hồ Chí Minh",Quận 10,1,1,,căn hộ,,,giay to hop le
3350.0,75.0,"Quận Bình Tân, TP. Hồ Chí Minh",Quận Bình Tân,3,2,,căn hộ,,,so hong
8000.0,107.0,"Quận 10, TP. Hồ Chí Minh",Quận 10,3,2,,nhà ở,,,khong xac dinh
3850.0,70.0,"Quận Tân Phú, TP. Hồ Chí Minh",Quận Tân Phú,2,2,,căn hộ,,,hop dong mua ban
5300.0,113.0,"Quận 7, TP. Hồ Chí Minh",Quận 7,3,2,,căn hộ,,,hop dong mua ban
6200.0,86.0,"Quận 10, TP. Hồ Chí Minh",Quận 10,2,2,,nhà ở,,,hop dong mua ban
7300.0,86.0,"Quận 10, TP. Hồ Chí Minh",Quận 10,2,2,,nhà ở,,,khong xac dinh
5750.0,113.0,"Quận 7, TP. Hồ Chí Minh",Quận 7,3,2,,căn hộ,,,hop dong mua ban
4300.0,53.0,"Quận 10, TP. Hồ Chí Minh",Quận 10,2,2,,nhà ở,,,so hong
3500.0,50.0,"Quận 10, TP. Hồ Chí Minh",Quận 10,1,1,,căn hộ,,,khong xac dinh
7400.0,160.0,"Quận 12, TP. Hồ Chí Minh",Quận 12,0,0,,nhà ở,,,so hong
16500.0,120.0,"Quận Bình Thạnh, TP. Hồ Chí Minh",Quận Bình Thạnh,4,5,,nhà ở,,,so hong
7000.0,78.0,"Quận 7, TP. Hồ Chí Minh",Quận 7,2,2,,căn hộ,,,so hong
5250.0,105.0,"Quận Tân Phú, TP. Hồ Chí Minh",Quận Tân Phú,3,2,,căn hộ,,,so hong
22000.0,400.0,"Quận 12, TP. Hồ Chí Minh",Quận 12,0,0,,đất nền,,,so do
2150.0,60.0,"Quận Tân Phú, TP. Hồ Chí Minh",Quận Tân Phú,2,2,,căn hộ,,,hop dong mua ban
14800.0,100.0,"Quận Bình Thạnh, TP. Hồ Chí Minh",Quận Bình Thạnh,4,5,,nhà ở,,,so hong
5500.0,117.0,"Quận 7, TP. Hồ Chí Minh",Quận 7,3,2,,căn hộ,,,hop dong mua ban
9800.0,98.0,"Quận 7, TP. Hồ Chí Minh",Quận 7,3,2,,căn hộ,,,so hong
51000.0,845.0,"Quận 12, TP. Hồ Chí Minh",Quận 12,8,8,,biệt thự,,,so hong
26500.0,723.0,"Quận 12, TP. Hồ Chí Minh",Quận 12,0,0,,nhà ở,,,so hong
7800.0,107.0,"Quận 10, TP. Hồ Chí Minh",Quận 10,2,2,,nhà ở,,,hop dong mua ban
27000.0,1023.0,"Quận 12, TP. Hồ Chí Minh",Quận 12,0,0,,nhà ở,,,so do
40000.0,1726.0,"Quận 12, TP. Hồ Chí Minh",Quận 12,0,0,,nhà ở,,,so hong
50000.0,1259.0,"Quận 12, TP. Hồ Chí Minh",Quận 12,0,0,,nhà ở,,,so hong
2500.0,48.0,"Quận Tân Phú, TP. Hồ Chí Minh",Quận Tân Phú,2,1,,căn hộ,,,so hong
5890.0,87.0,"Quận 10, TP. Hồ Chí Minh",Quận 10,2,2,,căn hộ,,,hop dong mua ban
2750.0,52.0,"Quận Tân Phú, TP. Hồ Chí Minh",Quận Tân Phú,1,1,,căn hộ,,,so hong
7900.0,60.0,"Quận Bình Thạnh, TP. Hồ Chí Minh",Quận Bình Thạnh,4,5,,nhà ở,,,so hong
5200.0,78.0,"Quận 10, TP. Hồ Chí Minh",Quận 10,2,2,,căn hộ,,,hop dong mua ban
5300.0,104.0,"Quận Tân Phú, TP. Hồ Chí Minh",Quận Tân Phú,3,2,,căn hộ,,,so hong
7000.0,108.0,"Quận 10, TP. Hồ Chí Minh",Quận 10,3,2,,nhà ở,,,khong xac dinh
5100.0,100.0,"Quận Tân Phú, TP. Hồ Chí Minh",Quận Tân Phú,3,2,,căn hộ,,,so hong
3100.0,64.0,"Quận Tân Phú, TP. Hồ Chí Minh",Quận Tân Phú,2,2,,căn hộ,,,hop dong mua ban
5070.0,73.0,"Quận 10, TP. Hồ Chí Minh",Quận 10,2,2,,căn hộ,,,so do
5300.0,73.0,"Quận 10, TP. Hồ Chí Minh",Quận 10,2,2,,nhà ở,,,so hong
4400.0,61.0,"Quận 10, TP. Hồ Chí Minh",Quận 10,2,2,,nhà ở,,,hop dong mua ban
19000.0,185.0,"Quận Bình Thạnh, TP. Hồ Chí Minh",Quận Bình Thạnh,0,0,,biệt thự,,,so hong
30000.0,240.0,"Quận Bình Thạnh, TP. Hồ Chí Minh",Quận Bình Thạnh,5,6,,biệt thự,,,so hong
12600.0,180.0,"Quận 10, TP. Hồ Chí Minh",Quận 10,2,2,,nhà ở,,,hop dong mua ban
5200.0,100.0,"Quận 10, TP. Hồ Chí Minh",Quận 10,2,2,,nhà ở,,,so hong
20000.0,147.0,"Quận 7, TP. Hồ Chí Minh",Quận 7,3,2,,căn hộ,,,so hong
5600.0,78.0,"Quận 10, TP. Hồ Chí Minh",Quận 10,1,1,,căn hộ,,,hop dong mua ban
10200.0,76.0,"Quận Bình Thạnh, TP. Hồ Chí Minh",Quận Bình Thạnh,0,0,,đất nền,,,khong xac dinh
3750.0,48.0,"Quận 10, TP. Hồ Chí Minh",Quận 10,1,1,,căn hộ,,,hop dong mua ban
3800.0,140.0,"Quận 10, TP. Hồ Chí Minh",Quận 10,2,2,,căn hộ,,,so hong
6300.0,87.0,"Quận 10, TP. Hồ Chí Minh",Quận 10,2,2,,nhà ở,,,hop dong mua ban
6660.0,86.0,"Quận 10, TP. Hồ Chí Minh",Quận 10,2,2,,nhà ở,,,hop dong mua ban
7999.0,107.0,"Quận 10, TP. Hồ Chí Minh",Quận 10,2,2,,căn hộ,,,khong xac dinh
1800.0,44.0,"Quận 10, TP. Hồ Chí Minh",Quận 10,1,1,,nhà ở,,,giay to hop le
2000.0,60.0,"Quận 10, TP. Hồ Chí Minh",Quận 10,1,1,,căn hộ,,,giay to hop le
11000.0,66.0,"Quận 2 (TP. Thủ Đức), TP. Hồ Chí Minh",Quận 2 (TP. Thủ Đức),4,4,,nhà ở,,,so hong
7400.0,62.0,"Quận 2 (TP. Thủ Đức), TP. Hồ Chí Minh",Quận 2 (TP. Thủ Đức),3,3,,nhà ở,,,so hong
7500.0,52.0,"Quận 2 (TP. Thủ Đức), TP. Hồ Chí Minh",Quận 2 (TP. Thủ Đức),3,4,,nhà ở,,,so hong
16000.0,80.0,"Quận 2 (TP. Thủ Đức), TP. Hồ Chí Minh",Quận 2 (TP. Thủ Đức),5,4,,nhà phố,,,so hong
8200.0,103.0,"Quận 10, TP. Hồ Chí Minh",Quận 10,3,2,,căn hộ,,,hop dong mua ban
7500.0,73.0,"Quận 2 (TP. Thủ Đức), TP. Hồ Chí Minh",Quận 2 (TP. Thủ Đức),3,3,,nhà ở,,,so hong
2750.0,83.0,"Quận Bình Tân, TP. Hồ Chí Minh",Quận Bình Tân,3,2,,căn hộ,,,hop dong mua ban
9200.0,114.0,"Quận 7, TP. Hồ Chí Minh",Quận 7,3,2,,căn hộ,,,so hong
80000.0,486.0,"Quận 2 (TP. Thủ Đức), TP. Hồ Chí Minh",Quận 2 (TP. Thủ Đức),0,0,,nhà ở,,,so do
44548.0,318.0,"Quận 2 (TP. Thủ Đức), TP. Hồ Chí Minh",Quận 2 (TP. Thủ Đức),0,1,,nhà ở,,,so hong
8600.0,108.0,"Quận 10, TP. Hồ Chí Minh",Quận 10,3,2,,nhà ở,,,so hong
4800.0,72.0,"Quận Tân Bình, TP. Hồ Chí Minh",Quận Tân Bình,2,2,,căn hộ,,,so hong
24000.0,160.0,"Quận 2 (TP. Thủ Đức), TP. Hồ Chí Minh",Quận 2 (TP. Thủ Đức),6,7,,nhà ở,,,so hong
4500.0,54.0,"Quận 10, TP. Hồ Chí Minh",Quận 10,1,1,,nhà ở,,,hop dong mua ban
26990.0,309.0,"Quận 2 (TP. Thủ Đức), TP. Hồ Chí Minh",Quận 2 (TP. Thủ Đức),5,5,,biệt thự,,,so hong
14400.0,86.0,"Quận 9 (TP. Thủ Đức), TP. Hồ Chí Minh",Quận 9 (TP. Thủ Đức),2,1,,nhà ở,,,so hong
22500.0,80.0,"Quận 2 (TP. Thủ Đức), TP. Hồ Chí Minh",Quận 2 (TP. Thủ Đức),0,0,,nhà ở,,,so do
3700.0,102.0,"Quận 10, TP. Hồ Chí Minh",Quận 10,2,2,,nhà ở,,,hop dong mua ban
5500.0,72.0,"Quận 10, TP. Hồ Chí Minh",Quận 10,2,2,,căn hộ,,,so hong
16000.0,108.0,"Quận 2 (TP. Thủ Đức), TP. Hồ Chí Minh",Quận 2 (TP. Thủ Đức),4,5,,nhà phố,,,so hong
14300.0,218.0,"Quận 2 (TP. Thủ Đức), TP. Hồ Chí Minh",Quận 2 (TP. Thủ Đức),0,0,,đất nền,,,so do
7600.0,50.0,"Quận 2 (TP. Thủ Đức), TP. Hồ Chí Minh",Quận 2 (TP. Thủ Đức),4,5,,nhà ở,,,so hong
8000.0,75.0,"Quận Bình Tân, TP. Hồ Chí Minh",Quận Bình Tân,3,3,,nhà ở,,,so hong
9500.0,72.0,"Quận Bình Tân, TP. Hồ Chí Minh",Quận Bình Tân,4,5,,nhà ở,,,so hong
10500.0,161.0,"Quận 2 (TP. Thủ Đức), TP. Hồ Chí Minh",Quận 2 (TP. Thủ Đức),0,0,,nhà ở,,,so do
14000.0,99.0,"Quận Bình Tân, TP. Hồ Chí Minh",Quận Bình Tân,0,0,,nhà ở,,,so hong
15500.0,100.0,"Quận Bình Tân, TP. Hồ Chí Minh",Quận Bình Tân,4,5,,nhà ở,,,so hong
24000.0,100.0,"Quận 2 (TP. Thủ Đức), TP. Hồ Chí Minh",Quận 2 (TP. Thủ Đức),0,0,,nhà ở,,,so do
16000.0,123.0,"Quận 6, TP. Hồ Chí Minh",Quận 6,1,1,,nhà ở,,,so hong
8400.0,37.0,"Quận 6, TP. Hồ Chí Minh",Quận 6,5,4,,nhà ở,,,so hong
12500.0,76.0,"Quận 6, TP. Hồ Chí Minh",Quận 6,5,5,,nhà ở,,,so hong
7600.0,73.0,"Quận 2 (TP. Thủ Đức), TP. Hồ Chí Minh",Quận 2 (TP. Thủ Đức),3,3,,nhà ở,,,so hong
8100.0,72.0,"Quận Bình Tân, TP. Hồ Chí Minh",Quận Bình Tân,1,1,,nhà ở,,,so hong
10000.0,68.0,"Quận Bình Tân, TP. Hồ Chí Minh",Quận Bình Tân,4,4,,nhà ở,,,so hong
31000.0,141.0,"Quận 2 (TP. Thủ Đức), TP. Hồ Chí Minh",Quận 2 (TP. Thủ Đức),0,1,,nhà ở,,,so hong
7380.0,40.0,"Quận Bình Tân, TP. Hồ Chí Minh",Quận Bình Tân,4,3,,nhà ở,,,so hong
3100.0,76.0,"Quận Tân Phú, TP. Hồ Chí Minh",Quận Tân Phú,2,2,,căn hộ,,,so hong
14000.0,76.0,"Quận 6, TP. Hồ Chí Minh",Quận 6,10,11,,nhà ở,,,so hong
65000.0,941.0,"Quận 2 (TP. Thủ Đức), TP. Hồ Chí Minh",Quận 2 (TP. Thủ Đức),0,0,,nhà ở,,,so do
31200.0,200.0,"Quận Bình Tân, TP. Hồ Chí Minh",Quận Bình Tân,5,4,,biệt thự,,,so hong
33000.0,200.0,"Quận Bình Tân, TP. Hồ Chí Minh",Quận Bình Tân,12,14,,nhà ở,,,so hong
18000.0,276.0,"Quận 2 (TP. Thủ Đức), TP. Hồ Chí Minh",Quận 2 (TP. Thủ Đức),0,0,,đất nền,,,so do
4850.0,71.0,"Quận Tân Phú, TP. Hồ Chí Minh",Quận Tân Phú,2,2,,căn hộ,,,hop dong mua ban
30000.0,240.0,"Quận Bình Tân, TP. Hồ Chí Minh",Quận Bình Tân,4,5,,biệt thự,,,so hong
19316.0,176.0,"Quận 2 (TP. Thủ Đức), TP. Hồ Chí Minh",Quận 2 (TP. Thủ Đức),0,0,,biệt thự,,,so do
1600.0,70.0,"Quận Tân Phú, TP. Hồ Chí Minh",Quận Tân Phú,2,2,,căn hộ,,,hop dong mua ban
15500.0,80.0,"Quận Bình Tân, TP. Hồ Chí Minh",Quận Bình Tân,5,4,,nhà ở,,,so hong
8900.0,79.0,"Quận 2 (TP. Thủ Đức), TP. Hồ Chí Minh",Quận 2 (TP. Thủ Đức),0,0,,nhà ở,,,so hong
3650.0,90.0,"Quận Tân Bình, TP. Hồ Chí Minh",Quận Tân Bình,2,2,,căn hộ,,,so hong
9200.0,70.0,"Quận 6, TP. Hồ Chí Minh",Quận 6,3,3,,nhà ở,,,so hong
23000.0,200.0,"Quận 2 (TP. Thủ Đức), TP. Hồ Chí Minh",Quận 2 (TP. Thủ Đức),0,0,,biệt thự,,,so do
3350.0,52.0,"Quận Tân Phú, TP. Hồ Chí Minh",Quận Tân Phú,1,1,,căn hộ,,,so hong
9150.0,80.0,"Quận Bình Tân, TP. Hồ Chí Minh",Quận Bình Tân,0,0,,nhà ở,,,so do
7500.0,87.0,"Quận 2 (TP. Thủ Đức), TP. Hồ Chí Minh",Quận 2 (TP. Thủ Đức),3,3,,nhà ở,,,so hong
12200.0,90.0,"Quận 6, TP. Hồ Chí Minh",Quận 6,5,6,,nhà ở,,,so hong
9000.0,121.0,"Quận 2 (TP. Thủ Đức), TP. Hồ Chí Minh",Quận 2 (TP. Thủ Đức),0,0,,nhà ở,,,so hong
21000.0,128.0,"Quận 6, TP. Hồ Chí Minh",Quận 6,10,4,,nhà ở,,,so hong
34320.0,312.0,"Quận 9 (TP. Thủ Đức), TP. Hồ Chí Minh",Quận 9 (TP. Thủ Đức),0,0,,nhà ở,,,so do
10700.0,80.0,"Quận 6, TP. Hồ Chí Minh",Quận 6,5,5,,nhà ở,,,so hong
12800.0,71.0,"Quận 2 (TP. Thủ Đức), TP. Hồ Chí Minh",Quận 2 (TP. Thủ Đức),5,5,,nhà ở,,,so hong
13000.0,68.0,"Quận 6, TP. Hồ Chí Minh",Quận 6,4,4,,nhà ở,,,so hong
15200.0,82.0,"Quận 6, TP. Hồ Chí Minh",Quận 6,1,1,,nhà ở,,,so hong
13000.0,200.0,"Quận 2 (TP. Thủ Đức), TP. Hồ Chí Minh",Quận 2 (TP. Thủ Đức),4,3,,căn hộ,,,hop dong mua ban
8200.0,42.0,"Quận 6, TP. Hồ Chí Minh",Quận 6,3,4,,nhà ở,,,so hong
38000.0,183.0,"Quận 6, TP. Hồ Chí Minh",Quận 6,8,9,,biệt thự,,,so hong
12400.0,86.0,"Quận Gò Vấp, TP. Hồ Chí Minh",Quận Gò Vấp,5,6,,biệt thự,,,so hong
14200.0,100.0,"Quận Bình Tân, TP. Hồ Chí Minh",Quận Bình Tân,4,5,,nhà ở,,,so hong
10400.0,115.0,"Huyện Hóc Môn, TP. Hồ Chí Minh",Huyện Hóc Môn,10,10,,nhà ở,,,so hong
13800.0,100.0,"Quận Bình Tân, TP. Hồ Chí Minh",Quận Bình Tân,4,5,,nhà ở,,,so hong
13400.0,95.0,"Quận Tân Phú, TP. Hồ Chí Minh",Quận Tân Phú,6,6,,nhà ở,,,so hong
12000.0,96.0,"Quận 6, TP. Hồ Chí Minh",Quận 6,0,0,,nhà ở,,,so do
9400.0,76.0,"Quận Bình Tân, TP. Hồ Chí Minh",Quận Bình Tân,6,6,,nhà ở,,,so hong
9200.0,92.0,"Quận Bình Tân, TP. Hồ Chí Minh",Quận Bình Tân,4,4,,nhà ở,,,so hong
12400.0,95.0,"Quận Bình Tân, TP. Hồ Chí Minh",Quận Bình Tân,4,4,,nhà ở,,,so hong
8200.0,64.0,"Quận 6, TP. Hồ Chí Minh",Quận 6,2,2,,nhà ở,,,so hong
9600.0,85.0,"Quận Bình Tân, TP. Hồ Chí Minh",Quận Bình Tân,5,6,,nhà ở,,,so hong
12000.0,72.0,"Quận 6, TP. Hồ Chí Minh",Quận 6,3,3,,nhà ở,,,so hong
11200.0,110.0,"Quận Tân Phú, TP. Hồ Chí Minh",Quận Tân Phú,4,4,,nhà ở,,,so hong
8700.0,85.0,"Quận Bình Tân, TP. Hồ Chí Minh",Quận Bình Tân,3,3,,nhà ở,,,so hong
11900.0,95.0,"Quận Tân Bình, TP. Hồ Chí Minh",Quận Tân Bình,4,3,,nhà ở,,,so hong
8700.0,60.0,"Quận 6, TP. Hồ Chí Minh",Quận 6,4,3,,nhà ở,,,so hong
8500.0,60.0,"Quận Tân Phú, TP. Hồ Chí Minh",Quận Tân Phú,4,4,,nhà ở,,,so hong
13500.0,78.0,"Quận 6, TP. Hồ Chí Minh",Quận 6,5,6,,nhà ở,,,so hong
10500.0,64.0,"Quận 6, TP. Hồ Chí Minh",Quận 6,5,5,,nhà ở,,,so hong
23900.0,168.0,"Quận Bình Tân, TP. Hồ Chí Minh",Quận Bình Tân,4,4,,biệt thự,,,so hong
10800.0,144.0,"Quận 6, TP. Hồ Chí Minh",Quận 6,4,5,,nhà ở,,,so hong
27000.0,180.0,"Quận Bình Tân, TP. Hồ Chí Minh",Quận Bình Tân,9,9,,nhà ở,,,so hong
2300.0,64.0,"Quận Bình Tân, TP. Hồ Chí Minh",Quận Bình Tân,2,2,,căn hộ,,,hop dong mua ban
9500.0,66.0,"Quận 6, TP. Hồ Chí Minh",Quận 6,5,5,,nhà ở,,,so hong
4680.0,80.0,"Quận Tân Phú, TP. Hồ Chí Minh",Quận Tân Phú,3,2,,căn hộ,,,so hong
16000.0,72.0,"Quận 6, TP. Hồ Chí Minh",Quận 6,5,6,,nhà ở,,,so hong
47000.0,200.0,"Quận Bình Tân, TP. Hồ Chí Minh",Quận Bình Tân,9,9,,biệt thự,,,so hong
18000.0,120.0,"Quận 6, TP. Hồ Chí Minh",Quận 6,5,6,,nhà ở,,,so hong
14500.0,102.0,"Quận Bình Tân, TP. Hồ Chí Minh",Quận Bình Tân,5,4,,biệt thự,,,so hong
10700.0,72.0,"Quận 6, TP. Hồ Chí Minh",Quận 6,4,5,,nhà ở,,,so hong
1450.0,45.0,"Quận Tân Phú, TP. Hồ Chí Minh",Quận Tân Phú,1,1,,căn hộ,,,hop dong mua ban
12000.0,90.0,"Quận Bình Tân, TP. Hồ Chí Minh",Quận Bình Tân,4,5,,nhà ở,,,so hong
9400.0,84.0,"Quận Bình Tân, TP. Hồ Chí Minh",Quận Bình Tân,3,3,,nhà ở,,,so hong
6800.0,58.0,"Quận 3, TP. Hồ Chí Minh",Quận 3,2,1,,căn hộ,,,so hong
27000.0,120.0,"Quận Bình Tân, TP. Hồ Chí Minh",Quận Bình Tân,5,6,,nhà ở,,,so hong
2900.0,62.0,"Quận Bình Tân, TP. Hồ Chí Minh",Quận Bình Tân,2,2,,căn hộ,,,so hong
10800.0,84.0,"Quận Bình Tân, TP. Hồ Chí Minh",Quận Bình Tân,4,5,,nhà ở,,,so hong
11500.0,64.0,"Quận Bình Tân, TP. Hồ Chí Minh",Quận Bình Tân,4,3,,nhà ở,,,so hong
3520.0,68.0,"Quận Tân Phú, TP. Hồ Chí Minh",Quận Tân Phú,2,2,,căn hộ,,,so hong
12800.0,95.0,"Quận 6, TP. Hồ Chí Minh",Quận 6,3,3,,nhà ở,,,so hong
27000.0,200.0,"Quận Bình Tân, TP. Hồ Chí Minh",Quận Bình Tân,5,5,,biệt thự,,,so hong
9400.0,74.0,"Quận 6, TP. Hồ Chí Minh",Quận 6,6,5,,nhà ở,,,so hong
14800.0,67.0,"Quận 6, TP. Hồ Chí Minh",Quận 6,4,3,,nhà ở,,,so hong
8200.0,64.0,"Quận Bình Tân, TP. Hồ Chí Minh",Quận Bình Tân,4,5,,nhà ở,,,so hong
24000.0,180.0,"Quận 6, TP. Hồ Chí Minh",Quận 6,0,0,,biệt thự,,,so do
15700.0,90.0,"Quận Bình Tân, TP. Hồ Chí Minh",Quận Bình Tân,4,5,,nhà ở,,,so hong
8200.0,48.0,"Quận 6, TP. Hồ Chí Minh",Quận 6,4,3,,nhà ở,,,so hong
55000.0,400.0,"Quận Bình Tân, TP. Hồ Chí Minh",Quận Bình Tân,5,5,,biệt thự,,,so hong
9200.0,85.0,"Quận Bình Tân, TP. Hồ Chí Minh",Quận Bình Tân,0,0,,nhà ở,,,so do
18000.0,88.0,"Quận 6, TP. Hồ Chí Minh",Quận 6,4,4,,nhà ở,,,so hong
25000.0,100.0,"Quận Bình Tân, TP. Hồ Chí Minh",Quận Bình Tân,4,5,,nhà ở,,,so hong
8500.0,72.0,"Quận Bình Tân, TP. Hồ Chí Minh",Quận Bình Tân,3,4,,nhà ở,,,so hong
8500.0,61.0,"Quận 6, TP. Hồ Chí Minh",Quận 6,5,5,,nhà ở,,,so hong
10800.0,48.0,"Quận 6, TP. Hồ Chí Minh",Quận 6,6,4,,nhà ở,,,so hong
8800.0,90.0,"Quận 6, TP. Hồ Chí Minh",Quận 6,1,1,,nhà ở,,,so hong
8000.0,50.0,"Quận Bình Tân, TP. Hồ Chí Minh",Quận Bình Tân,4,3,,nhà ở,,,so hong
8200.0,87.0,"Quận 6, TP. Hồ Chí Minh",Quận 6,1,1,,nhà ở,,,so hong
21500.0,80.0,"Quận 6, TP. Hồ Chí Minh",Quận 6,4,5,,nhà ở,,,so hong
5990.0,73.0,"Huyện Nhà Bè, TP. Hồ Chí Minh",Huyện Nhà Bè,2,2,,căn hộ,,,so hong
11000.0,122.0,"Quận 7, TP. Hồ Chí Minh",Quận 7,3,2,,căn hộ,,,so hong
21000.0,170.0,"Quận 7, TP. Hồ Chí Minh",Quận 7,4,3,,nhà ở,,,so hong
9200.0,46.0,"Quận 6, TP. Hồ Chí Minh",Quận 6,5,5,,nhà ở,,,so hong
5800.0,80.0,"Huyện Nhà Bè, TP. Hồ Chí Minh",Huyện Nhà Bè,1,1,,nhà ở,,,so do
2000.0,130.0,"Quận 7, TP. Hồ Chí Minh",Quận 7,3,2,,căn hộ,,,so hong
10900.0,112.0,"Quận 7, TP. Hồ Chí Minh",Quận 7,3,2,,căn hộ,,,so hong
10500.0,80.0,"Quận 7, TP. Hồ Chí Minh",Quận 7,2,2,,căn hộ,,,so hong
20000.0,244.0,"Quận 7, TP. Hồ Chí Minh",Quận 7,5,4,,nhà ở,,,so hong
18000.0,122.0,"Quận 7, TP. Hồ Chí Minh",Quận 7,2,2,,căn hộ,,,so hong
20000.0,130.0,"Quận 7, TP. Hồ Chí Minh",Quận 7,3,2,,căn hộ,,,so hong
18500.0,122.0,"Quận 7, TP. Hồ Chí Minh",Quận 7,2,2,,căn hộ,,,so hong
11200.0,112.0,"Quận 7, TP. Hồ Chí Minh",Quận 7,3,2,,căn hộ,,,so hong
19200.0,122.0,"Quận 7, TP. Hồ Chí Minh",Quận 7,3,2,,căn hộ,,,so hong
19000.0,107.0,"Quận 7, TP. Hồ Chí Minh",Quận 7,3,3,,nhà ở,,,so hong
19100.0,122.0,"Quận 7, TP. Hồ Chí Minh",Quận 7,3,2,,căn hộ,,,so hong
10500.0,74.0,"Quận 6, TP. Hồ Chí Minh",Quận 6,5,5,,nhà ở,,,so hong
12500.0,155.0,"Quận 7, TP. Hồ Chí Minh",Quận 7,4,4,,nhà ở,,,so hong
10000.0,122.0,"Quận 7, TP. Hồ Chí Minh",Quận 7,3,2,,căn hộ,,,so hong
21000.0,244.0,"Quận 7, TP. Hồ Chí Minh",Quận 7,4,4,,nhà ở,,,so hong
34500.0,240.0,"Quận 7, TP. Hồ Chí Minh",Quận 7,5,4,,căn hộ,,,so hong
70000.0,235.0,"Quận 1, TP. Hồ Chí Minh",Quận 1,3,2,,căn hộ,,,so hong
49000.0,190.0,"Quận 1, TP. Hồ Chí Minh",Quận 1,3,2,,căn hộ,,,so hong
5100.0,94.0,"Quận Tân Phú, TP. Hồ Chí Minh",Quận Tân Phú,3,2,,căn hộ,,,so hong
9700.0,94.0,"Quận 7, TP. Hồ Chí Minh",Quận 7,2,2,,căn hộ,,,so hong
3250.0,56.0,"Quận 7, TP. Hồ Chí Minh",Quận 7,2,1,,căn hộ,,,so hong
55000.0,190.0,"Quận 1, TP. Hồ Chí Minh",Quận 1,3,3,,căn hộ,,,so hong
7200.0,56.0,"Quận 6, TP. Hồ Chí Minh",Quận 6,0,0,,nhà ở,,,so do
51000.0,190.0,"Quận 1, TP. Hồ Chí Minh",Quận 1,3,3,,căn hộ,,,so hong
18000.0,100.0,"Quận 7, TP. Hồ Chí Minh",Quận 7,2,2,,căn hộ,,,so hong
4200.0,103.0,"Quận Tân Phú, TP. Hồ Chí Minh",Quận Tân Phú,3,2,,căn hộ,,,so hong
10500.0,69.0,"Quận 6, TP. Hồ Chí Minh",Quận 6,0,0,,đất nền,,,so do
19000.0,130.0,"Quận 7, TP. Hồ Chí Minh",Quận 7,3,2,,căn hộ,,,so hong
11300.0,113.0,"Quận 7, TP. Hồ Chí Minh",Quận 7,3,2,,căn hộ,,,so hong
19000.0,122.0,"Quận 7, TP. Hồ Chí Minh",Quận 7,2,2,,nhà ở,,,so hong
13800.0,130.0,"Quận 7, TP. Hồ Chí Minh",Quận 7,3,2,,căn hộ,,,so hong
2390.0,51.0,"Quận Tân Phú, TP. Hồ Chí Minh",Quận Tân Phú,2,1,,căn hộ,,,so hong
9700.0,96.0,"Quận 7, TP. Hồ Chí Minh",Quận 7,2,2,,căn hộ,,,so hong
15500.0,205.0,"Quận Bình Tân, TP. Hồ Chí Minh",Quận Bình Tân,3,3,,biệt thự,,,so hong
8900.0,57.0,"Quận Bình Tân, TP. Hồ Chí Minh",Quận Bình Tân,4,5,,nhà ở,,,so hong
22000.0,160.0,"Quận Bình Tân, TP. Hồ Chí Minh",Quận Bình Tân,8,8,,nhà ở,,,so hong
10500.0,90.0,"Quận Bình Tân, TP. Hồ Chí Minh",Quận Bình Tân,0,0,,nhà ở,,,so do
9400.0,64.0,"Quận 6, TP. Hồ Chí Minh",Quận 6,4,3,,nhà ở,,,so hong
36000.0,156.0,"Quận 6, TP. Hồ Chí Minh",Quận 6,6,6,,nhà ở,,,so hong
12300.0,90.0,"Quận Bình Tân, TP. Hồ Chí Minh",Quận Bình Tân,4,5,,nhà ở,,,so hong
5200.0,25.0,"Quận 3, TP. Hồ Chí Minh",Quận 3,3,4,,nhà ở,,,so hong
9180.0,66.0,"Quận 6, TP. Hồ Chí Minh",Quận 6,5,6,,nhà ở,,,so hong
15000.0,100.0,"Quận Bình Tân, TP. Hồ Chí Minh",Quận Bình Tân,5,5,,nhà ở,,,so hong
8680.0,35.0,"Quận 3, TP. Hồ Chí Minh",Quận 3,3,3,,nhà ở,,,so hong
3400.0,39.0,"Quận Phú Nhuận, TP. Hồ Chí Minh",Quận Phú Nhuận,1,1,,căn hộ,,,hop dong mua ban
37000.0,180.0,"Quận Bình Tân, TP. Hồ Chí Minh",Quận Bình Tân,4,5,,nhà ở,,,so hong
20000.0,81.0,"Quận 3, TP. Hồ Chí Minh",Quận 3,4,3,,nhà ở,,,so hong
9800.0,120.0,"Quận Bình Tân, TP. Hồ Chí Minh",Quận Bình Tân,0,0,,nhà ở,,,so do
6800.0,32.0,"Quận 3, TP. Hồ Chí Minh",Quận 3,3,4,,nhà ở,,,so hong
11000.0,160.0,"Quận 6, TP. Hồ Chí Minh",Quận 6,0,0,,nhà ở,,,so do
6900.0,33.0,"Quận 3, TP. Hồ Chí Minh",Quận 3,4,3,,nhà ở,,,so hong
7139.0,95.0,"Quận Tân Bình, TP. Hồ Chí Minh",Quận Tân Bình,2,2,,căn hộ,,,so hong
12000.0,120.0,"Quận Bình Tân, TP. Hồ Chí Minh",Quận Bình Tân,0,0,,nhà ở,,,so do
3100.0,16.0,"Quận 3, TP. Hồ Chí Minh",Quận 3,2,1,,nhà ở,,,so hong
10900.0,90.0,"Quận Bình Tân, TP. Hồ Chí Minh",Quận Bình Tân,4,5,,nhà ở,,,so hong
18000.0,146.0,"Quận Bình Tân, TP. Hồ Chí Minh",Quận Bình Tân,0,0,,nhà ở,,,so hong
8700.0,40.0,"Quận 3, TP. Hồ Chí Minh",Quận 3,2,2,,nhà ở,,,so hong
8500.0,59.0,"Quận 6, TP. Hồ Chí Minh",Quận 6,3,4,,nhà ở,,,so hong
15500.0,63.0,"Quận 3, TP. Hồ Chí Minh",Quận 3,4,4,,nhà ở,,,so hong
10000.0,68.0,"Quận 6, TP. Hồ Chí Minh",Quận 6,4,4,,nhà ở,,,so hong
12500.0,72.0,"Quận 6, TP. Hồ Chí Minh",Quận 6,5,5,,nhà ở,,,so hong
25200.0,203.0,"Quận Bình Tân, TP. Hồ Chí Minh",Quận Bình Tân,4,5,,biệt thự,,,so hong
9000.0,36.0,"Quận 3, TP. Hồ Chí Minh",Quận 3,3,3,,nhà ở,,,so hong
13000.0,108.0,"Quận Bình Tân, TP. Hồ Chí Minh",Quận Bình Tân,4,5,,nhà ở,,,so hong
26000.0,177.0,"Quận Bình Tân, TP. Hồ Chí Minh",Quận Bình Tân,5,6,,biệt thự,,,so hong
3300.0,54.0,"Quận 3, TP. Hồ Chí Minh",Quận 3,2,1,,căn hộ,,,so hong
12500.0,69.0,"Quận 6, TP. Hồ Chí Minh",Quận 6,4,5,,nhà ở,,,so hong
15500.0,117.0,"Quận 1, TP. Hồ Chí Minh",Quận 1,3,2,,căn hộ,,,so hong
9300.0,40.0,"Quận 3, TP. Hồ Chí Minh",Quận 3,4,3,,nhà ở,,,so hong
11300.0,76.0,"Quận 6, TP. Hồ Chí Minh",Quận 6,5,6,,nhà ở,,,so hong
12800.0,57.0,"Quận 10, TP. Hồ Chí Minh",Quận 10,4,5,,nhà ở,,,so hong
5500.0,36.0,"Quận 3, TP. Hồ Chí Minh",Quận 3,4,3,,nhà ở,,,so hong
13200.0,62.0,"Quận Tân Bình, TP. Hồ Chí Minh",Quận Tân Bình,3,4,,nhà ở,,,so hong
24000.0,126.0,"Quận Bình Tân, TP. Hồ Chí Minh",Quận Bình Tân,3,3,,nhà ở,,,so hong
8500.0,46.0,"Quận 3, TP. Hồ Chí Minh",Quận 3,4,3,,nhà ở,,,so hong
11200.0,64.0,"Quận 6, TP. Hồ Chí Minh",Quận 6,5,6,,nhà ở,,,so hong
10200.0,85.0,"Quận 1, TP. Hồ Chí Minh",Quận 1,3,2,,nhà ở,,,so hong
5800.0,34.0,"Quận 8, TP. Hồ Chí Minh",Quận 8,3,3,,nhà ở,,,so hong
7999.0,28.0,"Quận 3, TP. Hồ Chí Minh",Quận 3,3,2,,nhà ở,,,so hong
17000.0,121.0,"Quận 1, TP. Hồ Chí Minh",Quận 1,2,2,,căn hộ,,,so hong
8300.0,36.0,"Quận 3, TP. Hồ Chí Minh",Quận 3,2,3,,nhà ở,,,so hong
11868.0,57.0,"Quận 4, TP. Hồ Chí Minh",Quận 4,4,5,,nhà ở,,,so hong
8500.0,33.0,"Quận 3, TP. Hồ Chí Minh",Quận 3,4,3,,nhà ở,,,so hong
5950.0,42.0,"Quận 10, TP. Hồ Chí Minh",Quận 10,3,2,,nhà ở,,,so hong
12000.0,104.0,"Quận 1, TP. Hồ Chí Minh",Quận 1,3,2,,căn hộ,,,so hong
6500.0,25.0,"Quận 3, TP. Hồ Chí Minh",Quận 3,3,3,,nhà ở,,,so hong
13500.0,45.0,"Quận 10, TP. Hồ Chí Minh",Quận 10,8,5,,nhà ở,,,so hong
6200.0,57.0,"Quận 10, TP. Hồ Chí Minh",Quận 10,2,1,,nhà ở,,,so hong
8900.0,35.0,"Quận 3, TP. Hồ Chí Minh",Quận 3,4,4,,nhà ở,,,so hong
9900.0,50.0,"Quận 10, TP. Hồ Chí Minh",Quận 10,3,3,,nhà ở,,,so hong
10500.0,70.0,"Quận 3, TP. Hồ Chí Minh",Quận 3,2,2,,nhà ở,,,so hong
3950.0,72.0,"Quận Tân Phú, TP. Hồ Chí Minh",Quận Tân Phú,2,2,,căn hộ,,,so hong
13900.0,57.0,"Quận 10, TP. Hồ Chí Minh",Quận 10,5,5,,nhà ở,,,so hong
3250.0,65.0,"Quận Tân Bình, TP. Hồ Chí Minh",Quận Tân Bình,2,2,,căn hộ,,,so hong
7990.0,44.0,"Quận 3, TP. Hồ Chí Minh",Quận 3,5,3,,nhà ở,,,so hong
8700.0,34.0,"Quận 3, TP. Hồ Chí Minh",Quận 3,3,3,,nhà ở,,,so hong
8500.0,32.0,"Quận 3, TP. Hồ Chí Minh",Quận 3,4,5,,nhà ở,,,so hong
13000.0,63.0,"Quận 3, TP. Hồ Chí Minh",Quận 3,3,4,,nhà ở,,,so hong
5300.0,73.0,"Quận Tân Bình, TP. Hồ Chí Minh",Quận Tân Bình,2,2,,căn hộ,,,hop dong mua ban
7998.0,36.0,"Quận 3, TP. Hồ Chí Minh",Quận 3,2,2,,nhà phố,,,so hong
8990.0,36.0,"Quận 3, TP. Hồ Chí Minh",Quận 3,3,3,,nhà ở,,,so do
4600.0,54.0,"Quận Tân Bình, TP. Hồ Chí Minh",Quận Tân Bình,2,1,,căn hộ,,,so hong
15950.0,56.0,"Quận 3, TP. Hồ Chí Minh",Quận 3,4,5,,nhà ở,,,so hong
2750.0,37.0,"Quận Tân Bình, TP. Hồ Chí Minh",Quận Tân Bình,1,1,,căn hộ,,,hop dong mua ban
5049.0,23.0,"Quận 3, TP. Hồ Chí Minh",Quận 3,3,2,,nhà ở,,,so hong
15500.0,69.0,"Quận 11, TP. Hồ Chí Minh",Quận 11,2,3,,nhà ở,,,so hong
20000.0,104.0,"Quận 1, TP. Hồ Chí Minh",Quận 1,2,2,,căn hộ,,,so hong
6700.0,40.0,"Quận 10, TP. Hồ Chí Minh",Quận 10,3,4,,nhà ở,,,so hong
17100.0,90.0,"Quận 10, TP. Hồ Chí Minh",Quận 10,1,1,,nhà ở,,,so hong
8000.0,56.0,"Quận 10, TP. Hồ Chí Minh",Quận 10,4,3,,nhà ở,,,so hong
8990.0,47.0,"Quận 11, TP. Hồ Chí Minh",Quận 11,4,4,,nhà ở,,,so hong
15000.0,72.0,"Quận Bình Thạnh, TP. Hồ Chí Minh",Quận Bình Thạnh,6,6,,nhà ở,,,so hong
50000.0,294.0,"Quận Tân Bình, TP. Hồ Chí Minh",Quận Tân Bình,1,1,,nhà ở,,,so hong
80000.0,270.0,"Quận Bình Thạnh, TP. Hồ Chí Minh",Quận Bình Thạnh,5,5,,nhà ở,,,so hong
55000.0,240.0,"Quận Phú Nhuận, TP. Hồ Chí Minh",Quận Phú Nhuận,1,1,,biệt thự,,,so hong
50000.0,252.0,"Quận 1, TP. Hồ Chí Minh",Quận 1,2,2,,nhà ở,,,so hong
48000.0,192.0,"Quận Bình Thạnh, TP. Hồ Chí Minh",Quận Bình Thạnh,4,3,,nhà ở,,,so hong
60000.0,320.0,"Quận Bình Thạnh, TP. Hồ Chí Minh",Quận Bình Thạnh,8,8,,nhà ở,,,so hong
36000.0,126.0,"Quận Bình Thạnh, TP. Hồ Chí Minh",Quận Bình Thạnh,3,2,,nhà ở,,,so hong
42500.0,158.0,"Quận Bình Thạnh, TP. Hồ Chí Minh",Quận Bình Thạnh,4,4,,nhà ở,,,so hong
42000.0,200.0,"Quận Bình Thạnh, TP. Hồ Chí Minh",Quận Bình Thạnh,3,3,,nhà ở,,,so hong
45000.0,234.0,"Quận Bình Thạnh, TP. Hồ Chí Minh",Quận Bình Thạnh,3,3,,nhà ở,,,so hong
50000.0,357.0,"Quận Bình Thạnh, TP. Hồ Chí Minh",Quận Bình Thạnh,1,1,,nhà ở,,,so hong
40000.0,160.0,"Quận 1, TP. Hồ Chí Minh",Quận 1,6,6,,nhà ở,,,so hong
41000.0,155.0,"Quận Phú Nhuận, TP. Hồ Chí Minh",Quận Phú Nhuận,4,4,,nhà ở,,,so hong
58000.0,200.0,"Quận Bình Thạnh, TP. Hồ Chí Minh",Quận Bình Thạnh,5,5,,nhà ở,,,so hong
22800.0,85.0,"Quận Tân Bình, TP. Hồ Chí Minh",Quận Tân Bình,10,10,,nhà ở,,,so hong
34000.0,208.0,"Quận Tân Bình, TP. Hồ Chí Minh",Quận Tân Bình,5,2,,nhà ở,,,so hong
32500.0,144.0,"Quận Tân Bình, TP. Hồ Chí Minh",Quận Tân Bình,7,7,,nhà ở,,,so hong
80000.0,270.0,"Quận Tân Bình, TP. Hồ Chí Minh",Quận Tân Bình,6,5,,nhà ở,,,so hong
30000.0,175.0,"Quận Bình Thạnh, TP. Hồ Chí Minh",Quận Bình Thạnh,2,2,,nhà ở,,,so hong
90000.0,530.0,"Quận Bình Thạnh, TP. Hồ Chí Minh",Quận Bình Thạnh,1,1,,nhà ở,,,so hong
30000.0,306.0,"Quận 10, TP. Hồ Chí Minh",Quận 10,3,2,,nhà ở,,,so hong
42000.0,245.0,"Quận Bình Thạnh, TP. Hồ Chí Minh",Quận Bình Thạnh,1,1,,nhà ở,,,so hong
15000.0,66.0,"Quận 3, TP. Hồ Chí Minh",Quận 3,2,2,,nhà ở,,,so hong
23000.0,270.0,"Quận Bình Thạnh, TP. Hồ Chí Minh",Quận Bình Thạnh,3,2,,nhà ở,,,so hong
32000.0,162.0,"Quận Bình Thạnh, TP. Hồ Chí Minh",Quận Bình Thạnh,4,3,,nhà ở,,,so hong
63000.0,419.0,"Quận Phú Nhuận, TP. Hồ Chí Minh",Quận Phú Nhuận,4,4,,nhà ở,,,so hong
65000.0,270.0,"Quận 1, TP. Hồ Chí Minh",Quận 1,7,7,,nhà ở,,,so hong
52000.0,216.0,"Quận Phú Nhuận, TP. Hồ Chí Minh",Quận Phú Nhuận,2,2,,biệt thự,,,so hong
13800.0,50.0,"Quận 1, TP. Hồ Chí Minh",Quận 1,6,7,,nhà hẻm,,,so hong
100000.0,475.0,"Quận Tân Bình, TP. Hồ Chí Minh",Quận Tân Bình,8,8,,nhà ở,,,so hong
30000.0,150.0,"Quận 10, TP. Hồ Chí Minh",Quận 10,5,5,,nhà ở,,,so hong
36000.0,120.0,"Quận Tân Bình, TP. Hồ Chí Minh",Quận Tân Bình,5,5,,nhà ở,,,so hong
59000.0,262.0,"Quận Tân Bình, TP. Hồ Chí Minh",Quận Tân Bình,2,2,,nhà ở,,,so hong
88000.0,303.0,"Quận 10, TP. Hồ Chí Minh",Quận 10,7,7,,nhà ở,,,so hong
45500.0,156.0,"Quận Bình Thạnh, TP. Hồ Chí Minh",Quận Bình Thạnh,6,6,,nhà ở,,,so hong
42000.0,263.0,"Quận 10, TP. Hồ Chí Minh",Quận 10,3,3,,biệt thự,,,so hong
68000.0,234.0,"Quận Tân Bình, TP. Hồ Chí Minh",Quận Tân Bình,7,6,,nhà ở,,,so hong
37000.0,187.0,"Quận Tân Bình, TP. Hồ Chí Minh",Quận Tân Bình,7,7,,nhà ở,,,so hong
50000.0,282.0,"Quận Bình Thạnh, TP. Hồ Chí Minh",Quận Bình Thạnh,5,5,,nhà ở,,,so hong
60000.0,252.0,"Quận 1, TP. Hồ Chí Minh",Quận 1,3,3,,nhà ở,,,so hong
22000.0,115.0,"Quận Bình Thạnh, TP. Hồ Chí Minh",Quận Bình Thạnh,3,2,,nhà ở,,,so hong
60000.0,240.0,"Quận Bình Thạnh, TP. Hồ Chí Minh",Quận Bình Thạnh,7,7,,nhà ở,,,so hong
68000.0,350.0,"Quận Tân Bình, TP. Hồ Chí Minh",Quận Tân Bình,7,8,,biệt thự,,,so hong
24000.0,139.0,"Quận 5, TP. Hồ Chí Minh",Quận 5,1,1,,nhà ở,,,so hong
24000.0,122.0,"Quận 7, TP. Hồ Chí Minh",Quận 7,0,0,,căn hộ,,,so hong
25000.0,126.0,"Quận Bình Thạnh, TP. Hồ Chí Minh",Quận Bình Thạnh,5,5,,nhà ở,,,so hong
50000.0,170.0,"Quận 1, TP. Hồ Chí Minh",Quận 1,3,2,,nhà ở,,,so hong
38000.0,165.0,"Quận Bình Thạnh, TP. Hồ Chí Minh",Quận Bình Thạnh,7,6,,nhà ở,,,so hong
100000.0,660.0,"Quận 1, TP. Hồ Chí Minh",Quận 1,10,9,,nhà ở,,,so hong
14600.0,130.0,"Quận 7, TP. Hồ Chí Minh",Quận 7,0,0,,căn hộ,,,so hong
22000.0,100.0,"Quận 7, TP. Hồ Chí Minh",Quận 7,0,0,,nhà ở,,,so hong
25000.0,105.0,"Quận Bình Thạnh, TP. Hồ Chí Minh",Quận Bình Thạnh,7,7,,nhà ở,,,so hong
60000.0,673.0,"Quận 12, TP. Hồ Chí Minh",Quận 12,2,2,,nhà ở,,,so hong
30000.0,105.0,"Quận Bình Thạnh, TP. Hồ Chí Minh",Quận Bình Thạnh,4,4,,nhà ở,,,so hong
85000.0,300.0,"Quận 1, TP. Hồ Chí Minh",Quận 1,2,1,,biệt thự,,,so hong
95000.0,366.0,"Quận Phú Nhuận, TP. Hồ Chí Minh",Quận Phú Nhuận,9,9,,nhà ở,,,so hong
45000.0,192.0,"Quận Tân Bình, TP. Hồ Chí Minh",Quận Tân Bình,6,6,,nhà ở,,,so hong
62000.0,390.0,"Quận 12, TP. Hồ Chí Minh",Quận 12,6,6,,nhà ở,,,so hong
85000.0,308.0,"Quận Tân Bình, TP. Hồ Chí Minh",Quận Tân Bình,1,1,,nhà ở,,,so hong
26000.0,105.0,"Quận Tân Bình, TP. Hồ Chí Minh",Quận Tân Bình,7,7,,nhà ở,,,so hong
35000.0,141.0,"Quận 3, TP. Hồ Chí Minh",Quận 3,3,3,,nhà ở,,,so hong
15600.0,82.0,"Quận Tân Bình, TP. Hồ Chí Minh",Quận Tân Bình,4,4,,nhà ở,,,so hong
12300.0,70.0,"Quận Tân Bình, TP. Hồ Chí Minh",Quận Tân Bình,6,4,,nhà ở,,,so hong
9000.0,44.0,"Quận 10, TP. Hồ Chí Minh",Quận 10,4,4,,nhà ở,,,so hong
11200.0,44.0,"Quận Tân Bình, TP. Hồ Chí Minh",Quận Tân Bình,4,5,,nhà ở,,,so hong
27500.0,148.0,"Quận 7, TP. Hồ Chí Minh",Quận 7,0,0,,nhà ở,,,so hong
23000.0,83.0,"Quận 10, TP. Hồ Chí Minh",Quận 10,4,4,,nhà ở,,,so hong
33000.0,130.0,"Quận 7, TP. Hồ Chí Minh",Quận 7,0,0,,nhà ở,,,khong xac dinh
8200.0,40.0,"Quận Phú Nhuận, TP. Hồ Chí Minh",Quận Phú Nhuận,3,4,,nhà ở,,,so hong
18500.0,90.0,"Quận 10, TP. Hồ Chí Minh",Quận 10,3,3,,nhà ở,,,so hong
8100.0,41.0,"Quận Tân Bình, TP. Hồ Chí Minh",Quận Tân Bình,3,3,,nhà ở,,,so hong
12000.0,60.0,"Quận 10, TP. Hồ Chí Minh",Quận 10,6,7,,nhà ở,,,so hong
8100.0,50.0,"Quận Tân Bình, TP. Hồ Chí Minh",Quận Tân Bình,3,3,,nhà ở,,,so hong
9000.0,46.0,"Quận 10, TP. Hồ Chí Minh",Quận 10,3,4,,nhà ở,,,so hong
20000.0,100.0,"Quận 7, TP. Hồ Chí Minh",Quận 7,0,0,,nhà ở,,,so hong
11100.0,81.0,"Quận Phú Nhuận, TP. Hồ Chí Minh",Quận Phú Nhuận,6,6,,nhà ở,,,so hong
10900.0,42.0,"Quận Phú Nhuận, TP. Hồ Chí Minh",Quận Phú Nhuận,2,2,,nhà ở,,,so hong
13900.0,72.0,"Quận Tân Bình, TP. Hồ Chí Minh",Quận Tân Bình,5,3,,nhà ở,,,so hong
9200.0,40.0,"Quận Phú Nhuận, TP. Hồ Chí Minh",Quận Phú Nhuận,6,4,,nhà ở,,,so hong
16500.0,100.0,"Quận 7, TP. Hồ Chí Minh",Quận 7,0,0,,nhà ở,,,so hong
4800.0,54.0,"Quận 9 (TP. Thủ Đức), TP. Hồ Chí Minh",Quận 9 (TP. Thủ Đức),2,2,,nhà ở,,,so hong
9700.0,65.0,"Quận Tân Bình, TP. Hồ Chí Minh",Quận Tân Bình,5,6,,nhà ở,,,so hong
3890.0,48.0,"Quận Bình Tân, TP. Hồ Chí Minh",Quận Bình Tân,2,2,,nhà ở,,,so hong
11900.0,40.0,"Quận Phú Nhuận, TP. Hồ Chí Minh",Quận Phú Nhuận,6,6,,nhà ở,,,so hong
7600.0,72.0,"Quận Bình Tân, TP. Hồ Chí Minh",Quận Bình Tân,4,5,,nhà ở,,,so hong
75000.0,1000.0,"Quận 9 (TP. Thủ Đức), TP. Hồ Chí Minh",Quận 9 (TP. Thủ Đức),2,2,,nhà ở,,,so hong
7900.0,41.0,"Quận Tân Bình, TP. Hồ Chí Minh",Quận Tân Bình,5,4,,nhà ở,,,so hong
7900.0,95.0,"Quận 9 (TP. Thủ Đức), TP. Hồ Chí Minh",Quận 9 (TP. Thủ Đức),0,0,,đất nền,,,so hong
9900.0,47.0,"Quận Phú Nhuận, TP. Hồ Chí Minh",Quận Phú Nhuận,3,3,,nhà ở,,,so hong
6000.0,144.0,"Quận Thủ Đức (TP. Thủ Đức), TP. Hồ Chí Minh",Quận Thủ Đức (TP. Thủ Đức),0,0,,đất nền,,,so hong
24500.0,138.0,"Quận Phú Nhuận, TP. Hồ Chí Minh",Quận Phú Nhuận,4,5,,nhà ở,,,so hong
8800.0,96.0,"Quận 9 (TP. Thủ Đức), TP. Hồ Chí Minh",Quận 9 (TP. Thủ Đức),6,6,,nhà ở,,,so hong
9800.0,43.0,"Quận Tân Bình, TP. Hồ Chí Minh",Quận Tân Bình,8,8,,nhà ở,,,so hong
25000.0,115.0,"Quận 7, TP. Hồ Chí Minh",Quận 7,0,0,,nhà ở,,,so hong
22000.0,221.0,"Quận 9 (TP. Thủ Đức), TP. Hồ Chí Minh",Quận 9 (TP. Thủ Đức),1,1,,nhà ở,,,so hong
11900.0,61.0,"Quận Tân Bình, TP. Hồ Chí Minh",Quận Tân Bình,4,4,,nhà ở,,,so hong
9900.0,180.0,"Quận Thủ Đức (TP. Thủ Đức), TP. Hồ Chí Minh",Quận Thủ Đức (TP. Thủ Đức),8,7,,nhà ở,,,so hong
9800.0,37.0,"Quận Phú Nhuận, TP. Hồ Chí Minh",Quận Phú Nhuận,5,4,,nhà ở,,,so hong
39000.0,229.0,"Quận 2 (TP. Thủ Đức), TP. Hồ Chí Minh",Quận 2 (TP. Thủ Đức),0,0,,nhà ở,,,so hong
50000.0,180.0,"Quận 1, TP. Hồ Chí Minh",Quận 1,5,4,,biệt thự,,,so hong
50000.0,169.0,"Quận Bình Thạnh, TP. Hồ Chí Minh",Quận Bình Thạnh,4,4,,nhà ở,,,so hong
7000.0,105.0,"Quận 9 (TP. Thủ Đức), TP. Hồ Chí Minh",Quận 9 (TP. Thủ Đức),0,0,,đất nền,,,so hong
12800.0,97.0,"Quận Tân Bình, TP. Hồ Chí Minh",Quận Tân Bình,5,3,,nhà ở,,,so hong
90000.0,655.0,"Quận Bình Thạnh, TP. Hồ Chí Minh",Quận Bình Thạnh,3,3,,nhà ở,,,so hong
33000.0,128.0,"Quận Tân Bình, TP. Hồ Chí Minh",Quận Tân Bình,2,2,,nhà ở,,,so hong
96000.0,322.0,"Quận 1, TP. Hồ Chí Minh",Quận 1,4,5,,biệt thự,,,so hong
2980.0,36.0,"Quận Bình Tân, TP. Hồ Chí Minh",Quận Bình Tân,2,2,,nhà ở,,,so hong
75000.0,2143.0,"Quận Thủ Đức (TP. Thủ Đức), TP. Hồ Chí Minh",Quận Thủ Đức (TP. Thủ Đức),0,0,,nhà ở,,,so hong
17000.0,105.0,"Quận 9 (TP. Thủ Đức), TP. Hồ Chí Minh",Quận 9 (TP. Thủ Đức),4,4,,nhà ở,,,so hong
95000.0,335.0,"Quận 2 (TP. Thủ Đức), TP. Hồ Chí Minh",Quận 2 (TP. Thủ Đức),0,0,,nhà ở,,,so hong
35000.0,210.0,"Quận Tân Bình, TP. Hồ Chí Minh",Quận Tân Bình,3,3,,nhà ở,,,so hong
98000.0,433.0,"Quận 1, TP. Hồ Chí Minh",Quận 1,0,5,,nhà ở,,,so hong
43000.0,182.0,"Quận Tân Bình, TP. Hồ Chí Minh",Quận Tân Bình,2,2,,nhà ở,,,so hong
11900.0,73.0,"Quận Phú Nhuận, TP. Hồ Chí Minh",Quận Phú Nhuận,8,8,,nhà ở,,,so hong
38000.0,155.0,"Quận 3, TP. Hồ Chí Minh",Quận 3,0,0,,nhà ở,,,so hong
52000.0,250.0,"Quận 1, TP. Hồ Chí Minh",Quận 1,5,5,,nhà ở,,,so hong
75000.0,280.0,"Quận 3, TP. Hồ Chí Minh",Quận 3,5,5,,biệt thự,,,so hong
62000.0,339.0,"Quận 2 (TP. Thủ Đức), TP. Hồ Chí Minh",Quận 2 (TP. Thủ Đức),3,3,,biệt thự,,,so hong
3850.0,48.0,"Quận Bình Tân, TP. Hồ Chí Minh",Quận Bình Tân,3,2,,nhà ở,,,so hong
40000.0,268.0,"Quận 9 (TP. Thủ Đức), TP. Hồ Chí Minh",Quận 9 (TP. Thủ Đức),2,1,,nhà ở,,,so hong
15500.0,63.0,"Quận Tân Bình, TP. Hồ Chí Minh",Quận Tân Bình,5,5,,nhà ở,,,so hong
10700.0,43.0,"Quận 10, TP. Hồ Chí Minh",Quận 10,6,7,,nhà ở,,,so hong
10100.0,52.0,"Quận Tân Bình, TP. Hồ Chí Minh",Quận Tân Bình,4,3,,nhà ở,,,so hong
9900.0,75.0,"Quận 3, TP. Hồ Chí Minh",Quận 3,2,2,,căn hộ,,,hop dong mua ban
5600.0,72.0,"Quận Bình Tân, TP. Hồ Chí Minh",Quận Bình Tân,5,5,,nhà hẻm,,,so hong
13200.0,94.0,"Quận Thủ Đức (TP. Thủ Đức), TP. Hồ Chí Minh",Quận Thủ Đức (TP. Thủ Đức),4,4,,nhà ở,,,so hong
9400.0,44.0,"Quận 10, TP. Hồ Chí Minh",Quận 10,4,4,,nhà ở,,,so hong
4600.0,72.0,"Quận 8, TP. Hồ Chí Minh",Quận 8,2,2,,căn hộ,,,so hong
12200.0,115.0,"Quận Gò Vấp, TP. Hồ Chí Minh",Quận Gò Vấp,5,6,,nhà ở,,,so hong
2660.0,48.0,"Quận Phú Nhuận, TP. Hồ Chí Minh",Quận Phú Nhuận,2,2,,nhà ở,,,so hong
8900.0,110.0,"Quận 9 (TP. Thủ Đức), TP. Hồ Chí Minh",Quận 9 (TP. Thủ Đức),0,0,,nhà ở,,,so hong
2360.0,66.0,"Quận Bình Thạnh, TP. Hồ Chí Minh",Quận Bình Thạnh,2,2,,căn hộ,,,khong xac dinh
82620.0,304.0,"Quận 2 (TP. Thủ Đức), TP. Hồ Chí Minh",Quận 2 (TP. Thủ Đức),0,0,,nhà ở,,,so hong
5850.0,70.0,"Quận Bình Tân, TP. Hồ Chí Minh",Quận Bình Tân,0,0,,nhà ở,,,so hong
12500.0,100.0,"Quận 9 (TP. Thủ Đức), TP. Hồ Chí Minh",Quận 9 (TP. Thủ Đức),5,4,,nhà ở,,,so hong
12700.0,107.0,"Quận Tân Bình, TP. Hồ Chí Minh",Quận Tân Bình,2,2,,nhà ở,,,so hong
1580.0,40.0,"Quận Thủ Đức (TP. Thủ Đức), TP. Hồ Chí Minh",Quận Thủ Đức (TP. Thủ Đức),2,2,,nhà ở,,,so hong
8300.0,110.0,"Quận 8, TP. Hồ Chí Minh",Quận 8,2,2,,căn hộ,,,so hong
14500.0,108.0,"Quận 9 (TP. Thủ Đức), TP. Hồ Chí Minh",Quận 9 (TP. Thủ Đức),3,3,,nhà ở,,,so hong
11500.0,54.0,"Quận 10, TP. Hồ Chí Minh",Quận 10,4,3,,nhà ở,,,so hong
2420.0,41.0,"Quận 9 (TP. Thủ Đức), TP. Hồ Chí Minh",Quận 9 (TP. Thủ Đức),2,2,,nhà ở,,,so hong
17500.0,143.0,"Quận 7, TP. Hồ Chí Minh",Quận 7,0,0,,nhà ở,,,so hong
8500.0,60.0,"Quận Bình Tân, TP. Hồ Chí Minh",Quận Bình Tân,4,4,,nhà ở,,,so hong
12500.0,86.0,"Quận 9 (TP. Thủ Đức), TP. Hồ Chí Minh",Quận 9 (TP. Thủ Đức),0,0,,đất nền,,,so hong
20900.0,110.0,"Quận Tân Bình, TP. Hồ Chí Minh",Quận Tân Bình,5,5,,nhà ở,,,so hong
4200.0,47.0,"Quận 10, TP. Hồ Chí Minh",Quận 10,2,1,,nhà ở,,,so hong
59000.0,235.0,"Quận 10, TP. Hồ Chí Minh",Quận 10,5,3,,nhà ở,,,so hong
57000.0,289.0,"Quận 2 (TP. Thủ Đức), TP. Hồ Chí Minh",Quận 2 (TP. Thủ Đức),0,0,,biệt thự,,,so hong
4090.0,63.0,"Quận 9 (TP. Thủ Đức), TP. Hồ Chí Minh",Quận 9 (TP. Thủ Đức),2,1,,nhà ở,,,so hong
10000.0,42.0,"Quận Phú Nhuận, TP. Hồ Chí Minh",Quận Phú Nhuận,4,5,,nhà ở,,,so hong
7800.0,33.0,"Quận 3, TP. Hồ Chí Minh",Quận 3,2,1,,nhà ở,,,so hong
2530.0,52.0,"Quận Bình Thạnh, TP. Hồ Chí Minh",Quận Bình Thạnh,2,2,,nhà ở,,,so hong
13600.0,71.0,"Quận Phú Nhuận, TP. Hồ Chí Minh",Quận Phú Nhuận,5,5,,nhà ở,,,so hong
6500.0,120.0,"Quận 12, TP. Hồ Chí Minh",Quận 12,0,0,,nhà ở,,,so hong
2860.0,56.0,"Quận 4, TP. Hồ Chí Minh",Quận 4,2,2,,nhà ở,,,so hong
13000.0,137.0,"Quận 7, TP. Hồ Chí Minh",Quận 7,3,2,,căn hộ,,,so hong
35000.0,900.0,"Quận 1, TP. Hồ Chí Minh",Quận 1,6,6,,căn hộ,,,hop dong mua ban
15000.0,63.0,"Quận 10, TP. Hồ Chí Minh",Quận 10,6,5,,nhà ở,,,so hong
10600.0,55.0,"Quận 10, TP. Hồ Chí Minh",Quận 10,5,4,,nhà ở,,,so hong
2650.0,49.0,"Quận 4, TP. Hồ Chí Minh",Quận 4,3,2,,nhà ở,,,so hong
12500.0,87.0,"Quận 7, TP. Hồ Chí Minh",Quận 7,0,0,,căn hộ,,,so hong
9850.0,75.0,"Quận 3, TP. Hồ Chí Minh",Quận 3,2,2,,nhà ở,,,hop dong mua ban
22900.0,127.0,"Quận Phú Nhuận, TP. Hồ Chí Minh",Quận Phú Nhuận,11,11,,nhà ở,,,khong xac dinh
5800.0,21.0,"Quận 3, TP. Hồ Chí Minh",Quận 3,3,4,,nhà ở,,,so hong
2730.0,47.0,"Quận 2 (TP. Thủ Đức), TP. Hồ Chí Minh",Quận 2 (TP. Thủ Đức),2,2,,nhà ở,,,so hong
45000.0,150.0,"Quận 5, TP. Hồ Chí Minh",Quận 5,5,6,,biệt thự,,,so hong
60000.0,238.0,"Quận 2 (TP. Thủ Đức), TP. Hồ Chí Minh",Quận 2 (TP. Thủ Đức),5,6,,biệt thự,,,so hong
11900.0,62.0,"Quận Tân Bình, TP. Hồ Chí Minh",Quận Tân Bình,3,3,,nhà ở,,,so hong
5900.0,26.0,"Quận 10, TP. Hồ Chí Minh",Quận 10,4,3,,nhà ở,,,so hong
2140.0,48.0,"Quận Tân Phú, TP. Hồ Chí Minh",Quận Tân Phú,2,2,,nhà ở,,,so hong
11000.0,94.0,"Quận 1, TP. Hồ Chí Minh",Quận 1,3,2,,căn hộ,,,so hong
12900.0,63.0,"Quận Tân Bình, TP. Hồ Chí Minh",Quận Tân Bình,5,5,,nhà ở,,,so hong
6950.0,24.0,"Quận 3, TP. Hồ Chí Minh",Quận 3,4,4,,nhà ở,,,so hong
2920.0,55.0,"Quận Gò Vấp, TP. Hồ Chí Minh",Quận Gò Vấp,3,2,,nhà ở,,,so hong
7900.0,63.0,"Quận Phú Nhuận, TP. Hồ Chí Minh",Quận Phú Nhuận,3,3,,nhà ở,,,so hong
2370.0,41.0,"Quận 5, TP. Hồ Chí Minh",Quận 5,2,1,,nhà ở,,,so hong
12500.0,43.0,"Quận Phú Nhuận, TP. Hồ Chí Minh",Quận Phú Nhuận,3,5,,nhà ở,,,so hong
2740.0,43.0,"Quận 3, TP. Hồ Chí Minh",Quận 3,2,2,,nhà ở,,,so hong
7500.0,66.0,"Quận Phú Nhuận, TP. Hồ Chí Minh",Quận Phú Nhuận,2,3,,nhà ở,,,so hong
2740.0,53.0,"Quận Gò Vấp, TP. Hồ Chí Minh",Quận Gò Vấp,2,2,,nhà ở,,,so hong
14500.0,57.0,"Quận Phú Nhuận, TP. Hồ Chí Minh",Quận Phú Nhuận,5,6,,nhà ở,,,so hong
2520.0,38.0,"Quận 11, TP. Hồ Chí Minh",Quận 11,2,2,,nhà hẻm,,,so hong
18500.0,69.0,"Quận 10, TP. Hồ Chí Minh",Quận 10,4,5,,nhà ở,,,so hong
20000.0,133.0,"Quận Tân Bình, TP. Hồ Chí Minh",Quận Tân Bình,3,3,,nhà ở,,,so hong
2740.0,48.0,"Quận 11, TP. Hồ Chí Minh",Quận 11,2,2,,nhà ở,,,so hong
26000.0,116.0,"Quận 7, TP. Hồ Chí Minh",Quận 7,0,0,,nhà ở,,,so hong
7800.0,34.0,"Quận 11, TP. Hồ Chí Minh",Quận 11,4,3,,nhà ở,,,so hong
7800.0,42.0,"Quận Tân Bình, TP. Hồ Chí Minh",Quận Tân Bình,4,3,,nhà ở,,,so hong
1630.0,52.0,"Quận 6, TP. Hồ Chí Minh",Quận 6,3,3,,nhà ở,,,so hong
8700.0,52.0,"Quận Tân Bình, TP. Hồ Chí Minh",Quận Tân Bình,6,6,,nhà ở,,,so hong
2100.0,42.0,"Quận 6, TP. Hồ Chí Minh",Quận 6,2,2,,nhà ở,,,so hong
9200.0,61.0,"Quận Tân Bình, TP. Hồ Chí Minh",Quận Tân Bình,5,4,,nhà ở,,,so hong
1830.0,401.0,"Quận Bình Thạnh, TP. Hồ Chí Minh",Quận Bình Thạnh,4,3,,nhà ở,,,so hong
24000.0,95.0,"Quận Phú Nhuận, TP. Hồ Chí Minh",Quận Phú Nhuận,5,5,,nhà ở,,,so hong
2880.0,78.0,"Quận 10, TP. Hồ Chí Minh",Quận 10,2,2,,căn hộ,,,so hong
9800.0,54.0,"Quận Tân Bình, TP. Hồ Chí Minh",Quận Tân Bình,5,5,,nhà ở,,,so hong
2870.0,67.0,"Quận 1, TP. Hồ Chí Minh",Quận 1,2,2,,căn hộ,,,so hong
50000.0,750.0,"Quận 12, TP. Hồ Chí Minh",Quận 12,5,3,,biệt thự,,,so hong
20500.0,130.0,"Quận 2 (TP. Thủ Đức), TP. Hồ Chí Minh",Quận 2 (TP. Thủ Đức),0,0,,nhà ở,,,so hong
15400.0,72.0,"Quận 10, TP. Hồ Chí Minh",Quận 10,2,2,,nhà ở,,,so hong
2320.0,68.0,"Quận Phú Nhuận, TP. Hồ Chí Minh",Quận Phú Nhuận,2,2,,căn hộ,,,so hong
9200.0,52.0,"Quận Tân Bình, TP. Hồ Chí Minh",Quận Tân Bình,6,6,,nhà ở,,,so hong
1990.0,38.0,"Quận 10, TP. Hồ Chí Minh",Quận 10,2,1,,nhà ở,,,so hong
28500.0,748.0,"Quận 12, TP. Hồ Chí Minh",Quận 12,0,0,,nhà ở,,,so do
36000.0,176.0,"Quận 2 (TP. Thủ Đức), TP. Hồ Chí Minh",Quận 2 (TP. Thủ Đức),5,5,,biệt thự,,,so hong
8750.0,37.0,"Quận 10, TP. Hồ Chí Minh",Quận 10,5,4,,nhà ở,,,so hong
2790.0,47.0,"Quận 11, TP. Hồ Chí Minh",Quận 11,2,2,,nhà ở,,,so hong
16000.0,72.0,"Quận Tân Bình, TP. Hồ Chí Minh",Quận Tân Bình,4,4,,nhà ở,,,so hong
2180.0,44.0,"Quận 11, TP. Hồ Chí Minh",Quận 11,4,3,,nhà ở,,,so hong
6780.0,60.0,"Quận Tân Bình, TP. Hồ Chí Minh",Quận Tân Bình,4,2,,nhà ở,,,so hong
1750.0,40.0,"Quận 11, TP. Hồ Chí Minh",Quận 11,2,2,,nhà ở,,,so hong
37500.0,160.0,"Quận 2 (TP. Thủ Đức), TP. Hồ Chí Minh",Quận 2 (TP. Thủ Đức),0,0,,nhà ở,,,so hong
9500.0,42.0,"Quận Phú Nhuận, TP. Hồ Chí Minh",Quận Phú Nhuận,5,4,,nhà ở,,,so hong
1120.0,48.0,"Quận 11, TP. Hồ Chí Minh",Quận 11,2,2,,nhà ở,,,so hong
3200.0,70.0,"Quận 7, TP. Hồ Chí Minh",Quận 7,2,2,,nhà ở,,,so hong
24000.0,138.0,"Quận Tân Bình, TP. Hồ Chí Minh",Quận Tân Bình,6,6,,nhà ở,,,so hong
1920.0,40.0,"Quận 9 (TP. Thủ Đức), TP. Hồ Chí Minh",Quận 9 (TP. Thủ Đức),2,2,,nhà ở,,,so hong
46500.0,1250.0,"Quận 12, TP. Hồ Chí Minh",Quận 12,0,0,,nhà ở,,,so hong
21000.0,163.0,"Quận 9 (TP. Thủ Đức), TP. Hồ Chí Minh",Quận 9 (TP. Thủ Đức),4,4,,biệt thự,,,so hong
11800.0,53.0,"Quận Tân Bình, TP. Hồ Chí Minh",Quận Tân Bình,4,4,,nhà ở,,,so hong
2460.0,74.0,"Quận 2 (TP. Thủ Đức), TP. Hồ Chí Minh",Quận 2 (TP. Thủ Đức),2,2,,căn hộ,,,so hong
14300.0,93.0,"Quận Tân Bình, TP. Hồ Chí Minh",Quận Tân Bình,3,3,,nhà ở,,,so hong
2780.0,83.0,"Quận 2 (TP. Thủ Đức), TP. Hồ Chí Minh",Quận 2 (TP. Thủ Đức),2,2,,căn hộ,,,so hong
25500.0,372.0,"Quận 12, TP. Hồ Chí Minh",Quận 12,0,0,,nhà ở,,,so hong
23000.0,180.0,"Quận 9 (TP. Thủ Đức), TP. Hồ Chí Minh",Quận 9 (TP. Thủ Đức),5,6,,biệt thự,,,so hong
8100.0,55.0,"Quận Phú Nhuận, TP. Hồ Chí Minh",Quận Phú Nhuận,2,2,,nhà ở,,,so hong
2460.0,76.0,"Quận Bình Thạnh, TP. Hồ Chí Minh",Quận Bình Thạnh,2,2,,căn hộ,,,so hong
7900.0,35.0,"Quận Tân Bình, TP. Hồ Chí Minh",Quận Tân Bình,5,5,,nhà ở,,,so hong
2390.0,81.0,"Quận 7, TP. Hồ Chí Minh",Quận 7,2,2,,căn hộ,,,so hong
60000.0,212.0,"Quận 2 (TP. Thủ Đức), TP. Hồ Chí Minh",Quận 2 (TP. Thủ Đức),4,4,,biệt thự,,,so hong
15500.0,116.0,"Quận Phú Nhuận, TP. Hồ Chí Minh",Quận Phú Nhuận,10,6,,nhà ở,,,so hong
2240.0,47.0,"Quận Bình Thạnh, TP. Hồ Chí Minh",Quận Bình Thạnh,2,2,,nhà ở,,,so hong
12000.0,72.0,"Quận Tân Bình, TP. Hồ Chí Minh",Quận Tân Bình,7,7,,nhà ở,,,so hong
2680.0,43.0,"Quận 4, TP. Hồ Chí Minh",Quận 4,2,2,,nhà ở,,,so hong
12000.0,87.0,"Quận 7, TP. Hồ Chí Minh",Quận 7,0,0,,căn hộ,,,so hong
19000.0,100.0,"Quận 2 (TP. Thủ Đức), TP. Hồ Chí Minh",Quận 2 (TP. Thủ Đức),4,5,,nhà ở,,,so hong
6800.0,47.0,"Quận Tân Bình, TP. Hồ Chí Minh",Quận Tân Bình,3,3,,nhà ở,,,so hong
2720.0,48.0,"Quận 7, TP. Hồ Chí Minh",Quận 7,2,1,,nhà ở,,,so hong
58000.0,294.0,"Quận 2 (TP. Thủ Đức), TP. Hồ Chí Minh",Quận 2 (TP. Thủ Đức),4,5,,biệt thự,,,so hong
14700.0,130.0,"Quận Phú Nhuận, TP. Hồ Chí Minh",Quận Phú Nhuận,12,12,,nhà ở,,,so hong
2630.0,42.0,"Quận Bình Thạnh, TP. Hồ Chí Minh",Quận Bình Thạnh,2,1,,nhà ở,,,so hong
14400.0,72.0,"Quận 10, TP. Hồ Chí Minh",Quận 10,2,2,,nhà ở,,,so hong
2970.0,38.0,"Quận 1, TP. Hồ Chí Minh",Quận 1,2,1,,nhà ở,,,so hong
33000.0,220.0,"Quận Bình Thạnh, TP. Hồ Chí Minh",Quận Bình Thạnh,6,6,,nhà ở,,,so hong
8400.0,105.0,"Quận Tân Bình, TP. Hồ Chí Minh",Quận Tân Bình,2,2,,nhà ở,,,so hong
3710.0,53.0,"Quận Gò Vấp, TP. Hồ Chí Minh",Quận Gò Vấp,3,2,,nhà ở,,,so hong
38000.0,200.0,"Quận 10, TP. Hồ Chí Minh",Quận 10,8,8,,biệt thự,,,so hong
24000.0,130.0,"Quận 2 (TP. Thủ Đức), TP. Hồ Chí Minh",Quận 2 (TP. Thủ Đức),4,4,,nhà phố,,,so hong
7650.0,50.0,"Quận Phú Nhuận, TP. Hồ Chí Minh",Quận Phú Nhuận,4,4,,nhà ở,,,so hong
2760.0,48.0,"Quận 4, TP. Hồ Chí Minh",Quận 4,2,2,,nhà ở,,,so hong
2570.0,48.0,"Quận Bình Thạnh, TP. Hồ Chí Minh",Quận Bình Thạnh,2,2,,nhà ở,,,so hong
18000.0,105.0,"Quận Tân Bình, TP. Hồ Chí Minh",Quận Tân Bình,13,13,,nhà ở,,,so hong
2430.0,45.0,"Quận Phú Nhuận, TP. Hồ Chí Minh",Quận Phú Nhuận,2,2,,nhà ở,,,so hong
8900.0,59.0,"Quận 8, TP. Hồ Chí Minh",Quận 8,4,4,,nhà ở,,,so hong
1320.0,44.0,"Quận Thủ Đức (TP. Thủ Đức), TP. Hồ Chí Minh",Quận Thủ Đức (TP. Thủ Đức),2,3,,nhà ở,,,so hong
3700.0,62.0,"Quận Bình Tân, TP. Hồ Chí Minh",Quận Bình Tân,2,1,,căn hộ,,,so hong
2680.0,49.0,"Quận Bình Thạnh, TP. Hồ Chí Minh",Quận Bình Thạnh,2,2,,nhà ở,,,so hong
18000.0,115.0,"Quận 10, TP. Hồ Chí Minh",Quận 10,10,10,,nhà ở,,,so hong
3650.0,77.0,"Quận Bình Tân, TP. Hồ Chí Minh",Quận Bình Tân,2,2,,nhà ở,,,hop dong mua ban
1280.0,50.0,"Quận Bình Tân, TP. Hồ Chí Minh",Quận Bình Tân,4,3,,nhà ở,,,so hong
2980.0,48.0,"Quận Bình Thạnh, TP. Hồ Chí Minh",Quận Bình Thạnh,3,2,,nhà ở,,,so hong
12800.0,94.0,"Quận 8, TP. Hồ Chí Minh",Quận 8,15,15,,nhà ở,,,so hong
3450.0,70.0,"Quận Bình Tân, TP. Hồ Chí Minh",Quận Bình Tân,2,2,,căn hộ,,,hop dong mua ban
2170.0,48.0,"Quận 11, TP. Hồ Chí Minh",Quận 11,3,2,,nhà ở,,,so hong
9900.0,48.0,"Quận 8, TP. Hồ Chí Minh",Quận 8,4,4,,nhà ở,,,so hong
3950.0,66.0,"Quận Tân Phú, TP. Hồ Chí Minh",Quận Tân Phú,2,1,,căn hộ,,,so hong
1460.0,46.0,"Quận 11, TP. Hồ Chí Minh",Quận 11,3,2,,nhà ở,,,so hong
27000.0,100.0,"Quận Bình Tân, TP. Hồ Chí Minh",Quận Bình Tân,6,7,,nhà ở,,,so hong
2300.0,50.0,"Quận 6, TP. Hồ Chí Minh",Quận 6,3,2,,nhà ở,,,so hong
1225.0,44.0,"Quận Bình Thạnh, TP. Hồ Chí Minh",Quận Bình Thạnh,2,2,,nhà ở,,,so hong
30000.0,290.0,"Quận Tân Bình, TP. Hồ Chí Minh",Quận Tân Bình,1,1,,nhà ở,,,so hong
2150.0,55.0,"Quận Bình Thạnh, TP. Hồ Chí Minh",Quận Bình Thạnh,3,3,,nhà ở,,,so hong
6500.0,26.0,"Quận 8, TP. Hồ Chí Minh",Quận 8,3,3,,nhà ở,,,so hong
1850.0,54.0,"Quận Tân Phú, TP. Hồ Chí Minh",Quận Tân Phú,2,2,,nhà ở,,,so hong
30000.0,135.0,"Quận 10, TP. Hồ Chí Minh",Quận 10,4,4,,biệt thự,,,so hong
2430.0,72.0,"Quận 7, TP. Hồ Chí Minh",Quận 7,2,2,,căn hộ,,,so hong
2680.0,46.0,"Quận Gò Vấp, TP. Hồ Chí Minh",Quận Gò Vấp,2,2,,nhà ở,,,so hong
2430.0,32.0,"Quận Bình Thạnh, TP. Hồ Chí Minh",Quận Bình Thạnh,2,1,,nhà ở,,,so hong
4150.0,67.0,"Quận Bình Tân, TP. Hồ Chí Minh",Quận Bình Tân,2,2,,nhà ở,,,so hong
2430.0,48.0,"Quận Bình Thạnh, TP. Hồ Chí Minh",Quận Bình Thạnh,2,2,,nhà ở,,,so hong
2990.0,47.0,"Quận 2 (TP. Thủ Đức), TP. Hồ Chí Minh",Quận 2 (TP. Thủ Đức),2,2,,nhà ở,,,so hong
75000.0,540.0,"Quận Bình Tân, TP. Hồ Chí Minh",Quận Bình Tân,7,8,,biệt thự,,,so hong
2050.0,51.0,"Quận Gò Vấp, TP. Hồ Chí Minh",Quận Gò Vấp,2,2,,căn hộ,,,so hong
2680.0,53.0,"Quận 7, TP. Hồ Chí Minh",Quận 7,3,2,,nhà ở,,,so hong
2990.0,52.0,"Quận Bình Thạnh, TP. Hồ Chí Minh",Quận Bình Thạnh,3,2,,nhà ở,,,so hong
2300.0,51.0,"Quận Tân Bình, TP. Hồ Chí Minh",Quận Tân Bình,2,2,,căn hộ,,,so hong
2120.0,51.0,"Quận Gò Vấp, TP. Hồ Chí Minh",Quận Gò Vấp,2,2,,nhà ở,,,so hong
2250.0,50.0,"Quận Gò Vấp, TP. Hồ Chí Minh",Quận Gò Vấp,2,2,,căn hộ,,,so hong
2740.0,45.0,"Quận 5, TP. Hồ Chí Minh",Quận 5,2,2,,nhà ở,,,so hong
6680.0,36.0,"Quận 1, TP. Hồ Chí Minh",Quận 1,3,4,,nhà ở,,,so hong
16900.0,108.0,"Quận Tân Phú, TP. Hồ Chí Minh",Quận Tân Phú,5,5,,nhà ở,,,so hong
2200.0,52.0,"Quận Bình Thạnh, TP. Hồ Chí Minh",Quận Bình Thạnh,2,2,,căn hộ,,,so hong
2700.0,43.0,"Quận Gò Vấp, TP. Hồ Chí Minh",Quận Gò Vấp,3,2,,nhà ở,,,so hong
28000.0,221.0,"Quận Tân Phú, TP. Hồ Chí Minh",Quận Tân Phú,4,4,,nhà ở,,,so hong
4700.0,40.0,"Quận Bình Tân, TP. Hồ Chí Minh",Quận Bình Tân,4,3,,nhà ở,,,so hong
2970.0,34.0,"Quận 1, TP. Hồ Chí Minh",Quận 1,2,1,,nhà ở,,,so hong
2650.0,63.0,"Quận 10, TP. Hồ Chí Minh",Quận 10,2,2,,căn hộ,,,so hong
6400.0,80.0,"Quận Bình Tân, TP. Hồ Chí Minh",Quận Bình Tân,4,5,,nhà ở,,,so hong
1960.0,49.0,"Quận Gò Vấp, TP. Hồ Chí Minh",Quận Gò Vấp,2,1,,căn hộ,,,so hong
2760.0,36.0,"Quận 9 (TP. Thủ Đức), TP. Hồ Chí Minh",Quận 9 (TP. Thủ Đức),2,2,,nhà ở,,,so hong
11900.0,80.0,"Quận 6, TP. Hồ Chí Minh",Quận 6,6,6,,nhà ở,,,so hong
2120.0,47.0,"Quận Gò Vấp, TP. Hồ Chí Minh",Quận Gò Vấp,2,2,,căn hộ,,,so hong
2650.0,52.0,"Quận 5, TP. Hồ Chí Minh",Quận 5,2,2,,nhà ở,,,so hong
16900.0,122.0,"Quận 6, TP. Hồ Chí Minh",Quận 6,11,11,,nhà ở,,,so hong
2520.0,76.0,"Quận 2 (TP. Thủ Đức), TP. Hồ Chí Minh",Quận 2 (TP. Thủ Đức),2,2,,căn hộ,,,so hong
6950.0,68.0,"Quận Tân Phú, TP. Hồ Chí Minh",Quận Tân Phú,2,2,,nhà ở,,,so hong
2740.0,53.0,"Quận Bình Thạnh, TP. Hồ Chí Minh",Quận Bình Thạnh,2,2,,nhà ở,,,so hong
10900.0,100.0,"Quận Tân Phú, TP. Hồ Chí Minh",Quận Tân Phú,6,4,,nhà ở,,,so hong
2170.0,84.0,"Quận Tân Phú, TP. Hồ Chí Minh",Quận Tân Phú,2,2,,căn hộ,,,so hong
2890.0,39.0,"Quận Bình Tân, TP. Hồ Chí Minh",Quận Bình Tân,2,1,,nhà ở,,,so hong
1630.0,50.0,"Quận 6, TP. Hồ Chí Minh",Quận 6,3,3,,nhà ở,,,so hong
2420.0,79.0,"Quận 4, TP. Hồ Chí Minh",Quận 4,2,2,,căn hộ,,,so hong
32000.0,3500.0,"Huyện Bình Chánh, TP. Hồ Chí Minh",Huyện Bình Chánh,0,0,,nhà ở,,,so do
62000.0,390.0,"Quận Tân Bình, TP. Hồ Chí Minh",Quận Tân Bình,2,2,,nhà ở,,,so hong
2540.0,48.0,"Quận Bình Thạnh, TP. Hồ Chí Minh",Quận Bình Thạnh,2,2,,nhà ở,,,so hong
18800.0,70.0,"Quận 3, TP. Hồ Chí Minh",Quận 3,6,6,,nhà ở,,,so hong
1800.0,30.0,"Quận 9 (TP. Thủ Đức), TP. Hồ Chí Minh",Quận 9 (TP. Thủ Đức),1,1,,căn hộ,,,so hong
2760.0,54.0,"Quận Phú Nhuận, TP. Hồ Chí Minh",Quận Phú Nhuận,3,2,,nhà ở,,,so hong
34000.0,140.0,"Quận 10, TP. Hồ Chí Minh",Quận 10,10,10,,nhà ở,,,so hong
2320.0,79.0,"Quận 7, TP. Hồ Chí Minh",Quận 7,2,2,,nhà ở,,,so hong
2740.0,48.0,"Quận 3, TP. Hồ Chí Minh",Quận 3,2,2,,nhà ở,,,so hong
11000.0,240.0,"Quận Bình Tân, TP. Hồ Chí Minh",Quận Bình Tân,1,1,,nhà ở,,,so hong
2920.0,53.0,"Quận Gò Vấp, TP. Hồ Chí Minh",Quận Gò Vấp,3,2,,nhà ở,,,so hong
2530.0,73.0,"Quận 9 (TP. Thủ Đức), TP. Hồ Chí Minh",Quận 9 (TP. Thủ Đức),2,2,,căn hộ,,,so hong
2570.0,74.0,"Quận 7, TP. Hồ Chí Minh",Quận 7,2,2,,căn hộ,,,so hong
1980.0,43.0,"Quận Gò Vấp, TP. Hồ Chí Minh",Quận Gò Vấp,2,1,,nhà ở,,,so hong
2630.0,44.0,"Quận Phú Nhuận, TP. Hồ Chí Minh",Quận Phú Nhuận,2,2,,nhà ở,,,so hong
2770.0,76.0,"Quận 7, TP. Hồ Chí Minh",Quận 7,2,2,,căn hộ,,,so hong
12000.0,98.0,"Quận 7, TP. Hồ Chí Minh",Quận 7,3,2,,nhà ở,,,so hong
60000.0,239.0,"Quận Tân Bình, TP. Hồ Chí Minh",Quận Tân Bình,2,2,,nhà ở,,,so hong
18500.0,146.0,"Quận 7, TP. Hồ Chí Minh",Quận 7,3,2,,nhà ở,,,so hong
12800.0,137.0,"Quận 7, TP. Hồ Chí Minh",Quận 7,3,2,,căn hộ,,,so hong
28000.0,98.0,"Quận 1, TP. Hồ Chí Minh",Quận 1,11,11,,căn hộ,,,so hong
50000.0,552.0,"Quận 2 (TP. Thủ Đức), TP. Hồ Chí Minh",Quận 2 (TP. Thủ Đức),3,3,,nhà ở,,,so hong
34000.0,200.0,"Quận Tân Phú, TP. Hồ Chí Minh",Quận Tân Phú,2,2,,nhà ở,,,so hong
11500.0,115.0,"Quận 7, TP. Hồ Chí Minh",Quận 7,3,2,,căn hộ,,,so hong
8000.0,118.0,"Quận 7, TP. Hồ Chí Minh",Quận 7,3,2,,căn hộ,,,so hong
54000.0,437.0,"Quận Tân Bình, TP. Hồ Chí Minh",Quận Tân Bình,1,1,,nhà ở,,,so hong
17000.0,123.0,"Quận 7, TP. Hồ Chí Minh",Quận 7,3,1,,căn hộ,,,so hong
95000.0,435.0,"Quận Tân Bình, TP. Hồ Chí Minh",Quận Tân Bình,1,1,,nhà ở,,,so hong
9000.0,110.0,"Quận 7, TP. Hồ Chí Minh",Quận 7,3,2,,căn hộ,,,so hong
25000.0,181.0,"Quận Tân Phú, TP. Hồ Chí Minh",Quận Tân Phú,4,4,,nhà ở,,,so hong
8500.0,97.0,"Quận 7, TP. Hồ Chí Minh",Quận 7,3,2,,căn hộ,,,so hong
9500.0,92.0,"Quận 7, TP. Hồ Chí Minh",Quận 7,3,2,,căn hộ,,,hop dong mua ban
35000.0,124.0,"Quận Tân Phú, TP. Hồ Chí Minh",Quận Tân Phú,8,8,,nhà ở,,,so hong
17000.0,145.0,"Quận 7, TP. Hồ Chí Minh",Quận 7,3,1,,căn hộ,,,so hong
58000.0,320.0,"Huyện Bình Chánh, TP. Hồ Chí Minh",Huyện Bình Chánh,4,4,,nhà ở,,,so hong
10200.0,118.0,"Quận 7, TP. Hồ Chí Minh",Quận 7,3,2,,căn hộ,,,so hong
19500.0,111.0,"Quận 8, TP. Hồ Chí Minh",Quận 8,5,5,,nhà ở,,,so hong
3300.0,32.0,"Quận Gò Vấp, TP. Hồ Chí Minh",Quận Gò Vấp,2,1,,nhà ở,,,so hong
14000.0,127.0,"Quận 7, TP. Hồ Chí Minh",Quận 7,3,2,,căn hộ,,,so hong
33000.0,240.0,"Quận Tân Phú, TP. Hồ Chí Minh",Quận Tân Phú,1,1,,nhà ở,,,so hong
4400.0,32.0,"Quận Phú Nhuận, TP. Hồ Chí Minh",Quận Phú Nhuận,2,2,,nhà ở,,,so hong
15000.0,87.0,"Quận 7, TP. Hồ Chí Minh",Quận 7,0,0,,căn hộ,,,so hong
34000.0,534.0,"Quận Tân Phú, TP. Hồ Chí Minh",Quận Tân Phú,1,1,,nhà ở,,,so hong
9000.0,118.0,"Quận 7, TP. Hồ Chí Minh",Quận 7,3,2,,căn hộ,,,so hong
40000.0,457.0,"Quận Tân Phú, TP. Hồ Chí Minh",Quận Tân Phú,1,1,,nhà ở,,,so hong
60000.0,727.0,"Quận 9 (TP. Thủ Đức), TP. Hồ Chí Minh",Quận 9 (TP. Thủ Đức),0,0,,đất nền,,,so hong
3500.0,28.0,"Quận Bình Thạnh, TP. Hồ Chí Minh",Quận Bình Thạnh,3,2,,nhà ở,,,so hong
50000.0,210.0,"Quận 8, TP. Hồ Chí Minh",Quận 8,1,1,,nhà ở,,,so hong
13800.0,101.0,"Quận 9 (TP. Thủ Đức), TP. Hồ Chí Minh",Quận 9 (TP. Thủ Đức),2,2,,nhà ở,,,so hong
4700.0,53.0,"Quận Bình Thạnh, TP. Hồ Chí Minh",Quận Bình Thạnh,3,2,,nhà ở,,,so hong
11200.0,80.0,"Quận 9 (TP. Thủ Đức), TP. Hồ Chí Minh",Quận 9 (TP. Thủ Đức),12,12,,nhà ở,,,so hong
5950.0,48.0,"Quận Bình Thạnh, TP. Hồ Chí Minh",Quận Bình Thạnh,2,2,,nhà ở,,,so hong
10500.0,102.0,"Quận 9 (TP. Thủ Đức), TP. Hồ Chí Minh",Quận 9 (TP. Thủ Đức),2,3,,nhà ở,,,so hong
18500.0,189.0,"Quận 7, TP. Hồ Chí Minh",Quận 7,4,3,,nhà ở,,,so hong
11500.0,347.0,"Quận 9 (TP. Thủ Đức), TP. Hồ Chí Minh",Quận 9 (TP. Thủ Đức),3,1,,nhà ở,,,so hong
13000.0,102.0,"Quận 9 (TP. Thủ Đức), TP. Hồ Chí Minh",Quận 9 (TP. Thủ Đức),5,3,,nhà ở,,,so hong
9700.0,118.0,"Quận 7, TP. Hồ Chí Minh",Quận 7,3,2,,nhà ở,,,so hong
17799.0,80.0,"Quận 10, TP. Hồ Chí Minh",Quận 10,5,5,,nhà ở,,,so hong
15000.0,184.0,"Quận 9 (TP. Thủ Đức), TP. Hồ Chí Minh",Quận 9 (TP. Thủ Đức),2,1,,nhà ở,,,so hong
8800.0,100.0,"Quận 7, TP. Hồ Chí Minh",Quận 7,2,2,,nhà ở,,,so hong
22000.0,122.0,"Quận 10, TP. Hồ Chí Minh",Quận 10,12,12,,nhà ở,,,so hong
12500.0,205.0,"Quận 9 (TP. Thủ Đức), TP. Hồ Chí Minh",Quận 9 (TP. Thủ Đức),0,0,,đất nền,,,so hong
9500.0,118.0,"Quận 7, TP. Hồ Chí Minh",Quận 7,3,2,,nhà ở,,,so hong
6500.0,89.0,"Quận 9 (TP. Thủ Đức), TP. Hồ Chí Minh",Quận 9 (TP. Thủ Đức),0,0,,đất nền,,,so hong
11900.0,116.0,"Quận 7, TP. Hồ Chí Minh",Quận 7,3,2,,căn hộ,,,so hong
6100.0,69.0,"Quận Thủ Đức (TP. Thủ Đức), TP. Hồ Chí Minh",Quận Thủ Đức (TP. Thủ Đức),0,0,,đất nền,,,so hong
10000.0,118.0,"Quận 7, TP. Hồ Chí Minh",Quận 7,3,2,,căn hộ,,,so hong
5700.0,71.0,"Quận Thủ Đức (TP. Thủ Đức), TP. Hồ Chí Minh",Quận Thủ Đức (TP. Thủ Đức),0,0,,đất nền,,,so hong
17000.0,146.0,"Quận 7, TP. Hồ Chí Minh",Quận 7,3,2,,căn hộ,,,so hong
6000.0,61.0,"Quận 9 (TP. Thủ Đức), TP. Hồ Chí Minh",Quận 9 (TP. Thủ Đức),3,3,,nhà ở,,,so hong
18000.0,146.0,"Quận 7, TP. Hồ Chí Minh",Quận 7,3,2,,căn hộ,,,so hong
18000.0,60.0,"Quận 10, TP. Hồ Chí Minh",Quận 10,2,2,,nhà ở,,,so hong
6300.0,60.0,"Quận 9 (TP. Thủ Đức), TP. Hồ Chí Minh",Quận 9 (TP. Thủ Đức),2,2,,nhà ở,,,so hong
65000.0,227.0,"Quận 9 (TP. Thủ Đức), TP. Hồ Chí Minh",Quận 9 (TP. Thủ Đức),4,3,,nhà ở,,,so hong
14000.0,124.0,"Quận 7, TP. Hồ Chí Minh",Quận 7,3,2,,căn hộ,,,so hong
7900.0,112.0,"Quận 7, TP. Hồ Chí Minh",Quận 7,3,2,,căn hộ,,,so hong
7500.0,53.0,"Quận 9 (TP. Thủ Đức), TP. Hồ Chí Minh",Quận 9 (TP. Thủ Đức),3,2,,nhà ở,,,so hong
20000.0,105.0,"Quận Tân Bình, TP. Hồ Chí Minh",Quận Tân Bình,12,12,,nhà ở,,,so hong
8600.0,96.0,"Quận 9 (TP. Thủ Đức), TP. Hồ Chí Minh",Quận 9 (TP. Thủ Đức),3,2,,nhà ở,,,so hong
30000.0,117.0,"Quận Tân Bình, TP. Hồ Chí Minh",Quận Tân Bình,5,5,,nhà ở,,,so hong
7200.0,91.0,"Quận 9 (TP. Thủ Đức), TP. Hồ Chí Minh",Quận 9 (TP. Thủ Đức),7,7,,nhà ở,,,so hong
11000.0,160.0,"Quận 9 (TP. Thủ Đức), TP. Hồ Chí Minh",Quận 9 (TP. Thủ Đức),10,10,,nhà ở,,,so hong
9800.0,87.0,"Quận 8, TP. Hồ Chí Minh",Quận 8,1,1,,nhà ở,,,so hong
10800.0,64.0,"Quận 8, TP. Hồ Chí Minh",Quận 8,4,5,,nhà ở,,,so hong
4300.0,78.0,"Quận 7, TP. Hồ Chí Minh",Quận 7,2,1,,nhà ở,,,so hong
13000.0,110.0,"Quận 7, TP. Hồ Chí Minh",Quận 7,3,2,,nhà ở,,,so hong
12000.0,115.0,"Quận 7, TP. Hồ Chí Minh",Quận 7,3,2,,căn hộ,,,so hong
11800.0,120.0,"Quận 7, TP. Hồ Chí Minh",Quận 7,3,2,,căn hộ,,,so hong
16000.0,130.0,"Quận 7, TP. Hồ Chí Minh",Quận 7,3,2,,căn hộ,,,so hong
10600.0,76.0,"Quận 8, TP. Hồ Chí Minh",Quận 8,3,3,,nhà ở,,,so hong
15000.0,75.0,"Quận 8, TP. Hồ Chí Minh",Quận 8,5,5,,nhà ở,,,so hong
16000.0,88.0,"Quận 7, TP. Hồ Chí Minh",Quận 7,0,0,,nhà ở,,,so hong
14000.0,84.0,"Quận 1, TP. Hồ Chí Minh",Quận 1,2,2,,căn hộ,,,so hong
12500.0,123.0,"Quận 7, TP. Hồ Chí Minh",Quận 7,3,2,,căn hộ,,,so hong
30000.0,100.0,"Quận 6, TP. Hồ Chí Minh",Quận 6,10,10,,nhà ở,,,so hong
19000.0,82.0,"Quận 5, TP. Hồ Chí Minh",Quận 5,6,6,,nhà ở,,,so hong
11000.0,98.0,"Quận 7, TP. Hồ Chí Minh",Quận 7,3,2,,nhà ở,,,so hong
52000.0,190.0,"Quận 8, TP. Hồ Chí Minh",Quận 8,2,2,,nhà ở,,,so hong
55000.0,411.0,"Quận Tân Phú, TP. Hồ Chí Minh",Quận Tân Phú,1,1,,nhà ở,,,so hong
35000.0,400.0,"Quận 8, TP. Hồ Chí Minh",Quận 8,4,4,,biệt thự,,,so hong
43000.0,857.0,"Quận 12, TP. Hồ Chí Minh",Quận 12,0,0,,nhà ở,,,khong xac dinh
8200.0,31.0,"Quận 3, TP. Hồ Chí Minh",Quận 3,4,3,,nhà ở,,,so hong
6500.0,41.0,"Quận 3, TP. Hồ Chí Minh",Quận 3,3,2,,nhà ở,,,so hong
8850.0,35.0,"Quận 3, TP. Hồ Chí Minh",Quận 3,3,3,,nhà ở,,,so hong
28000.0,659.0,"Quận 12, TP. Hồ Chí Minh",Quận 12,3,3,,nhà ở,,,so hong
6300.0,30.0,"Quận 10, TP. Hồ Chí Minh",Quận 10,3,3,,nhà ở,,,so hong
9100.0,240.0,"Quận 12, TP. Hồ Chí Minh",Quận 12,0,0,,đất nền,,,so do
3880.0,38.0,"Quận 3, TP. Hồ Chí Minh",Quận 3,3,2,,nhà ở,,,so hong
24000.0,684.0,"Quận 12, TP. Hồ Chí Minh",Quận 12,0,0,,nhà ở,,,so hong
7500.0,35.0,"Quận 3, TP. Hồ Chí Minh",Quận 3,2,2,,nhà ở,,,so hong
31000.0,1300.0,"Quận 12, TP. Hồ Chí Minh",Quận 12,0,0,,nhà ở,,,so hong
14500.0,55.0,"Quận 3, TP. Hồ Chí Minh",Quận 3,7,4,,nhà ở,,,so hong
35000.0,1022.0,"Quận 12, TP. Hồ Chí Minh",Quận 12,0,0,,nhà ở,,,so hong
8990.0,32.0,"Quận 3, TP. Hồ Chí Minh",Quận 3,2,3,,nhà ở,,,so hong
2300.0,45.0,"Quận 3, TP. Hồ Chí Minh",Quận 3,2,1,,căn hộ,,,so hong
4250.0,17.0,"Quận 3, TP. Hồ Chí Minh",Quận 3,1,1,,nhà ở,,,so hong
65000.0,1700.0,"Quận 12, TP. Hồ Chí Minh",Quận 12,0,0,,đất nền,,,so hong
19800.0,71.0,"Quận 3, TP. Hồ Chí Minh",Quận 3,4,6,,nhà ở,,,so hong
50000.0,1200.0,"Quận 12, TP. Hồ Chí Minh",Quận 12,0,0,,nhà ở,,,khong xac dinh
8900.0,38.0,"Quận 3, TP. Hồ Chí Minh",Quận 3,3,3,,nhà ở,,,so hong
8200.0,44.0,"Quận 3, TP. Hồ Chí Minh",Quận 3,5,4,,nhà ở,,,so hong
7000.0,28.0,"Quận 3, TP. Hồ Chí Minh",Quận 3,5,4,,nhà ở,,,so hong
5500.0,26.0,"Quận 3, TP. Hồ Chí Minh",Quận 3,2,2,,nhà ở,,,so hong
5500.0,113.0,"Quận 12, TP. Hồ Chí Minh",Quận 12,1,1,,nhà ở,,,so hong
6600.0,24.0,"Quận 3, TP. Hồ Chí Minh",Quận 3,3,3,,nhà ở,,,so hong
5150.0,19.0,"Quận 3, TP. Hồ Chí Minh",Quận 3,2,3,,nhà ở,,,so hong
3350.0,43.0,"Quận 3, TP. Hồ Chí Minh",Quận 3,2,1,,căn hộ,,,so hong
3800.0,46.0,"Quận 3, TP. Hồ Chí Minh",Quận 3,2,1,,căn hộ,,,so hong
9000.0,30.0,"Quận 3, TP. Hồ Chí Minh",Quận 3,4,3,,nhà ở,,,so hong
5400.0,25.0,"Quận 3, TP. Hồ Chí Minh",Quận 3,3,3,,nhà ở,,,so hong
16500.0,55.0,"Quận 3, TP. Hồ Chí Minh",Quận 3,3,4,,nhà ở,,,so hong
9200.0,55.0,"Quận 3, TP. Hồ Chí Minh",Quận 3,4,5,,nhà ở,,,so hong
17000.0,586.0,"Quận 12, TP. Hồ Chí Minh",Quận 12,0,0,,đất nền,,,so do
5500.0,100.0,"Quận 12, TP. Hồ Chí Minh",Quận 12,0,0,,nhà ở,,,so hong
12800.0,67.0,"Quận 3, TP. Hồ Chí Minh",Quận 3,0,0,,nhà phố,,,so hong
46000.0,1200.0,"Quận 12, TP. Hồ Chí Minh",Quận 12,0,0,,nhà ở,,,khong xac dinh
4700.0,21.0,"Quận 3, TP. Hồ Chí Minh",Quận 3,3,3,,nhà ở,,,so hong
8000.0,30.0,"Quận 3, TP. Hồ Chí Minh",Quận 3,3,3,,nhà ở,,,so hong
7500.0,36.0,"Quận 3, TP. Hồ Chí Minh",Quận 3,2,2,,nhà ở,,,so hong
16800.0,62.0,"Quận 3, TP. Hồ Chí Minh",Quận 3,4,5,,nhà ở,,,so hong
12500.0,48.0,"Quận 10, TP. Hồ Chí Minh",Quận 10,6,7,,nhà ở,,,so hong
10650.0,43.0,"Quận 10, TP. Hồ Chí Minh",Quận 10,4,3,,nhà ở,,,so hong
6500.0,42.0,"Quận 3, TP. Hồ Chí Minh",Quận 3,2,2,,nhà ở,,,so hong
37000.0,152.0,"Quận Tân Bình, TP. Hồ Chí Minh",Quận Tân Bình,6,4,,nhà ở,,,so hong
26500.0,100.0,"Quận Bình Tân, TP. Hồ Chí Minh",Quận Bình Tân,4,5,,nhà ở,,,so hong
7800.0,158.0,"Quận Thủ Đức (TP. Thủ Đức), TP. Hồ Chí Minh",Quận Thủ Đức (TP. Thủ Đức),3,3,,nhà ở,,,so do
21500.0,190.0,"Quận Bình Tân, TP. Hồ Chí Minh",Quận Bình Tân,4,5,,biệt thự,,,so hong
17170.0,93.0,"Quận 2 (TP. Thủ Đức), TP. Hồ Chí Minh",Quận 2 (TP. Thủ Đức),2,2,,căn hộ,,,so hong
6200.0,73.0,"Quận 3, TP. Hồ Chí Minh",Quận 3,6,3,,nhà ở,,,so hong
15200.0,60.0,"Quận Bình Tân, TP. Hồ Chí Minh",Quận Bình Tân,8,9,,nhà ở,,,so hong
6500.0,68.0,"Quận 12, TP. Hồ Chí Minh",Quận 12,4,4,,nhà hẻm,,,so hong
23000.0,184.0,"Quận Bình Tân, TP. Hồ Chí Minh",Quận Bình Tân,8,9,,nhà ở,,,so hong
9270.0,62.0,"Quận Bình Thạnh, TP. Hồ Chí Minh",Quận Bình Thạnh,3,1,,nhà ở,,,so hong
11500.0,50.0,"Quận 10, TP. Hồ Chí Minh",Quận 10,6,6,,nhà ở,,,so hong
5500.0,36.0,"Quận 5, TP. Hồ Chí Minh",Quận 5,3,3,,nhà hẻm,,,so hong
34500.0,445.0,"Quận Thủ Đức (TP. Thủ Đức), TP. Hồ Chí Minh",Quận Thủ Đức (TP. Thủ Đức),0,0,,nhà ở,,,so hong
55200.0,230.0,"Quận 2 (TP. Thủ Đức), TP. Hồ Chí Minh",Quận 2 (TP. Thủ Đức),0,0,,nhà ở,,,so hong
5500.0,114.0,"Quận 7, TP. Hồ Chí Minh",Quận 7,3,2,,căn hộ,,,hop dong mua ban
3190.0,55.0,"Quận 11, TP. Hồ Chí Minh",Quận 11,2,1,,căn hộ,,,so hong
13000.0,100.0,"Quận Bình Tân, TP. Hồ Chí Minh",Quận Bình Tân,0,0,,nhà ở,,,so do
14500.0,73.0,"Quận Bình Thạnh, TP. Hồ Chí Minh",Quận Bình Thạnh,4,4,,nhà ở,,,so hong
1800.0,45.0,"Quận Thủ Đức (TP. Thủ Đức), TP. Hồ Chí Minh",Quận Thủ Đức (TP. Thủ Đức),2,2,,nhà ở,,,so hong
2200.0,55.0,"Quận Bình Thạnh, TP. Hồ Chí Minh",Quận Bình Thạnh,2,2,,nhà ở,,,so hong
2000.0,50.0,"Quận Bình Thạnh, TP. Hồ Chí Minh",Quận Bình Thạnh,2,1,,căn hộ,,,so hong
4000.0,76.0,"Quận Tân Bình, TP. Hồ Chí Minh",Quận Tân Bình,2,2,,căn hộ,,,so hong
4150.0,84.0,"Quận 12, TP. Hồ Chí Minh",Quận 12,2,2,,căn hộ,,,so hong
7600.0,155.0,"Quận Tân Bình, TP. Hồ Chí Minh",Quận Tân Bình,3,3,,căn hộ,,,so hong
4300.0,87.0,"Quận Tân Bình, TP. Hồ Chí Minh",Quận Tân Bình,2,2,,căn hộ,,,so hong
4380.0,89.0,"Quận Tân Phú, TP. Hồ Chí Minh",Quận Tân Phú,3,2,,căn hộ,,,hop dong mua ban
4250.0,73.0,"Quận Tân Bình, TP. Hồ Chí Minh",Quận Tân Bình,2,2,,căn hộ,,,hop dong mua ban
5780.0,86.0,"Quận Tân Bình, TP. Hồ Chí Minh",Quận Tân Bình,2,2,,căn hộ,,,so hong
3900.0,64.0,"Quận 11, TP. Hồ Chí Minh",Quận 11,2,2,,căn hộ,,,so hong
4650.0,85.0,"Quận Tân Phú, TP. Hồ Chí Minh",Quận Tân Phú,2,2,,căn hộ,,,hop dong mua ban
4980.0,94.0,"Quận Tân Phú, TP. Hồ Chí Minh",Quận Tân Phú,3,2,,căn hộ,,,so hong
5300.0,72.0,"Quận Tân Bình, TP. Hồ Chí Minh",Quận Tân Bình,1,2,,nhà ở,,,so hong
4500.0,80.0,"Quận Tân Phú, TP. Hồ Chí Minh",Quận Tân Phú,3,2,,căn hộ,,,so hong
4000.0,83.0,"Quận Tân Phú, TP. Hồ Chí Minh",Quận Tân Phú,2,2,,căn hộ,,,so hong
5000.0,90.0,"Quận Tân Phú, TP. Hồ Chí Minh",Quận Tân Phú,3,2,,căn hộ,,,so hong
4200.0,71.0,"Quận Tân Phú, TP. Hồ Chí Minh",Quận Tân Phú,2,2,,căn hộ,,,so hong
3950.0,69.0,"Quận Tân Bình, TP. Hồ Chí Minh",Quận Tân Bình,2,2,,căn hộ,,,so hong
5300.0,103.0,"Quận Tân Phú, TP. Hồ Chí Minh",Quận Tân Phú,3,2,,căn hộ,,,so hong
5900.0,112.0,"Quận Tân Phú, TP. Hồ Chí Minh",Quận Tân Phú,3,2,,căn hộ,,,so hong
5100.0,95.0,"Quận Tân Bình, TP. Hồ Chí Minh",Quận Tân Bình,3,2,,căn hộ,,,so hong
5550.0,82.0,"Quận Tân Phú, TP. Hồ Chí Minh",Quận Tân Phú,3,2,,căn hộ,,,so hong
4200.0,75.0,"Quận Tân Phú, TP. Hồ Chí Minh",Quận Tân Phú,2,2,,căn hộ,,,so hong
4900.0,83.0,"Quận Tân Phú, TP. Hồ Chí Minh",Quận Tân Phú,3,2,,căn hộ,,,so hong
3680.0,67.0,"Quận Tân Phú, TP. Hồ Chí Minh",Quận Tân Phú,2,1,,căn hộ,,,so hong
5000.0,106.0,"Quận Tân Phú, TP. Hồ Chí Minh",Quận Tân Phú,3,3,,căn hộ,,,so hong
6500.0,71.0,"Quận Tân Bình, TP. Hồ Chí Minh",Quận Tân Bình,2,2,,căn hộ,,,hop dong mua ban
3800.0,83.0,"Quận Tân Bình, TP. Hồ Chí Minh",Quận Tân Bình,2,2,,căn hộ,,,so hong
4190.0,86.0,"Quận Tân Phú, TP. Hồ Chí Minh",Quận Tân Phú,3,2,,căn hộ,,,so hong
3400.0,61.0,"Quận Tân Bình, TP. Hồ Chí Minh",Quận Tân Bình,2,2,,căn hộ,,,so hong
4850.0,73.0,"Quận Tân Bình, TP. Hồ Chí Minh",Quận Tân Bình,2,2,,căn hộ,,,so hong
3000.0,50.0,"Quận Tân Bình, TP. Hồ Chí Minh",Quận Tân Bình,1,1,,căn hộ,,,so hong
4950.0,90.0,"Quận Tân Phú, TP. Hồ Chí Minh",Quận Tân Phú,3,2,,căn hộ,,,so hong
3150.0,53.0,"Quận Tân Phú, TP. Hồ Chí Minh",Quận Tân Phú,2,1,,căn hộ,,,so hong
3950.0,68.0,"Quận Bình Tân, TP. Hồ Chí Minh",Quận Bình Tân,2,2,,căn hộ,,,so hong
4390.0,65.0,"Quận Tân Phú, TP. Hồ Chí Minh",Quận Tân Phú,2,1,,căn hộ,,,so hong
4760.0,88.0,"Quận Tân Phú, TP. Hồ Chí Minh",Quận Tân Phú,3,2,,căn hộ,,,so hong
2800.0,70.0,"Quận Bình Tân, TP. Hồ Chí Minh",Quận Bình Tân,2,2,,căn hộ,,,hop dong mua ban
3100.0,78.0,"Quận Tân Phú, TP. Hồ Chí Minh",Quận Tân Phú,2,2,,căn hộ,,,so hong
3200.0,79.0,"Quận Tân Phú, TP. Hồ Chí Minh",Quận Tân Phú,2,2,,căn hộ,,,so hong
4600.0,73.0,"Quận Tân Phú, TP. Hồ Chí Minh",Quận Tân Phú,2,2,,căn hộ,,,so hong
5250.0,73.0,"Quận 11, TP. Hồ Chí Minh",Quận 11,2,2,,căn hộ,,,so hong
7500.0,94.0,"Quận Tân Bình, TP. Hồ Chí Minh",Quận Tân Bình,3,2,,căn hộ,,,so hong
4150.0,94.0,"Quận Tân Phú, TP. Hồ Chí Minh",Quận Tân Phú,3,3,,căn hộ,,,so hong
4350.0,86.0,"Quận Tân Phú, TP. Hồ Chí Minh",Quận Tân Phú,3,2,,căn hộ,,,so hong
3850.0,65.0,"Quận Tân Bình, TP. Hồ Chí Minh",Quận Tân Bình,2,2,,căn hộ,,,so hong
5200.0,73.0,"Quận 11, TP. Hồ Chí Minh",Quận 11,2,2,,căn hộ,,,so hong
3000.0,56.0,"Quận Tân Bình, TP. Hồ Chí Minh",Quận Tân Bình,2,1,,căn hộ,,,so hong
3880.0,83.0,"Quận Bình Tân, TP. Hồ Chí Minh",Quận Bình Tân,3,2,,căn hộ,,,so hong
2700.0,70.0,"Quận Bình Tân, TP. Hồ Chí Minh",Quận Bình Tân,2,2,,căn hộ,,,hop dong mua ban
5200.0,65.0,"Quận Tân Bình, TP. Hồ Chí Minh",Quận Tân Bình,2,2,,căn hộ,,,so hong
2680.0,54.0,"Quận Tân Bình, TP. Hồ Chí Minh",Quận Tân Bình,2,1,,căn hộ,,,so hong
7100.0,72.0,"Quận 10, TP. Hồ Chí Minh",Quận 10,2,2,,căn hộ,,,so hong
4300.0,93.0,"Quận Tân Bình, TP. Hồ Chí Minh",Quận Tân Bình,2,2,,căn hộ,,,so hong
4100.0,74.0,"Quận Tân Phú, TP. Hồ Chí Minh",Quận Tân Phú,2,2,,căn hộ,,,so hong
8800.0,240.0,"Quận Tân Bình, TP. Hồ Chí Minh",Quận Tân Bình,4,3,,căn hộ,,,so hong
4800.0,73.0,"Quận Tân Bình, TP. Hồ Chí Minh",Quận Tân Bình,2,2,,căn hộ,,,so hong
5100.0,118.0,"Quận Tân Bình, TP. Hồ Chí Minh",Quận Tân Bình,3,2,,căn hộ,,,so hong
3200.0,60.0,"Quận Tân Bình, TP. Hồ Chí Minh",Quận Tân Bình,2,2,,căn hộ,,,so hong
3100.0,50.0,"Quận Tân Phú, TP. Hồ Chí Minh",Quận Tân Phú,1,1,,căn hộ,,,so hong
3900.0,92.0,"Quận Tân Bình, TP. Hồ Chí Minh",Quận Tân Bình,2,2,,căn hộ,,,so hong
3000.0,50.0,"Quận Tân Phú, TP. Hồ Chí Minh",Quận Tân Phú,1,1,,căn hộ,,,so hong
3200.0,65.0,"Quận 12, TP. Hồ Chí Minh",Quận 12,2,2,,căn hộ,,,so hong
5750.0,97.0,"Quận Tân Phú, TP. Hồ Chí Minh",Quận Tân Phú,3,2,,căn hộ,,,so hong
4450.0,90.0,"Quận Tân Bình, TP. Hồ Chí Minh",Quận Tân Bình,2,2,,căn hộ,,,so hong
4100.0,61.0,"Quận Tân Bình, TP. Hồ Chí Minh",Quận Tân Bình,2,2,,căn hộ,,,so hong
4750.0,86.0,"Quận Tân Phú, TP. Hồ Chí Minh",Quận Tân Phú,3,2,,căn hộ,,,so hong
3400.0,80.0,"Quận Bình Tân, TP. Hồ Chí Minh",Quận Bình Tân,3,2,,căn hộ,,,hop dong mua ban
3700.0,59.0,"Quận 3, TP. Hồ Chí Minh",Quận 3,1,1,,căn hộ,,,so hong
4500.0,69.0,"Quận 5, TP. Hồ Chí Minh",Quận 5,2,1,,căn hộ,,,so hong
3350.0,75.0,"Quận Tân Phú, TP. Hồ Chí Minh",Quận Tân Phú,2,2,,căn hộ,,,so hong
3900.0,91.0,"Quận Tân Bình, TP. Hồ Chí Minh",Quận Tân Bình,2,2,,căn hộ,,,so hong
3800.0,75.0,"Quận Tân Phú, TP. Hồ Chí Minh",Quận Tân Phú,2,2,,căn hộ,,,so hong
4600.0,88.0,"Quận Tân Phú, TP. Hồ Chí Minh",Quận Tân Phú,3,2,,căn hộ,,,so hong
3300.0,50.0,"Quận Tân Phú, TP. Hồ Chí Minh",Quận Tân Phú,1,1,,căn hộ,,,so hong
5500.0,107.0,"Quận Tân Phú, TP. Hồ Chí Minh",Quận Tân Phú,3,3,,căn hộ,,,so hong
3980.0,75.0,"Quận Tân Phú, TP. Hồ Chí Minh",Quận Tân Phú,2,2,,căn hộ,,,so hong
4000.0,86.0,"Quận Tân Phú, TP. Hồ Chí Minh",Quận Tân Phú,3,2,,căn hộ,,,so hong
3950.0,74.0,"Quận Tân Phú, TP. Hồ Chí Minh",Quận Tân Phú,2,2,,căn hộ,,,so hong
5200.0,100.0,"Quận Tân Phú, TP. Hồ Chí Minh",Quận Tân Phú,3,2,,căn hộ,,,so hong
5000.0,104.0,"Quận Tân Bình, TP. Hồ Chí Minh",Quận Tân Bình,3,2,,căn hộ,,,so hong
3550.0,68.0,"Quận Tân Phú, TP. Hồ Chí Minh",Quận Tân Phú,2,2,,căn hộ,,,so hong
6500.0,41.0,"Quận Bình Thạnh, TP. Hồ Chí Minh",Quận Bình Thạnh,3,3,,nhà ở,,,so hong
6250.0,35.0,"Quận Bình Thạnh, TP. Hồ Chí Minh",Quận Bình Thạnh,3,3,,nhà hẻm,,,so hong
2850.0,18.0,"Quận Gò Vấp, TP. Hồ Chí Minh",Quận Gò Vấp,1,2,,nhà ở,,,so hong
2780.0,15.0,"Quận Gò Vấp, TP. Hồ Chí Minh",Quận Gò Vấp,2,2,,nhà ở,,,so hong
5750.0,44.0,"Quận Gò Vấp, TP. Hồ Chí Minh",Quận Gò Vấp,2,2,,nhà ở,,,hop dong mua ban
4350.0,29.0,"Quận Gò Vấp, TP. Hồ Chí Minh",Quận Gò Vấp,2,2,,nhà hẻm,,,so hong
3550.0,26.0,"Quận Gò Vấp, TP. Hồ Chí Minh",Quận Gò Vấp,2,3,,nhà hẻm,,,so hong
2950.0,18.0,"Quận Gò Vấp, TP. Hồ Chí Minh",Quận Gò Vấp,2,1,,nhà ở,,,so hong
5280.0,31.0,"Quận Gò Vấp, TP. Hồ Chí Minh",Quận Gò Vấp,2,2,,nhà ở,,,so hong
2050.0,17.0,"Quận Gò Vấp, TP. Hồ Chí Minh",Quận Gò Vấp,1,2,,nhà ở,,,so hong
2700.0,18.0,"Quận Gò Vấp, TP. Hồ Chí Minh",Quận Gò Vấp,1,2,,nhà ở,,,so hong
2940.0,24.0,"Quận Gò Vấp, TP. Hồ Chí Minh",Quận Gò Vấp,2,2,,nhà ở,,,so hong
2450.0,14.0,"Quận Gò Vấp, TP. Hồ Chí Minh",Quận Gò Vấp,1,2,,nhà hẻm,,,so hong
3950.0,32.0,"Quận Gò Vấp, TP. Hồ Chí Minh",Quận Gò Vấp,2,2,,nhà ở,,,so hong
11600.0,102.0,"Quận Gò Vấp, TP. Hồ Chí Minh",Quận Gò Vấp,12,13,,nhà ở,,,so hong
1960.0,49.0,"Quận Tân Bình, TP. Hồ Chí Minh",Quận Tân Bình,2,2,,nhà ở,,,so hong
4050.0,28.0,"Quận Gò Vấp, TP. Hồ Chí Minh",Quận Gò Vấp,2,3,,nhà ở,,,so hong
4090.0,31.0,"Quận Gò Vấp, TP. Hồ Chí Minh",Quận Gò Vấp,2,2,,nhà hẻm,,,so hong
7650.0,64.0,"Quận Gò Vấp, TP. Hồ Chí Minh",Quận Gò Vấp,6,6,,nhà hẻm,,,so hong
5950.0,32.0,"Quận Gò Vấp, TP. Hồ Chí Minh",Quận Gò Vấp,2,3,,nhà hẻm,,,so hong
4980.0,34.0,"Quận Gò Vấp, TP. Hồ Chí Minh",Quận Gò Vấp,3,2,,nhà hẻm,,,so hong
4790.0,34.0,"Quận Gò Vấp, TP. Hồ Chí Minh",Quận Gò Vấp,2,2,,nhà ở,,,so hong
3100.0,20.0,"Quận Gò Vấp, TP. Hồ Chí Minh",Quận Gò Vấp,1,1,,nhà ở,,,so hong
6800.0,64.0,"Quận Gò Vấp, TP. Hồ Chí Minh",Quận Gò Vấp,3,2,,nhà ở,,,so hong
4380.0,20.0,"Quận Gò Vấp, TP. Hồ Chí Minh",Quận Gò Vấp,3,4,,nhà ở,,,so hong
5900.0,62.0,"Quận Gò Vấp, TP. Hồ Chí Minh",Quận Gò Vấp,3,2,,nhà hẻm,,,so hong
5790.0,52.0,"Quận Gò Vấp, TP. Hồ Chí Minh",Quận Gò Vấp,4,3,,nhà ở,,,so hong
5680.0,37.0,"Quận Gò Vấp, TP. Hồ Chí Minh",Quận Gò Vấp,2,2,,nhà ở,,,so hong
7550.0,58.0,"Quận Gò Vấp, TP. Hồ Chí Minh",Quận Gò Vấp,5,5,,nhà ở,,,so hong
5600.0,37.0,"Quận Gò Vấp, TP. Hồ Chí Minh",Quận Gò Vấp,3,2,,nhà ở,,,so hong
3450.0,25.0,"Quận Gò Vấp, TP. Hồ Chí Minh",Quận Gò Vấp,2,1,,nhà ở,,,so hong
4850.0,30.0,"Quận Gò Vấp, TP. Hồ Chí Minh",Quận Gò Vấp,3,2,,nhà ở,,,so hong
5270.0,40.0,"Quận Gò Vấp, TP. Hồ Chí Minh",Quận Gò Vấp,2,3,,nhà hẻm,,,so hong
8900.0,53.0,"Quận Gò Vấp, TP. Hồ Chí Minh",Quận Gò Vấp,4,4,,nhà ở,,,so hong
5980.0,44.0,"Quận Gò Vấp, TP. Hồ Chí Minh",Quận Gò Vấp,3,2,,nhà ở,,,so hong
10500.0,58.0,"Quận Gò Vấp, TP. Hồ Chí Minh",Quận Gò Vấp,2,3,,nhà ở,,,so hong
2700.0,63.0,"Quận 8, TP. Hồ Chí Minh",Quận 8,2,1,,căn hộ,,,so hong
3000.0,81.0,"Quận 7, TP. Hồ Chí Minh",Quận 7,2,2,,căn hộ,,,so hong
2900.0,72.0,"Quận Thủ Đức (TP. Thủ Đức), TP. Hồ Chí Minh",Quận Thủ Đức (TP. Thủ Đức),2,2,,căn hộ,,,so hong
5650.0,45.0,"Quận Gò Vấp, TP. Hồ Chí Minh",Quận Gò Vấp,3,3,,nhà ở,,,so hong
4150.0,22.0,"Quận Gò Vấp, TP. Hồ Chí Minh",Quận Gò Vấp,3,3,,nhà ở,,,so hong
3380.0,24.0,"Quận Gò Vấp, TP. Hồ Chí Minh",Quận Gò Vấp,1,2,,nhà hẻm,,,so hong
5680.0,33.0,"Quận Bình Thạnh, TP. Hồ Chí Minh",Quận Bình Thạnh,2,2,,nhà ở,,,so hong
5350.0,27.0,"Quận Gò Vấp, TP. Hồ Chí Minh",Quận Gò Vấp,3,2,,nhà ở,,,so hong
2500.0,38.0,"Quận 7, TP. Hồ Chí Minh",Quận 7,1,1,,căn hộ,,,giay to hop le
20000.0,247.0,"Quận Bình Thạnh, TP. Hồ Chí Minh",Quận Bình Thạnh,0,0,,biệt thự,,,so hong
16900.0,65.0,"Quận Phú Nhuận, TP. Hồ Chí Minh",Quận Phú Nhuận,5,4,,nhà ở,,,so hong
2890.0,56.0,"Quận 7, TP. Hồ Chí Minh",Quận 7,2,2,,nhà ở,,,so hong
2490.0,43.0,"Quận Phú Nhuận, TP. Hồ Chí Minh",Quận Phú Nhuận,2,1,,nhà ở,,,so hong
2310.0,52.0,"Quận Tân Phú, TP. Hồ Chí Minh",Quận Tân Phú,2,2,,nhà ở,,,so hong
2650.0,47.0,"Quận 10, TP. Hồ Chí Minh",Quận 10,2,2,,nhà ở,,,so hong
2670.0,51.0,"Quận Gò Vấp, TP. Hồ Chí Minh",Quận Gò Vấp,2,2,,nhà ở,,,so hong
2750.0,49.0,"Quận Bình Thạnh, TP. Hồ Chí Minh",Quận Bình Thạnh,2,2,,nhà ở,,,so hong
2130.0,46.0,"Quận Phú Nhuận, TP. Hồ Chí Minh",Quận Phú Nhuận,2,2,,nhà ở,,,so hong
2860.0,48.0,"Quận 2 (TP. Thủ Đức), TP. Hồ Chí Minh",Quận 2 (TP. Thủ Đức),2,2,,nhà ở,,,so hong
2680.0,53.0,"Quận 3, TP. Hồ Chí Minh",Quận 3,2,2,,nhà ở,,,so hong
2760.0,54.0,"Quận 10, TP. Hồ Chí Minh",Quận 10,3,2,,nhà ở,,,so hong
2960.0,51.0,"Quận 4, TP. Hồ Chí Minh",Quận 4,3,2,,nhà ở,,,khong xac dinh
2530.0,73.0,"Quận Bình Thạnh, TP. Hồ Chí Minh",Quận Bình Thạnh,2,2,,căn hộ,,,so hong
2620.0,68.0,"Quận 7, TP. Hồ Chí Minh",Quận 7,2,2,,căn hộ,,,so hong
2640.0,50.0,"Quận 11, TP. Hồ Chí Minh",Quận 11,2,2,,nhà ở,,,so hong
3120.0,52.0,"Quận Tân Bình, TP. Hồ Chí Minh",Quận Tân Bình,4,3,,nhà ở,,,so hong
1220.0,40.0,"Quận Thủ Đức (TP. Thủ Đức), TP. Hồ Chí Minh",Quận Thủ Đức (TP. Thủ Đức),2,2,,nhà ở,,,so hong
2630.0,49.0,"Quận Gò Vấp, TP. Hồ Chí Minh",Quận Gò Vấp,2,2,,nhà ở,,,so hong
2640.0,54.0,"Quận Phú Nhuận, TP. Hồ Chí Minh",Quận Phú Nhuận,3,2,,nhà ở,,,so hong
11400.0,160.0,"Quận 9 (TP. Thủ Đức), TP. Hồ Chí Minh",Quận 9 (TP. Thủ Đức),2,2,,nhà ở,,,so hong
7600.0,105.0,"Quận 9 (TP. Thủ Đức), TP. Hồ Chí Minh",Quận 9 (TP. Thủ Đức),0,0,,nhà ở,,,so hong
7700.0,83.0,"Quận 9 (TP. Thủ Đức), TP. Hồ Chí Minh",Quận 9 (TP. Thủ Đức),0,0,,căn hộ,,,so hong
5800.0,80.0,"Quận 9 (TP. Thủ Đức), TP. Hồ Chí Minh",Quận 9 (TP. Thủ Đức),0,0,,nhà ở,,,so hong
13500.0,182.0,"Quận 9 (TP. Thủ Đức), TP. Hồ Chí Minh",Quận 9 (TP. Thủ Đức),0,0,,nhà ở,,,so hong
6100.0,65.0,"Quận 9 (TP. Thủ Đức), TP. Hồ Chí Minh",Quận 9 (TP. Thủ Đức),0,0,,nhà ở,,,so hong
4500.0,73.0,"Quận 9 (TP. Thủ Đức), TP. Hồ Chí Minh",Quận 9 (TP. Thủ Đức),0,0,,nhà ở,,,so hong
8800.0,88.0,"Quận 9 (TP. Thủ Đức), TP. Hồ Chí Minh",Quận 9 (TP. Thủ Đức),0,0,,nhà ở,,,so hong
7700.0,70.0,"Quận 9 (TP. Thủ Đức), TP. Hồ Chí Minh",Quận 9 (TP. Thủ Đức),0,0,,nhà ở,,,so hong
8300.0,85.0,"Quận 9 (TP. Thủ Đức), TP. Hồ Chí Minh",Quận 9 (TP. Thủ Đức),0,0,,nhà ở,,,so hong
7000.0,92.0,"Quận 9 (TP. Thủ Đức), TP. Hồ Chí Minh",Quận 9 (TP. Thủ Đức),0,0,,nhà ở,,,so hong
10500.0,105.0,"Quận 9 (TP. Thủ Đức), TP. Hồ Chí Minh",Quận 9 (TP. Thủ Đức),0,0,,nhà ở,,,so hong
14000.0,284.0,"Quận 9 (TP. Thủ Đức), TP. Hồ Chí Minh",Quận 9 (TP. Thủ Đức),0,0,,đất nền,,,so hong
13000.0,110.0,"Quận 9 (TP. Thủ Đức), TP. Hồ Chí Minh",Quận 9 (TP. Thủ Đức),1,1,,nhà ở,,,so hong
11800.0,160.0,"Quận 9 (TP. Thủ Đức), TP. Hồ Chí Minh",Quận 9 (TP. Thủ Đức),1,1,,nhà ở,,,so hong
4350.0,76.0,"Quận 9 (TP. Thủ Đức), TP. Hồ Chí Minh",Quận 9 (TP. Thủ Đức),2,1,,nhà ở,,,so hong
8800.0,97.0,"Quận 9 (TP. Thủ Đức), TP. Hồ Chí Minh",Quận 9 (TP. Thủ Đức),6,6,,căn hộ,,,so hong
7100.0,52.0,"Quận Bình Tân, TP. Hồ Chí Minh",Quận Bình Tân,5,5,,nhà hẻm,,,so hong
9400.0,147.0,"Quận Thủ Đức (TP. Thủ Đức), TP. Hồ Chí Minh",Quận Thủ Đức (TP. Thủ Đức),3,3,,nhà ở,,,so hong
7300.0,70.0,"Quận Bình Tân, TP. Hồ Chí Minh",Quận Bình Tân,3,2,,nhà hẻm,,,so hong
15000.0,175.0,"Quận 9 (TP. Thủ Đức), TP. Hồ Chí Minh",Quận 9 (TP. Thủ Đức),0,0,,nhà ở,,,so hong
10900.0,98.0,"Quận Bình Tân, TP. Hồ Chí Minh",Quận Bình Tân,9,7,,nhà hẻm,,,so hong
5600.0,75.0,"Quận 9 (TP. Thủ Đức), TP. Hồ Chí Minh",Quận 9 (TP. Thủ Đức),0,0,,nhà ở,,,hop dong mua ban
7500.0,96.0,"Quận Bình Tân, TP. Hồ Chí Minh",Quận Bình Tân,7,4,,nhà hẻm,,,so hong
7700.0,89.0,"Quận 9 (TP. Thủ Đức), TP. Hồ Chí Minh",Quận 9 (TP. Thủ Đức),0,0,,nhà ở,,,so hong
14000.0,225.0,"Quận Bình Tân, TP. Hồ Chí Minh",Quận Bình Tân,13,13,,nhà ở,,,so hong
7400.0,116.0,"Quận 9 (TP. Thủ Đức), TP. Hồ Chí Minh",Quận 9 (TP. Thủ Đức),0,0,,nhà ở,,,so hong
10800.0,214.0,"Quận Thủ Đức (TP. Thủ Đức), TP. Hồ Chí Minh",Quận Thủ Đức (TP. Thủ Đức),0,0,,nhà ở,,,so hong
13500.0,100.0,"Quận Bình Tân, TP. Hồ Chí Minh",Quận Bình Tân,5,4,,nhà ở,,,so hong
7300.0,83.0,"Quận 9 (TP. Thủ Đức), TP. Hồ Chí Minh",Quận 9 (TP. Thủ Đức),0,0,,nhà ở,,,so hong
11500.0,80.0,"Quận Bình Tân, TP. Hồ Chí Minh",Quận Bình Tân,4,4,,nhà ở,,,so hong
42000.0,1000.0,"Quận Bình Tân, TP. Hồ Chí Minh",Quận Bình Tân,0,0,,đất nền,,,so hong
7000.0,92.0,"Quận Bình Tân, TP. Hồ Chí Minh",Quận Bình Tân,2,2,,nhà ở,,,so hong
15200.0,154.0,"Quận Bình Tân, TP. Hồ Chí Minh",Quận Bình Tân,5,6,,nhà hẻm,,,so hong
16500.0,194.0,"Quận Bình Tân, TP. Hồ Chí Minh",Quận Bình Tân,4,5,,nhà hẻm,,,so hong
10000.0,83.0,"Quận Bình Tân, TP. Hồ Chí Minh",Quận Bình Tân,2,2,,nhà ở,,,so hong
10900.0,80.0,"Quận Bình Tân, TP. Hồ Chí Minh",Quận Bình Tân,4,4,,nhà ở,,,so hong
14900.0,96.0,"Quận Bình Tân, TP. Hồ Chí Minh",Quận Bình Tân,9,5,,nhà ở,,,so hong
2200.0,55.0,"Quận Gò Vấp, TP. Hồ Chí Minh",Quận Gò Vấp,2,2,,nhà ở,,,so hong
12900.0,90.0,"Quận Bình Tân, TP. Hồ Chí Minh",Quận Bình Tân,15,15,,căn hộ,,,so hong
2040.0,51.0,"Quận Gò Vấp, TP. Hồ Chí Minh",Quận Gò Vấp,2,2,,nhà ở,,,so hong
12600.0,90.0,"Quận Bình Tân, TP. Hồ Chí Minh",Quận Bình Tân,4,4,,nhà ở,,,so hong
27500.0,675.0,"Quận Bình Tân, TP. Hồ Chí Minh",Quận Bình Tân,2,2,,nhà ở,,,so hong
8500.0,93.0,"Quận Bình Tân, TP. Hồ Chí Minh",Quận Bình Tân,10,10,,nhà ở,,,so hong
10200.0,140.0,"Quận 9 (TP. Thủ Đức), TP. Hồ Chí Minh",Quận 9 (TP. Thủ Đức),0,0,,nhà ở,,,so do
11400.0,88.0,"Quận Bình Thạnh, TP. Hồ Chí Minh",Quận Bình Thạnh,7,5,,nhà ở,,,so hong
9290.0,96.0,"Quận 2 (TP. Thủ Đức), TP. Hồ Chí Minh",Quận 2 (TP. Thủ Đức),4,3,,nhà ở,,,so do
46000.0,200.0,"Quận 2 (TP. Thủ Đức), TP. Hồ Chí Minh",Quận 2 (TP. Thủ Đức),6,6,,biệt thự,,,so hong
41300.0,245.0,"Quận 2 (TP. Thủ Đức), TP. Hồ Chí Minh",Quận 2 (TP. Thủ Đức),0,0,,đất nền,,,so do
14500.0,130.0,"Quận 2 (TP. Thủ Đức), TP. Hồ Chí Minh",Quận 2 (TP. Thủ Đức),0,0,,đất nền,,,so do
62544.0,782.0,"Quận 2 (TP. Thủ Đức), TP. Hồ Chí Minh",Quận 2 (TP. Thủ Đức),0,0,,nhà ở,,,so do
9400.0,71.0,"Quận 2 (TP. Thủ Đức), TP. Hồ Chí Minh",Quận 2 (TP. Thủ Đức),3,2,,nhà ở,,,so hong
20000.0,103.0,"Quận 9 (TP. Thủ Đức), TP. Hồ Chí Minh",Quận 9 (TP. Thủ Đức),2,3,,nhà ở,,,so hong
46000.0,187.0,"Quận 2 (TP. Thủ Đức), TP. Hồ Chí Minh",Quận 2 (TP. Thủ Đức),0,0,,biệt thự,,,so hong
13500.0,100.0,"Quận 2 (TP. Thủ Đức), TP. Hồ Chí Minh",Quận 2 (TP. Thủ Đức),0,0,,nhà ở,,,so do
15500.0,140.0,"Quận 7, TP. Hồ Chí Minh",Quận 7,3,2,,nhà ở,,,so hong
12500.0,135.0,"Quận 7, TP. Hồ Chí Minh",Quận 7,3,2,,nhà ở,,,so hong
10000.0,103.0,"Quận 7, TP. Hồ Chí Minh",Quận 7,3,2,,nhà ở,,,so hong
14000.0,135.0,"Quận 7, TP. Hồ Chí Minh",Quận 7,3,2,,nhà ở,,,so hong
13500.0,135.0,"Quận 7, TP. Hồ Chí Minh",Quận 7,3,2,,nhà ở,,,so hong
13000.0,122.0,"Quận 7, TP. Hồ Chí Minh",Quận 7,3,2,,nhà ở,,,so hong
17500.0,123.0,"Quận 7, TP. Hồ Chí Minh",Quận 7,3,2,,nhà ở,,,so hong
14500.0,127.0,"Quận 7, TP. Hồ Chí Minh",Quận 7,3,2,,nhà ở,,,so hong
8200.0,85.0,"Quận 7, TP. Hồ Chí Minh",Quận 7,2,2,,nhà ở,,,so hong
7600.0,81.0,"Quận 7, TP. Hồ Chí Minh",Quận 7,2,2,,nhà ở,,,so hong
8200.0,125.0,"Quận 7, TP. Hồ Chí Minh",Quận 7,3,2,,nhà ở,,,so hong
13600.0,135.0,"Quận 7, TP. Hồ Chí Minh",Quận 7,3,2,,nhà ở,,,so hong
12800.0,120.0,"Quận 7, TP. Hồ Chí Minh",Quận 7,3,2,,nhà ở,,,so hong
8500.0,125.0,"Quận 7, TP. Hồ Chí Minh",Quận 7,3,2,,nhà ở,,,so hong
7500.0,77.0,"Quận 7, TP. Hồ Chí Minh",Quận 7,2,2,,nhà ở,,,so hong
23000.0,218.0,"Quận 7, TP. Hồ Chí Minh",Quận 7,3,3,,nhà ở,,,so hong
9400.0,100.0,"Quận 7, TP. Hồ Chí Minh",Quận 7,3,2,,nhà ở,,,so hong
980.0,100.0,"Quận 7, TP. Hồ Chí Minh",Quận 7,3,2,,nhà ở,,,so hong
13500.0,120.0,"Quận 7, TP. Hồ Chí Minh",Quận 7,3,2,,nhà ở,,,so hong
12200.0,128.0,"Quận 7, TP. Hồ Chí Minh",Quận 7,3,2,,nhà ở,,,so hong
11500.0,128.0,"Quận 7, TP. Hồ Chí Minh",Quận 7,3,2,,nhà ở,,,so hong
13500.0,131.0,"Quận 7, TP. Hồ Chí Minh",Quận 7,3,2,,nhà ở,,,so hong
10300.0,128.0,"Quận 7, TP. Hồ Chí Minh",Quận 7,3,2,,nhà ở,,,so hong
22200.0,218.0,"Quận 7, TP. Hồ Chí Minh",Quận 7,3,3,,nhà ở,,,so hong
8100.0,80.0,"Quận 7, TP. Hồ Chí Minh",Quận 7,2,2,,nhà ở,,,so hong
3800.0,30.0,"Quận Gò Vấp, TP. Hồ Chí Minh",Quận Gò Vấp,2,2,,nhà hẻm,,,so hong
22500.0,218.0,"Quận 7, TP. Hồ Chí Minh",Quận 7,3,3,,nhà ở,,,so hong
5800.0,43.0,"Quận Gò Vấp, TP. Hồ Chí Minh",Quận Gò Vấp,3,2,,nhà ở,,,so hong
22000.0,218.0,"Quận 7, TP. Hồ Chí Minh",Quận 7,3,3,,nhà ở,,,so hong
6500.0,64.0,"Quận Bình Thạnh, TP. Hồ Chí Minh",Quận Bình Thạnh,6,6,,nhà ở,,,so hong
13500.0,110.0,"Quận 7, TP. Hồ Chí Minh",Quận 7,3,2,,nhà ở,,,so hong
9650.0,100.0,"Quận 7, TP. Hồ Chí Minh",Quận 7,3,2,,nhà ở,,,so hong
13000.0,135.0,"Quận 7, TP. Hồ Chí Minh",Quận 7,3,2,,nhà ở,,,so hong
9300.0,100.0,"Quận 7, TP. Hồ Chí Minh",Quận 7,3,2,,nhà ở,,,so hong
8600.0,103.0,"Quận 7, TP. Hồ Chí Minh",Quận 7,3,2,,nhà ở,,,so hong
13000.0,120.0,"Quận 7, TP. Hồ Chí Minh",Quận 7,3,2,,nhà ở,,,so hong
9500.0,100.0,"Quận 7, TP. Hồ Chí Minh",Quận 7,3,2,,nhà ở,,,so hong
10350.0,128.0,"Quận 7, TP. Hồ Chí Minh",Quận 7,3,2,,nhà ở,,,so hong
9550.0,100.0,"Quận 7, TP. Hồ Chí Minh",Quận 7,3,2,,nhà ở,,,so hong
13200.0,135.0,"Quận 7, TP. Hồ Chí Minh",Quận 7,3,2,,nhà ở,,,so hong
14000.0,120.0,"Quận 7, TP. Hồ Chí Minh",Quận 7,3,2,,nhà ở,,,so hong
9600.0,100.0,"Quận 7, TP. Hồ Chí Minh",Quận 7,3,2,,nhà ở,,,so hong
16500.0,124.0,"Quận 7, TP. Hồ Chí Minh",Quận 7,3,2,,nhà ở,,,hop dong mua ban
8050.0,85.0,"Quận 7, TP. Hồ Chí Minh",Quận 7,2,2,,nhà ở,,,so hong
8500.0,89.0,"Quận 7, TP. Hồ Chí Minh",Quận 7,2,2,,nhà ở,,,so hong
14000.0,110.0,"Quận 7, TP. Hồ Chí Minh",Quận 7,3,2,,nhà ở,,,so hong
19000.0,178.0,"Quận 7, TP. Hồ Chí Minh",Quận 7,3,2,,nhà ở,,,so hong
9399.0,100.0,"Quận 7, TP. Hồ Chí Minh",Quận 7,3,2,,nhà ở,,,so hong
17500.0,124.0,"Quận 7, TP. Hồ Chí Minh",Quận 7,3,2,,nhà ở,,,so hong
7600.0,80.0,"Quận 7, TP. Hồ Chí Minh",Quận 7,2,2,,nhà ở,,,so hong
8700.0,103.0,"Quận 7, TP. Hồ Chí Minh",Quận 7,2,2,,nhà ở,,,so hong
13800.0,135.0,"Quận 7, TP. Hồ Chí Minh",Quận 7,3,2,,nhà ở,,,so hong
15500.0,145.0,"Quận 7, TP. Hồ Chí Minh",Quận 7,3,2,,nhà ở,,,so hong
12500.0,128.0,"Quận 7, TP. Hồ Chí Minh",Quận 7,3,2,,nhà ở,,,so hong
13600.0,120.0,"Quận 7, TP. Hồ Chí Minh",Quận 7,3,2,,nhà ở,,,so hong
9100.0,115.0,"Quận 7, TP. Hồ Chí Minh",Quận 7,3,2,,nhà ở,,,so hong
11000.0,128.0,"Quận 7, TP. Hồ Chí Minh",Quận 7,3,2,,nhà ở,,,so hong
10300.0,100.0,"Quận 7, TP. Hồ Chí Minh",Quận 7,3,2,,nhà ở,,,so hong
9800.0,103.0,"Quận 7, TP. Hồ Chí Minh",Quận 7,3,2,,nhà ở,,,so hong
6800.0,116.0,"Quận Thủ Đức (TP. Thủ Đức), TP. Hồ Chí Minh",Quận Thủ Đức (TP. Thủ Đức),0,0,,nhà ở,,,so hong
41000.0,341.0,"Quận 9 (TP. Thủ Đức), TP. Hồ Chí Minh",Quận 9 (TP. Thủ Đức),4,5,,biệt thự,,,so hong
7900.0,108.0,"Quận 9 (TP. Thủ Đức), TP. Hồ Chí Minh",Quận 9 (TP. Thủ Đức),5,5,,nhà ở,,,hop dong mua ban
19000.0,160.0,"Quận 9 (TP. Thủ Đức), TP. Hồ Chí Minh",Quận 9 (TP. Thủ Đức),4,4,,biệt thự,,,so hong
4500.0,80.0,"Quận Thủ Đức (TP. Thủ Đức), TP. Hồ Chí Minh",Quận Thủ Đức (TP. Thủ Đức),2,2,,căn hộ,,,so hong
5100.0,85.0,"Quận 9 (TP. Thủ Đức), TP. Hồ Chí Minh",Quận 9 (TP. Thủ Đức),0,0,,đất nền,,,so hong
41600.0,160.0,"Quận 2 (TP. Thủ Đức), TP. Hồ Chí Minh",Quận 2 (TP. Thủ Đức),3,3,,nhà ở,,,so hong
2080.0,52.0,"Quận Gò Vấp, TP. Hồ Chí Minh",Quận Gò Vấp,2,2,,nhà ở,,,so hong
2040.0,51.0,"Quận Bình Thạnh, TP. Hồ Chí Minh",Quận Bình Thạnh,2,2,,nhà ở,,,so hong
45000.0,160.0,"Quận 2 (TP. Thủ Đức), TP. Hồ Chí Minh",Quận 2 (TP. Thủ Đức),4,4,,biệt thự,,,so hong
8000.0,75.0,"Huyện Hóc Môn, TP. Hồ Chí Minh",Huyện Hóc Môn,5,5,,nhà ở,,,so hong
22700.0,240.0,"Quận 9 (TP. Thủ Đức), TP. Hồ Chí Minh",Quận 9 (TP. Thủ Đức),5,5,,nhà ở,,,so hong
6300.0,63.0,"Quận 9 (TP. Thủ Đức), TP. Hồ Chí Minh",Quận 9 (TP. Thủ Đức),0,0,,nhà ở,,,so hong
6300.0,50.0,"Quận 10, TP. Hồ Chí Minh",Quận 10,3,2,,nhà ở,,,so hong
4600.0,34.0,"Quận 10, TP. Hồ Chí Minh",Quận 10,3,2,,nhà hẻm,,,so hong
6700.0,64.0,"Quận Gò Vấp, TP. Hồ Chí Minh",Quận Gò Vấp,4,5,,nhà ở,,,so hong
9800.0,39.0,"Quận 3, TP. Hồ Chí Minh",Quận 3,3,3,,nhà ở,,,khong xac dinh
5300.0,72.0,"Quận 12, TP. Hồ Chí Minh",Quận 12,0,0,,nhà ở,,,so hong
4550.0,56.0,"Quận 2 (TP. Thủ Đức), TP. Hồ Chí Minh",Quận 2 (TP. Thủ Đức),1,1,,nhà ở,,,so hong
23000.0,78.0,"Quận 5, TP. Hồ Chí Minh",Quận 5,3,3,,nhà ở,,,so hong
25999.0,120.0,"Quận 10, TP. Hồ Chí Minh",Quận 10,10,10,,nhà ở,,,so hong
58000.0,327.0,"Quận 10, TP. Hồ Chí Minh",Quận 10,1,1,,biệt thự,,,so hong
78000.0,300.0,"Quận 10, TP. Hồ Chí Minh",Quận 10,4,4,,nhà ở,,,so hong
49000.0,245.0,"Quận 3, TP. Hồ Chí Minh",Quận 3,5,6,,biệt thự,,,so hong
39500.0,156.0,"Quận 3, TP. Hồ Chí Minh",Quận 3,5,6,,biệt thự,,,so hong
23500.0,100.0,"Quận 3, TP. Hồ Chí Minh",Quận 3,6,7,,nhà ở,,,so hong
61000.0,300.0,"Quận Tân Bình, TP. Hồ Chí Minh",Quận Tân Bình,4,4,,nhà ở,,,so hong
26499.0,99.0,"Quận 10, TP. Hồ Chí Minh",Quận 10,11,11,,căn hộ,,,so hong
21000.0,72.0,"Quận 10, TP. Hồ Chí Minh",Quận 10,7,8,,nhà ở,,,so hong
32000.0,171.0,"Quận 10, TP. Hồ Chí Minh",Quận 10,4,4,,biệt thự,,,so hong
27000.0,105.0,"Quận 3, TP. Hồ Chí Minh",Quận 3,5,3,,nhà ở,,,so hong
69000.0,245.0,"Quận 3, TP. Hồ Chí Minh",Quận 3,4,4,,nhà ở,,,so hong
28000.0,110.0,"Quận 10, TP. Hồ Chí Minh",Quận 10,6,4,,nhà ở,,,so hong
38000.0,235.0,"Quận Tân Bình, TP. Hồ Chí Minh",Quận Tân Bình,3,3,,biệt thự,,,so hong
60000.0,237.0,"Quận 3, TP. Hồ Chí Minh",Quận 3,1,1,,nhà ở,,,so hong
23000.0,100.0,"Quận 3, TP. Hồ Chí Minh",Quận 3,3,3,,biệt thự,,,so hong
26000.0,100.0,"Quận Phú Nhuận, TP. Hồ Chí Minh",Quận Phú Nhuận,5,6,,biệt thự,,,so hong
34999.0,137.0,"Quận 10, TP. Hồ Chí Minh",Quận 10,4,4,,nhà ở,,,so hong
65000.0,381.0,"Quận 10, TP. Hồ Chí Minh",Quận 10,5,5,,biệt thự,,,so hong
13900.0,90.0,"Quận Phú Nhuận, TP. Hồ Chí Minh",Quận Phú Nhuận,4,3,,nhà ở,,,so hong
26000.0,105.0,"Quận 10, TP. Hồ Chí Minh",Quận 10,5,5,,nhà ở,,,so hong
23000.0,107.0,"Quận 3, TP. Hồ Chí Minh",Quận 3,5,5,,nhà ở,,,so hong
22000.0,123.0,"Quận 10, TP. Hồ Chí Minh",Quận 10,1,1,,nhà hẻm,,,so hong
40000.0,171.0,"Quận 3, TP. Hồ Chí Minh",Quận 3,5,6,,nhà ở,,,so hong
20000.0,140.0,"Quận Tân Bình, TP. Hồ Chí Minh",Quận Tân Bình,4,5,,biệt thự,,,so hong
26499.0,160.0,"Quận Phú Nhuận, TP. Hồ Chí Minh",Quận Phú Nhuận,3,3,,biệt thự,,,so hong
51000.0,242.0,"Quận Tân Bình, TP. Hồ Chí Minh",Quận Tân Bình,8,8,,nhà ở,,,so hong
43000.0,150.0,"Quận 10, TP. Hồ Chí Minh",Quận 10,5,6,,biệt thự,,,so hong
33500.0,209.0,"Quận Phú Nhuận, TP. Hồ Chí Minh",Quận Phú Nhuận,8,8,,nhà ở,,,so hong
63000.0,249.0,"Quận Bình Thạnh, TP. Hồ Chí Minh",Quận Bình Thạnh,7,7,,nhà ở,,,so hong
41000.0,213.0,"Quận 10, TP. Hồ Chí Minh",Quận 10,5,5,,biệt thự,,,so hong
20500.0,112.0,"Quận 10, TP. Hồ Chí Minh",Quận 10,3,2,,biệt thự,,,khong xac dinh
51999.0,335.0,"Quận Tân Bình, TP. Hồ Chí Minh",Quận Tân Bình,7,8,,biệt thự,,,so hong
8000.0,37.0,"Quận 3, TP. Hồ Chí Minh",Quận 3,2,2,,nhà ở,,,so hong
15500.0,87.0,"Quận Tân Bình, TP. Hồ Chí Minh",Quận Tân Bình,12,13,,nhà ở,,,so hong
85000.0,400.0,"Quận 1, TP. Hồ Chí Minh",Quận 1,1,1,,nhà ở,,,so hong
40000.0,137.0,"Quận 1, TP. Hồ Chí Minh",Quận 1,6,6,,nhà ở,,,so hong
29000.0,100.0,"Quận 3, TP. Hồ Chí Minh",Quận 3,5,5,,nhà ở,,,so hong
35000.0,140.0,"Quận 3, TP. Hồ Chí Minh",Quận 3,4,5,,biệt thự,,,so hong
26000.0,100.0,"Quận 10, TP. Hồ Chí Minh",Quận 10,4,5,,biệt thự,,,so hong
19000.0,70.0,"Quận 10, TP. Hồ Chí Minh",Quận 10,2,2,,nhà ở,,,so hong
57000.0,200.0,"Quận 10, TP. Hồ Chí Minh",Quận 10,10,10,,nhà ở,,,so hong
17500.0,80.0,"Quận 3, TP. Hồ Chí Minh",Quận 3,7,5,,nhà ở,,,so hong
39000.0,172.0,"Quận 10, TP. Hồ Chí Minh",Quận 10,6,6,,nhà ở,,,so hong
16000.0,83.0,"Quận Phú Nhuận, TP. Hồ Chí Minh",Quận Phú Nhuận,4,2,,nhà hẻm,,,so hong
22000.0,105.0,"Quận 10, TP. Hồ Chí Minh",Quận 10,4,4,,nhà ở,,,so hong
32999.0,171.0,"Quận 10, TP. Hồ Chí Minh",Quận 10,3,3,,biệt thự,,,so hong
50000.0,318.0,"Quận Tân Bình, TP. Hồ Chí Minh",Quận Tân Bình,4,4,,nhà ở,,,so hong
60000.0,259.0,"Quận 10, TP. Hồ Chí Minh",Quận 10,7,7,,nhà ở,,,so hong
26000.0,106.0,"Quận 3, TP. Hồ Chí Minh",Quận 3,8,4,,biệt thự,,,so hong
39000.0,152.0,"Quận 3, TP. Hồ Chí Minh",Quận 3,3,3,,nhà ở,,,so hong
66000.0,350.0,"Quận Tân Bình, TP. Hồ Chí Minh",Quận Tân Bình,8,9,,biệt thự,,,so hong
36800.0,218.0,"Quận Tân Bình, TP. Hồ Chí Minh",Quận Tân Bình,5,5,,biệt thự,,,so hong
33500.0,116.0,"Quận Tân Bình, TP. Hồ Chí Minh",Quận Tân Bình,10,10,,nhà ở,,,so hong
40000.0,180.0,"Quận 3, TP. Hồ Chí Minh",Quận 3,2,2,,nhà ở,,,so hong
75000.0,373.0,"Quận 10, TP. Hồ Chí Minh",Quận 10,10,10,,nhà ở,,,so hong
83000.0,390.0,"Quận 10, TP. Hồ Chí Minh",Quận 10,3,3,,nhà ở,,,so hong
22000.0,112.0,"Quận Tân Bình, TP. Hồ Chí Minh",Quận Tân Bình,13,13,,căn hộ,,,so hong
28000.0,103.0,"Quận 3, TP. Hồ Chí Minh",Quận 3,2,2,,nhà ở,,,so hong
29000.0,107.0,"Quận 10, TP. Hồ Chí Minh",Quận 10,8,4,,nhà ở,,,so hong
32500.0,143.0,"Quận 10, TP. Hồ Chí Minh",Quận 10,5,5,,nhà ở,,,so hong
38000.0,132.0,"Quận 1, TP. Hồ Chí Minh",Quận 1,6,7,,biệt thự,,,so hong
24000.0,134.0,"Quận Tân Bình, TP. Hồ Chí Minh",Quận Tân Bình,13,14,,nhà ở,,,so hong
48000.0,162.0,"Quận 3, TP. Hồ Chí Minh",Quận 3,14,14,,nhà ở,,,so hong
6900.0,100.0,"Quận 12, TP. Hồ Chí Minh",Quận 12,4,5,,nhà ở,,,so hong
8100.0,75.0,"Quận 12, TP. Hồ Chí Minh",Quận 12,4,5,,nhà ở,,,so hong
9200.0,100.0,"Quận 12, TP. Hồ Chí Minh",Quận 12,4,5,,nhà ở,,,so hong
4600.0,76.0,"Quận 12, TP. Hồ Chí Minh",Quận 12,0,0,,nhà ở,,,so hong
6600.0,60.0,"Quận 12, TP. Hồ Chí Minh",Quận 12,4,6,,nhà ở,,,so hong
6950.0,80.0,"Quận 12, TP. Hồ Chí Minh",Quận 12,4,6,,nhà ở,,,so hong
6300.0,100.0,"Quận 12, TP. Hồ Chí Minh",Quận 12,3,4,,nhà ở,,,so hong
6880.0,68.0,"Quận 12, TP. Hồ Chí Minh",Quận 12,4,5,,nhà ở,,,so hong
6250.0,54.0,"Quận 12, TP. Hồ Chí Minh",Quận 12,4,6,,nhà ở,,,so hong
9850.0,85.0,"Quận 12, TP. Hồ Chí Minh",Quận 12,4,6,,nhà ở,,,so hong
5800.0,54.0,"Quận 12, TP. Hồ Chí Minh",Quận 12,3,4,,nhà ở,,,so hong
4000.0,68.0,"Quận 12, TP. Hồ Chí Minh",Quận 12,0,0,,đất nền,,,so hong
3750.0,67.0,"Quận 12, TP. Hồ Chí Minh",Quận 12,0,0,,đất nền,,,so hong
6300.0,54.0,"Quận 12, TP. Hồ Chí Minh",Quận 12,4,5,,nhà ở,,,so hong
6600.0,62.0,"Quận 12, TP. Hồ Chí Minh",Quận 12,4,6,,nhà ở,,,so hong
5190.0,92.0,"Quận 12, TP. Hồ Chí Minh",Quận 12,0,0,,nhà ở,,,so hong
7100.0,80.0,"Quận 12, TP. Hồ Chí Minh",Quận 12,4,6,,nhà ở,,,so hong
6600.0,63.0,"Quận 12, TP. Hồ Chí Minh",Quận 12,4,5,,nhà ở,,,so hong
6700.0,64.0,"Quận 12, TP. Hồ Chí Minh",Quận 12,4,5,,nhà ở,,,so hong
6800.0,64.0,"Quận 12, TP. Hồ Chí Minh",Quận 12,4,5,,nhà ở,,,so hong
8150.0,68.0,"Quận 12, TP. Hồ Chí Minh",Quận 12,4,6,,nhà ở,,,so hong
7300.0,68.0,"Quận 12, TP. Hồ Chí Minh",Quận 12,4,5,,nhà ở,,,so hong
7500.0,88.0,"Quận 12, TP. Hồ Chí Minh",Quận 12,4,6,,nhà ở,,,so hong
8990.0,53.0,"Quận 12, TP. Hồ Chí Minh",Quận 12,4,6,,nhà ở,,,so hong
7600.0,72.0,"Quận 12, TP. Hồ Chí Minh",Quận 12,4,6,,nhà ở,,,so hong
6650.0,62.0,"Quận 12, TP. Hồ Chí Minh",Quận 12,4,5,,nhà ở,,,so hong
12950.0,100.0,"Quận 12, TP. Hồ Chí Minh",Quận 12,5,8,,nhà ở,,,hop dong mua ban
6650.0,52.0,"Quận 12, TP. Hồ Chí Minh",Quận 12,4,5,,nhà ở,,,so hong
3450.0,32.0,"Quận 12, TP. Hồ Chí Minh",Quận 12,2,2,,nhà ở,,,so hong
9300.0,88.0,"Quận 12, TP. Hồ Chí Minh",Quận 12,4,6,,nhà ở,,,so hong
6900.0,114.0,"Quận 12, TP. Hồ Chí Minh",Quận 12,1,1,,nhà ở,,,so hong
7450.0,63.0,"Quận 12, TP. Hồ Chí Minh",Quận 12,4,5,,nhà ở,,,so hong
7050.0,56.0,"Quận 12, TP. Hồ Chí Minh",Quận 12,4,5,,nhà ở,,,so hong
10500.0,90.0,"Quận 12, TP. Hồ Chí Minh",Quận 12,0,0,,đất nền,,,so hong
8600.0,72.0,"Quận 12, TP. Hồ Chí Minh",Quận 12,4,5,,nhà ở,,,so hong
95000.0,1000.0,"Quận 12, TP. Hồ Chí Minh",Quận 12,0,0,,nhà ở,,,so hong
7400.0,77.0,"Quận 12, TP. Hồ Chí Minh",Quận 12,4,6,,nhà ở,,,so hong
7000.0,108.0,"Quận 12, TP. Hồ Chí Minh",Quận 12,3,3,,nhà ở,,,so hong
4150.0,75.0,"Quận 12, TP. Hồ Chí Minh",Quận 12,0,0,,nhà ở,,,so hong
7300.0,52.0,"Quận 12, TP. Hồ Chí Minh",Quận 12,4,5,,nhà ở,,,so hong
4800.0,64.0,"Quận 12, TP. Hồ Chí Minh",Quận 12,0,0,,đất nền,,,so hong
4200.0,45.0,"Quận 12, TP. Hồ Chí Minh",Quận 12,2,1,,nhà hẻm,,,so hong
6700.0,72.0,"Quận 12, TP. Hồ Chí Minh",Quận 12,4,6,,nhà ở,,,so hong
6900.0,96.0,"Quận 12, TP. Hồ Chí Minh",Quận 12,4,4,,nhà hẻm,,,so hong
8500.0,80.0,"Quận 12, TP. Hồ Chí Minh",Quận 12,4,6,,nhà ở,,,so hong
50000.0,1058.0,"Quận 12, TP. Hồ Chí Minh",Quận 12,0,0,,nhà ở,,,so hong
7500.0,74.0,"Quận 12, TP. Hồ Chí Minh",Quận 12,4,6,,nhà ở,,,so hong
5950.0,55.0,"Quận 12, TP. Hồ Chí Minh",Quận 12,5,6,,nhà ở,,,so hong
4350.0,52.0,"Quận 12, TP. Hồ Chí Minh",Quận 12,2,2,,nhà ở,,,so hong
6980.0,60.0,"Quận 12, TP. Hồ Chí Minh",Quận 12,4,4,,nhà ở,,,so hong
7500.0,48.0,"Quận Gò Vấp, TP. Hồ Chí Minh",Quận Gò Vấp,4,4,,nhà ở,,,so hong
6450.0,56.0,"Quận 12, TP. Hồ Chí Minh",Quận 12,4,6,,nhà ở,,,so hong
7500.0,80.0,"Quận 12, TP. Hồ Chí Minh",Quận 12,5,5,,nhà ở,,,so hong
6750.0,60.0,"Quận 12, TP. Hồ Chí Minh",Quận 12,4,5,,nhà ở,,,so hong
4100.0,52.0,"Quận 12, TP. Hồ Chí Minh",Quận 12,0,0,,nhà ở,,,so hong
6500.0,64.0,"Quận 12, TP. Hồ Chí Minh",Quận 12,4,5,,nhà ở,,,hop dong mua ban
4600.0,80.0,"Quận 12, TP. Hồ Chí Minh",Quận 12,7,7,,nhà ở,,,so hong
10500.0,95.0,"Quận Gò Vấp, TP. Hồ Chí Minh",Quận Gò Vấp,4,5,,nhà ở,,,so hong
8650.0,74.0,"Quận 12, TP. Hồ Chí Minh",Quận 12,4,5,,nhà ở,,,so hong
10500.0,100.0,"Quận 12, TP. Hồ Chí Minh",Quận 12,10,10,,nhà ở,,,so hong
7400.0,76.0,"Quận 12, TP. Hồ Chí Minh",Quận 12,4,6,,nhà ở,,,so hong
7700.0,100.0,"Quận 12, TP. Hồ Chí Minh",Quận 12,1,1,,nhà ở,,,so hong
8900.0,100.0,"Quận 12, TP. Hồ Chí Minh",Quận 12,4,6,,nhà ở,,,so hong
3400.0,51.0,"Quận 12, TP. Hồ Chí Minh",Quận 12,2,1,,nhà ở,,,so hong
6250.0,56.0,"Quận 12, TP. Hồ Chí Minh",Quận 12,4,5,,nhà ở,,,so hong
5900.0,70.0,"Quận 12, TP. Hồ Chí Minh",Quận 12,2,1,,nhà ở,,,so hong
6400.0,52.0,"Quận 12, TP. Hồ Chí Minh",Quận 12,4,5,,nhà ở,,,so hong
7990.0,96.0,"Quận 12, TP. Hồ Chí Minh",Quận 12,4,4,,nhà ở,,,so hong
3900.0,60.0,"Quận 12, TP. Hồ Chí Minh",Quận 12,0,0,,đất nền,,,so hong
7700.0,80.0,"Quận 12, TP. Hồ Chí Minh",Quận 12,4,6,,nhà ở,,,so hong
66000.0,1050.0,"Quận 12, TP. Hồ Chí Minh",Quận 12,4,4,,biệt thự,,,so hong
8900.0,83.0,"Quận 12, TP. Hồ Chí Minh",Quận 12,5,6,,nhà ở,,,so hong
8600.0,110.0,"Quận 12, TP. Hồ Chí Minh",Quận 12,2,1,,nhà ở,,,so hong
7950.0,80.0,"Quận 12, TP. Hồ Chí Minh",Quận 12,4,5,,nhà ở,,,so hong
19500.0,300.0,"Huyện Hóc Môn, TP. Hồ Chí Minh",Huyện Hóc Môn,1,1,,nhà ở,,,so hong
6800.0,72.0,"Quận 12, TP. Hồ Chí Minh",Quận 12,4,6,,nhà ở,,,so hong
9000.0,108.0,"Quận 12, TP. Hồ Chí Minh",Quận 12,1,1,,nhà ở,,,so hong
7400.0,83.0,"Quận 12, TP. Hồ Chí Minh",Quận 12,3,5,,nhà ở,,,so hong
7550.0,80.0,"Quận 12, TP. Hồ Chí Minh",Quận 12,4,6,,nhà ở,,,so hong
6100.0,90.0,"Quận 12, TP. Hồ Chí Minh",Quận 12,3,2,,nhà hẻm,,,so hong
4350.0,88.0,"Quận 12, TP. Hồ Chí Minh",Quận 12,0,0,,đất nền,,,so hong
6000.0,81.0,"Quận 12, TP. Hồ Chí Minh",Quận 12,4,4,,nhà ở,,,so hong
6800.0,60.0,"Quận 12, TP. Hồ Chí Minh",Quận 12,4,5,,nhà ở,,,so hong
6900.0,76.0,"Quận 12, TP. Hồ Chí Minh",Quận 12,5,3,,nhà ở,,,so hong
7250.0,64.0,"Quận 12, TP. Hồ Chí Minh",Quận 12,4,6,,nhà ở,,,so hong
5999.0,55.0,"Quận 12, TP. Hồ Chí Minh",Quận 12,4,3,,nhà ở,,,so hong
6350.0,56.0,"Quận 12, TP. Hồ Chí Minh",Quận 12,4,5,,nhà ở,,,so hong
7500.0,100.0,"Quận 12, TP. Hồ Chí Minh",Quận 12,1,1,,nhà ở,,,so hong
6700.0,68.0,"Quận 12, TP. Hồ Chí Minh",Quận 12,4,6,,nhà ở,,,so hong
3550.0,55.0,"Quận 12, TP. Hồ Chí Minh",Quận 12,2,1,,nhà hẻm,,,so hong
5650.0,55.0,"Quận 12, TP. Hồ Chí Minh",Quận 12,3,4,,nhà ở,,,so hong
7100.0,90.0,"Quận 12, TP. Hồ Chí Minh",Quận 12,0,0,,nhà phố,,,so hong
4950.0,64.0,"Quận 12, TP. Hồ Chí Minh",Quận 12,0,0,,nhà ở,,,so hong
7000.0,82.0,"Quận 12, TP. Hồ Chí Minh",Quận 12,1,1,,nhà ở,,,so hong
5400.0,56.0,"Quận 12, TP. Hồ Chí Minh",Quận 12,3,4,,nhà ở,,,so hong
7600.0,63.0,"Quận 12, TP. Hồ Chí Minh",Quận 12,4,6,,nhà ở,,,so hong
6500.0,61.0,"Quận 12, TP. Hồ Chí Minh",Quận 12,4,4,,nhà ở,,,so hong
6100.0,54.0,"Quận 12, TP. Hồ Chí Minh",Quận 12,4,5,,nhà ở,,,so hong
13000.0,286.0,"Quận 12, TP. Hồ Chí Minh",Quận 12,1,1,,nhà ở,,,so hong
7350.0,78.0,"Quận 12, TP. Hồ Chí Minh",Quận 12,4,6,,nhà ở,,,so hong
43000.0,410.0,"Quận 12, TP. Hồ Chí Minh",Quận 12,0,0,,nhà ở,,,so hong
7350.0,53.0,"Quận 12, TP. Hồ Chí Minh",Quận 12,4,5,,nhà ở,,,so hong
12800.0,82.0,"Quận 12, TP. Hồ Chí Minh",Quận 12,4,5,,nhà ở,,,so hong
5650.0,56.0,"Quận 12, TP. Hồ Chí Minh",Quận 12,3,4,,căn hộ,,,so hong
10900.0,75.0,"Quận 12, TP. Hồ Chí Minh",Quận 12,4,5,,nhà ở,,,so hong
5700.0,71.0,"Quận 12, TP. Hồ Chí Minh",Quận 12,3,4,,nhà ở,,,so hong
4900.0,56.0,"Quận 12, TP. Hồ Chí Minh",Quận 12,2,2,,nhà ở,,,so hong
4950.0,54.0,"Quận 12, TP. Hồ Chí Minh",Quận 12,3,4,,nhà ở,,,so hong
4500.0,72.0,"Quận 12, TP. Hồ Chí Minh",Quận 12,0,0,,nhà ở,,,so hong
5590.0,52.0,"Quận 12, TP. Hồ Chí Minh",Quận 12,3,4,,nhà ở,,,so hong
8000.0,64.0,"Quận 12, TP. Hồ Chí Minh",Quận 12,5,5,,nhà ở,,,so hong
4380.0,53.0,"Quận 12, TP. Hồ Chí Minh",Quận 12,3,3,,nhà ở,,,so hong
3800.0,55.0,"Quận 12, TP. Hồ Chí Minh",Quận 12,6,6,,nhà ở,,,so hong
5600.0,90.0,"Quận 12, TP. Hồ Chí Minh",Quận 12,6,6,,nhà hẻm,,,so hong
7150.0,80.0,"Quận 12, TP. Hồ Chí Minh",Quận 12,4,5,,nhà ở,,,so hong
11700.0,162.0,"Quận 12, TP. Hồ Chí Minh",Quận 12,1,1,,nhà hẻm,,,so hong
4780.0,79.0,"Quận 12, TP. Hồ Chí Minh",Quận 12,3,3,,nhà ở,,,so hong
7500.0,82.0,"Quận 12, TP. Hồ Chí Minh",Quận 12,4,3,,nhà ở,,,so hong
8350.0,80.0,"Quận 12, TP. Hồ Chí Minh",Quận 12,4,6,,nhà ở,,,so hong
4000.0,66.0,"Quận 12, TP. Hồ Chí Minh",Quận 12,0,0,,nhà ở,,,so hong
8950.0,80.0,"Quận 12, TP. Hồ Chí Minh",Quận 12,4,6,,nhà ở,,,so hong
9600.0,105.0,"Quận 12, TP. Hồ Chí Minh",Quận 12,0,0,,biệt thự,,,so hong
9500.0,77.0,"Quận 12, TP. Hồ Chí Minh",Quận 12,4,6,,nhà ở,,,so hong
7400.0,72.0,"Quận 12, TP. Hồ Chí Minh",Quận 12,4,4,,nhà ở,,,so hong
5200.0,100.0,"Quận 12, TP. Hồ Chí Minh",Quận 12,2,1,,nhà ở,,,so hong
8450.0,80.0,"Quận 12, TP. Hồ Chí Minh",Quận 12,4,6,,nhà ở,,,so hong
7400.0,100.0,"Quận 12, TP. Hồ Chí Minh",Quận 12,4,5,,nhà ở,,,so hong
5300.0,104.0,"Quận 12, TP. Hồ Chí Minh",Quận 12,0,0,,nhà ở,,,so hong
7300.0,120.0,"Quận 12, TP. Hồ Chí Minh",Quận 12,0,0,,nhà ở,,,so hong
6100.0,52.0,"Quận 12, TP. Hồ Chí Minh",Quận 12,3,4,,căn hộ,,,so hong
8900.0,80.0,"Quận 12, TP. Hồ Chí Minh",Quận 12,4,6,,nhà ở,,,so hong
10600.0,100.0,"Quận 12, TP. Hồ Chí Minh",Quận 12,0,0,,nhà ở,,,so hong
4700.0,80.0,"Quận 12, TP. Hồ Chí Minh",Quận 12,0,0,,nhà ở,,,so hong
4650.0,69.0,"Quận 12, TP. Hồ Chí Minh",Quận 12,0,0,,nhà ở,,,so hong
5950.0,76.0,"Quận 12, TP. Hồ Chí Minh",Quận 12,4,4,,nhà ở,,,so hong
5800.0,74.0,"Quận 12, TP. Hồ Chí Minh",Quận 12,4,5,,nhà hẻm,,,so hong
10700.0,90.0,"Quận 12, TP. Hồ Chí Minh",Quận 12,0,0,,đất nền,,,so hong
11000.0,80.0,"Quận 12, TP. Hồ Chí Minh",Quận 12,4,5,,nhà ở,,,so hong
5350.0,48.0,"Quận 12, TP. Hồ Chí Minh",Quận 12,3,3,,nhà ở,,,so hong
13000.0,106.0,"Quận 12, TP. Hồ Chí Minh",Quận 12,11,9,,nhà ở,,,so hong
5200.0,63.0,"Quận 12, TP. Hồ Chí Minh",Quận 12,4,2,,nhà ở,,,so hong
6300.0,50.0,"Quận 12, TP. Hồ Chí Minh",Quận 12,6,6,,nhà ở,,,so hong
51000.0,375.0,"Quận 12, TP. Hồ Chí Minh",Quận 12,1,1,,nhà ở,,,so hong
19000.0,156.0,"Quận 12, TP. Hồ Chí Minh",Quận 12,1,1,,nhà ở,,,so hong
7305.0,77.0,"Quận 12, TP. Hồ Chí Minh",Quận 12,0,0,,đất nền,,,so hong
11500.0,120.0,"Quận 12, TP. Hồ Chí Minh",Quận 12,4,5,,nhà ở,,,so hong
13000.0,137.0,"Quận 12, TP. Hồ Chí Minh",Quận 12,0,0,,nhà ở,,,so hong
5700.0,92.0,"Quận 12, TP. Hồ Chí Minh",Quận 12,1,1,,nhà ở,,,so hong
9800.0,92.0,"Quận 12, TP. Hồ Chí Minh",Quận 12,4,4,,nhà ở,,,so hong
7980.0,90.0,"Quận 12, TP. Hồ Chí Minh",Quận 12,0,0,,nhà ở,,,so hong
5500.0,60.0,"Quận 12, TP. Hồ Chí Minh",Quận 12,4,3,,nhà ở,,,so hong
33000.0,225.0,"Quận 12, TP. Hồ Chí Minh",Quận 12,0,0,,nhà ở,,,so hong
3900.0,51.0,"Quận 12, TP. Hồ Chí Minh",Quận 12,0,0,,đất nền,,,so hong
7400.0,84.0,"Quận 12, TP. Hồ Chí Minh",Quận 12,4,4,,nhà hẻm,,,so hong
3600.0,36.0,"Quận 12, TP. Hồ Chí Minh",Quận 12,2,2,,nhà ở,,,so hong
620.0,65.0,"Huyện Hóc Môn, TP. Hồ Chí Minh",Huyện Hóc Môn,0,0,,đất nền,,,so hong
6800.0,115.0,"Quận 12, TP. Hồ Chí Minh",Quận 12,0,0,,nhà phố,,,so hong
8990.0,52.0,"Quận 12, TP. Hồ Chí Minh",Quận 12,4,5,,nhà phố,,,so hong
15500.0,72.0,"Quận Tân Bình, TP. Hồ Chí Minh",Quận Tân Bình,4,4,,nhà ở,,,so hong
14900.0,108.0,"Quận Tân Bình, TP. Hồ Chí Minh",Quận Tân Bình,12,12,,nhà hẻm,,,so hong
11000.0,59.0,"Quận Tân Bình, TP. Hồ Chí Minh",Quận Tân Bình,2,2,,nhà hẻm,,,so hong
21500.0,80.0,"Quận Tân Bình, TP. Hồ Chí Minh",Quận Tân Bình,4,4,,nhà ở,,,so hong
20500.0,125.0,"Quận Tân Bình, TP. Hồ Chí Minh",Quận Tân Bình,4,4,,nhà ở,,,so hong
40000.0,204.0,"Quận Tân Bình, TP. Hồ Chí Minh",Quận Tân Bình,15,15,,nhà ở,,,so hong
14800.0,70.0,"Quận Tân Bình, TP. Hồ Chí Minh",Quận Tân Bình,2,3,,nhà ở,,,so hong
22500.0,103.0,"Quận Tân Bình, TP. Hồ Chí Minh",Quận Tân Bình,6,6,,nhà ở,,,so hong
11500.0,64.0,"Quận Tân Bình, TP. Hồ Chí Minh",Quận Tân Bình,2,2,,nhà ở,,,so hong
36000.0,136.0,"Quận Tân Bình, TP. Hồ Chí Minh",Quận Tân Bình,10,10,,nhà ở,,,so hong
21500.0,134.0,"Quận Tân Phú, TP. Hồ Chí Minh",Quận Tân Phú,8,10,,nhà ở,,,so hong
17500.0,83.0,"Quận Tân Bình, TP. Hồ Chí Minh",Quận Tân Bình,4,4,,nhà ở,,,so hong
11000.0,121.0,"Quận 7, TP. Hồ Chí Minh",Quận 7,3,2,,căn hộ,,,hop dong mua ban
41000.0,228.0,"Quận 7, TP. Hồ Chí Minh",Quận 7,6,4,,căn hộ,,,hop dong mua ban
27000.0,124.0,"Quận Tân Bình, TP. Hồ Chí Minh",Quận Tân Bình,4,4,,nhà ở,,,so hong
15000.0,100.0,"Quận 7, TP. Hồ Chí Minh",Quận 7,3,2,,căn hộ,,,so hong
17000.0,80.0,"Quận Tân Bình, TP. Hồ Chí Minh",Quận Tân Bình,3,3,,nhà hẻm,,,so hong
31000.0,180.0,"Quận 7, TP. Hồ Chí Minh",Quận 7,3,3,,nhà ở,,,hop dong mua ban
22000.0,151.0,"Quận 9 (TP. Thủ Đức), TP. Hồ Chí Minh",Quận 9 (TP. Thủ Đức),10,10,,nhà phố,,,so hong
68000.0,231.0,"Quận 7, TP. Hồ Chí Minh",Quận 7,4,3,,nhà ở,,,hop dong mua ban
11500.0,100.0,"Quận Tân Bình, TP. Hồ Chí Minh",Quận Tân Bình,4,4,,nhà hẻm,,,so hong
61000.0,269.0,"Quận 7, TP. Hồ Chí Minh",Quận 7,3,4,,nhà ở,,,hop dong mua ban
43000.0,197.0,"Quận Tân Phú, TP. Hồ Chí Minh",Quận Tân Phú,3,3,,nhà ở,,,so hong
40000.0,238.0,"Quận 7, TP. Hồ Chí Minh",Quận 7,3,5,,nhà ở,,,hop dong mua ban
16000.0,74.0,"Quận Tân Bình, TP. Hồ Chí Minh",Quận Tân Bình,8,8,,nhà hẻm,,,so hong
33000.0,272.0,"Quận 7, TP. Hồ Chí Minh",Quận 7,4,5,,nhà ở,,,so hong
65000.0,377.0,"Quận Gò Vấp, TP. Hồ Chí Minh",Quận Gò Vấp,10,10,,nhà ở,,,so hong
19770.0,250.0,"Quận 7, TP. Hồ Chí Minh",Quận 7,4,3,,nhà ở,,,so hong
42000.0,294.0,"Quận Tân Bình, TP. Hồ Chí Minh",Quận Tân Bình,5,5,,biệt thự,,,so hong
45000.0,272.0,"Quận 7, TP. Hồ Chí Minh",Quận 7,5,3,,nhà ở,,,hop dong mua ban
35000.0,160.0,"Quận Tân Bình, TP. Hồ Chí Minh",Quận Tân Bình,4,4,,nhà ở,,,so hong
21000.0,242.0,"Quận 7, TP. Hồ Chí Minh",Quận 7,3,3,,nhà ở,,,so do
6500.0,60.0,"Quận Tân Bình, TP. Hồ Chí Minh",Quận Tân Bình,2,2,,nhà hẻm,,,so hong
19000.0,73.0,"Quận Tân Bình, TP. Hồ Chí Minh",Quận Tân Bình,3,3,,nhà ở,,,so hong
12400.0,60.0,"Quận Tân Bình, TP. Hồ Chí Minh",Quận Tân Bình,5,5,,nhà ở,,,so hong
7500.0,64.0,"Quận Tân Bình, TP. Hồ Chí Minh",Quận Tân Bình,3,3,,nhà hẻm,,,so hong
9500.0,52.0,"Quận Tân Bình, TP. Hồ Chí Minh",Quận Tân Bình,3,3,,nhà hẻm,,,so hong
6000.0,60.0,"Quận Tân Bình, TP. Hồ Chí Minh",Quận Tân Bình,2,2,,nhà hẻm,,,so hong
16800.0,64.0,"Quận Tân Bình, TP. Hồ Chí Minh",Quận Tân Bình,6,6,,nhà ở,,,so hong
11200.0,48.0,"Quận Tân Bình, TP. Hồ Chí Minh",Quận Tân Bình,5,5,,nhà hẻm,,,so hong
46000.0,167.0,"Quận Tân Bình, TP. Hồ Chí Minh",Quận Tân Bình,7,7,,nhà ở,,,so hong
7800.0,55.0,"Quận Tân Bình, TP. Hồ Chí Minh",Quận Tân Bình,2,2,,nhà hẻm,,,so hong
10200.0,52.0,"Quận Tân Bình, TP. Hồ Chí Minh",Quận Tân Bình,2,2,,nhà ở,,,so hong
20600.0,80.0,"Quận Tân Bình, TP. Hồ Chí Minh",Quận Tân Bình,5,5,,nhà ở,,,so hong
42500.0,500.0,"Quận Gò Vấp, TP. Hồ Chí Minh",Quận Gò Vấp,2,0,,nhà ở,,,so hong
6200.0,43.0,"Quận Tân Bình, TP. Hồ Chí Minh",Quận Tân Bình,2,2,,nhà hẻm,,,so hong
13900.0,52.0,"Quận Tân Bình, TP. Hồ Chí Minh",Quận Tân Bình,2,1,,nhà ở,,,so hong
11500.0,60.0,"Quận Tân Bình, TP. Hồ Chí Minh",Quận Tân Bình,4,4,,nhà hẻm,,,so hong
14500.0,66.0,"Quận Tân Bình, TP. Hồ Chí Minh",Quận Tân Bình,5,5,,nhà ở,,,so hong
23500.0,147.0,"Quận 9 (TP. Thủ Đức), TP. Hồ Chí Minh",Quận 9 (TP. Thủ Đức),15,15,,nhà phố,,,so hong
25800.0,92.0,"Quận Tân Bình, TP. Hồ Chí Minh",Quận Tân Bình,6,6,,nhà ở,,,so hong
35000.0,172.0,"Quận Tân Bình, TP. Hồ Chí Minh",Quận Tân Bình,4,4,,nhà ở,,,so hong
13500.0,80.0,"Quận Tân Bình, TP. Hồ Chí Minh",Quận Tân Bình,4,4,,nhà hẻm,,,so hong
4900.0,69.0,"Quận 7, TP. Hồ Chí Minh",Quận 7,2,2,,căn hộ,,,so hong
12500.0,68.0,"Quận Tân Bình, TP. Hồ Chí Minh",Quận Tân Bình,5,5,,nhà hẻm,,,so hong
9700.0,160.0,"Quận 7, TP. Hồ Chí Minh",Quận 7,4,4,,nhà ở,,,so hong
35700.0,160.0,"Quận Tân Bình, TP. Hồ Chí Minh",Quận Tân Bình,7,7,,biệt thự,,,so hong
40000.0,182.0,"Quận Tân Bình, TP. Hồ Chí Minh",Quận Tân Bình,10,10,,nhà ở,,,so hong
4900.0,56.0,"Quận 7, TP. Hồ Chí Minh",Quận 7,2,1,,căn hộ,,,so hong
14800.0,90.0,"Quận Tân Bình, TP. Hồ Chí Minh",Quận Tân Bình,2,2,,nhà hẻm,,,so hong
6100.0,81.0,"Quận 7, TP. Hồ Chí Minh",Quận 7,3,2,,nhà ở,,,so hong
99000.0,1430.0,"Huyện Nhà Bè, TP. Hồ Chí Minh",Huyện Nhà Bè,4,4,,nhà ở,,,so hong
5300.0,71.0,"Quận 7, TP. Hồ Chí Minh",Quận 7,2,2,,nhà ở,,,so hong
7000.0,44.0,"Quận Tân Bình, TP. Hồ Chí Minh",Quận Tân Bình,4,4,,nhà hẻm,,,so hong
9600.0,98.0,"Quận 7, TP. Hồ Chí Minh",Quận 7,3,2,,nhà ở,,,so hong
27500.0,101.0,"Quận Tân Bình, TP. Hồ Chí Minh",Quận Tân Bình,5,6,,biệt thự,,,so hong
5200.0,71.0,"Quận 7, TP. Hồ Chí Minh",Quận 7,2,1,,căn hộ,,,so hong
6800.0,74.0,"Quận 7, TP. Hồ Chí Minh",Quận 7,3,2,,nhà ở,,,so hong
56000.0,481.0,"Quận Tân Bình, TP. Hồ Chí Minh",Quận Tân Bình,2,2,,nhà ở,,,so hong
32500.0,127.0,"Quận Tân Bình, TP. Hồ Chí Minh",Quận Tân Bình,10,10,,nhà ở,,,so hong
5290.0,68.0,"Quận 7, TP. Hồ Chí Minh",Quận 7,2,2,,căn hộ,,,so hong
15500.0,76.0,"Quận Tân Bình, TP. Hồ Chí Minh",Quận Tân Bình,4,4,,nhà ở,,,so hong
20000.0,510.0,"Quận 7, TP. Hồ Chí Minh",Quận 7,7,6,,nhà ở,,,so hong
65500.0,350.0,"Quận Tân Bình, TP. Hồ Chí Minh",Quận Tân Bình,1,1,,nhà ở,,,so hong
6300.0,81.0,"Quận 7, TP. Hồ Chí Minh",Quận 7,3,2,,căn hộ,,,so hong
43000.0,188.0,"Quận Tân Bình, TP. Hồ Chí Minh",Quận Tân Bình,4,4,,nhà ở,,,so hong
17500.0,265.0,"Quận 7, TP. Hồ Chí Minh",Quận 7,5,4,,nhà ở,,,so hong
15600.0,80.0,"Quận Tân Bình, TP. Hồ Chí Minh",Quận Tân Bình,2,2,,nhà hẻm,,,so hong
51000.0,276.0,"Quận Tân Bình, TP. Hồ Chí Minh",Quận Tân Bình,2,2,,nhà ở,,,so hong
6600.0,72.0,"Quận 7, TP. Hồ Chí Minh",Quận 7,3,2,,căn hộ,,,so hong
15000.0,110.0,"Quận Tân Bình, TP. Hồ Chí Minh",Quận Tân Bình,8,8,,nhà ở,,,so hong
5500.0,56.0,"Quận 7, TP. Hồ Chí Minh",Quận 7,2,1,,nhà ở,,,so hong
11800.0,90.0,"Quận Tân Bình, TP. Hồ Chí Minh",Quận Tân Bình,4,4,,nhà ở,,,so hong
5950.0,72.0,"Quận 7, TP. Hồ Chí Minh",Quận 7,2,1,,căn hộ,,,so hong
23500.0,100.0,"Quận Gò Vấp, TP. Hồ Chí Minh",Quận Gò Vấp,14,14,,nhà ở,,,so hong
23000.0,80.0,"Quận Tân Bình, TP. Hồ Chí Minh",Quận Tân Bình,5,5,,nhà ở,,,so hong
18500.0,252.0,"Quận 7, TP. Hồ Chí Minh",Quận 7,4,4,,nhà ở,,,so hong
75000.0,262.0,"Quận Tân Bình, TP. Hồ Chí Minh",Quận Tân Bình,10,10,,nhà ở,,,so hong
8000.0,77.0,"Quận 7, TP. Hồ Chí Minh",Quận 7,2,2,,căn hộ,,,so hong
14700.0,75.0,"Quận Tân Bình, TP. Hồ Chí Minh",Quận Tân Bình,3,3,,nhà ở,,,so hong
23000.0,104.0,"Quận Tân Bình, TP. Hồ Chí Minh",Quận Tân Bình,6,6,,nhà hẻm,,,so hong
9750.0,104.0,"Quận 7, TP. Hồ Chí Minh",Quận 7,3,2,,nhà ở,,,so hong
6600.0,55.0,"Quận Tân Bình, TP. Hồ Chí Minh",Quận Tân Bình,0,0,,đất nền,,,so hong
8000.0,30.0,"Quận 10, TP. Hồ Chí Minh",Quận 10,5,4,,nhà ở,,,so hong
5000.0,30.0,"Quận Tân Bình, TP. Hồ Chí Minh",Quận Tân Bình,3,2,,nhà ở,,,so hong
7680.0,138.0,"Quận 8, TP. Hồ Chí Minh",Quận 8,4,2,,căn hộ,,,so hong
1250.0,15.0,"Quận 8, TP. Hồ Chí Minh",Quận 8,4,4,,nhà ở,,,so hong
7680.0,137.0,"Quận 8, TP. Hồ Chí Minh",Quận 8,4,2,,căn hộ,,,so hong
5490.0,54.0,"Quận 8, TP. Hồ Chí Minh",Quận 8,4,4,,nhà ở,,,so hong
2380.0,22.0,"Quận 8, TP. Hồ Chí Minh",Quận 8,4,4,,nhà ở,,,so hong
5850.0,82.0,"Quận 8, TP. Hồ Chí Minh",Quận 8,4,2,,nhà ở,,,so do
5950.0,69.0,"Quận Bình Tân, TP. Hồ Chí Minh",Quận Bình Tân,4,5,,nhà ở,,,so hong
4500.0,48.0,"Quận Bình Tân, TP. Hồ Chí Minh",Quận Bình Tân,2,3,,nhà hẻm,,,so hong
12500.0,72.0,"Quận Bình Tân, TP. Hồ Chí Minh",Quận Bình Tân,4,5,,nhà ở,,,so hong
8300.0,72.0,"Quận Bình Tân, TP. Hồ Chí Minh",Quận Bình Tân,2,3,,nhà ở,,,so hong
11800.0,110.0,"Quận Bình Tân, TP. Hồ Chí Minh",Quận Bình Tân,1,1,,nhà ở,,,so do
450.0,40.0,"Huyện Hóc Môn, TP. Hồ Chí Minh",Huyện Hóc Môn,1,1,,nhà ở,,,so hong
25500.0,564.0,"Quận Bình Tân, TP. Hồ Chí Minh",Quận Bình Tân,5,2,,nhà ở,,,so do
2900.0,60.0,"Quận 12, TP. Hồ Chí Minh",Quận 12,0,0,,nhà ở,,,so hong
5200.0,95.0,"Quận 7, TP. Hồ Chí Minh",Quận 7,2,2,,căn hộ,,,hop dong mua ban
15500.0,120.0,"Quận Bình Tân, TP. Hồ Chí Minh",Quận Bình Tân,4,5,,nhà ở,,,so hong
16800.0,90.0,"Quận Bình Tân, TP. Hồ Chí Minh",Quận Bình Tân,4,5,,nhà phố,,,so hong
6500.0,100.0,"Quận 12, TP. Hồ Chí Minh",Quận 12,2,2,,nhà ở,,,so hong
3100.0,46.0,"Quận 7, TP. Hồ Chí Minh",Quận 7,1,1,,căn hộ,,,hop dong mua ban
2445.0,74.0,"Quận 8, TP. Hồ Chí Minh",Quận 8,2,2,,căn hộ,,,hop dong mua ban
10700.0,50.0,"Quận 10, TP. Hồ Chí Minh",Quận 10,2,2,,nhà ở,,,so hong
1850.0,50.0,"Quận Bình Tân, TP. Hồ Chí Minh",Quận Bình Tân,1,1,,căn hộ,,,so hong
3050.0,92.0,"Quận 8, TP. Hồ Chí Minh",Quận 8,3,0,,căn hộ,,,hop dong mua ban
2300.0,74.0,"Quận 8, TP. Hồ Chí Minh",Quận 8,2,2,,căn hộ,,,hop dong mua ban
2300.0,75.0,"Quận Bình Tân, TP. Hồ Chí Minh",Quận Bình Tân,2,1,,căn hộ,,,giay to hop le
2400.0,74.0,"Quận 8, TP. Hồ Chí Minh",Quận 8,2,0,,căn hộ,,,giay to hop le
4500.0,77.0,"Quận 7, TP. Hồ Chí Minh",Quận 7,2,2,,nhà ở,,,so hong
6000.0,89.0,"Quận 7, TP. Hồ Chí Minh",Quận 7,2,2,,căn hộ,,,so hong
6000.0,70.0,"Quận 7, TP. Hồ Chí Minh",Quận 7,2,2,,nhà ở,,,so hong
6050.0,77.0,"Quận 7, TP. Hồ Chí Minh",Quận 7,2,2,,nhà ở,,,so hong
10000.0,127.0,"Quận 7, TP. Hồ Chí Minh",Quận 7,3,2,,nhà ở,,,so hong
7900.0,110.0,"Quận 7, TP. Hồ Chí Minh",Quận 7,3,2,,nhà ở,,,so hong
7400.0,82.0,"Quận 7, TP. Hồ Chí Minh",Quận 7,2,2,,nhà ở,,,hop dong mua ban
6900.0,110.0,"Quận 7, TP. Hồ Chí Minh",Quận 7,3,2,,nhà ở,,,so hong
6800.0,89.0,"Quận 7, TP. Hồ Chí Minh",Quận 7,2,2,,căn hộ,,,so hong
8800.0,133.0,"Quận 7, TP. Hồ Chí Minh",Quận 7,3,2,,nhà ở,,,so hong
10600.0,127.0,"Quận 7, TP. Hồ Chí Minh",Quận 7,3,3,,nhà ở,,,so hong
11000.0,130.0,"Quận 7, TP. Hồ Chí Minh",Quận 7,3,3,,nhà ở,,,so hong
6800.0,80.0,"Quận 7, TP. Hồ Chí Minh",Quận 7,2,2,,căn hộ,,,so hong
5800.0,80.0,"Quận 7, TP. Hồ Chí Minh",Quận 7,2,2,,nhà ở,,,so hong
4750.0,71.0,"Quận 7, TP. Hồ Chí Minh",Quận 7,2,2,,căn hộ,,,so hong
7300.0,110.0,"Quận 7, TP. Hồ Chí Minh",Quận 7,3,2,,căn hộ,,,so hong
4700.0,70.0,"Quận 7, TP. Hồ Chí Minh",Quận 7,2,2,,nhà ở,,,so hong
7300.0,90.0,"Quận 7, TP. Hồ Chí Minh",Quận 7,2,2,,nhà ở,,,khong xac dinh
31110.0,145.0,"Quận 2 (TP. Thủ Đức), TP. Hồ Chí Minh",Quận 2 (TP. Thủ Đức),0,0,,nhà ở,,,so hong
10500.0,127.0,"Quận 7, TP. Hồ Chí Minh",Quận 7,3,3,,nhà ở,,,khong xac dinh
7450.0,96.0,"Quận 7, TP. Hồ Chí Minh",Quận 7,2,2,,biệt thự,,,so hong
4200.0,77.0,"Quận 7, TP. Hồ Chí Minh",Quận 7,2,2,,nhà ở,,,so hong
8100.0,128.0,"Quận 7, TP. Hồ Chí Minh",Quận 7,3,2,,nhà ở,,,so hong
8000.0,120.0,"Quận 7, TP. Hồ Chí Minh",Quận 7,3,2,,căn hộ,,,so hong
12000.0,135.0,"Quận 7, TP. Hồ Chí Minh",Quận 7,3,2,,nhà ở,,,khong xac dinh
7100.0,90.0,"Quận 7, TP. Hồ Chí Minh",Quận 7,2,2,,biệt thự,,,so hong
10600.0,133.0,"Quận 7, TP. Hồ Chí Minh",Quận 7,3,2,,nhà ở,,,so hong
6200.0,89.0,"Quận 7, TP. Hồ Chí Minh",Quận 7,2,2,,căn hộ,,,so hong
7400.0,110.0,"Quận 7, TP. Hồ Chí Minh",Quận 7,3,3,,nhà ở,,,so hong
7100.0,101.0,"Quận 7, TP. Hồ Chí Minh",Quận 7,3,3,,nhà ở,,,so hong
8600.0,120.0,"Quận 7, TP. Hồ Chí Minh",Quận 7,3,2,,căn hộ,,,so hong
19600.0,140.0,"Quận 2 (TP. Thủ Đức), TP. Hồ Chí Minh",Quận 2 (TP. Thủ Đức),0,0,,nhà ở,,,so hong
11400.0,120.0,"Quận 7, TP. Hồ Chí Minh",Quận 7,3,2,,nhà ở,,,so hong
7050.0,79.0,"Quận 7, TP. Hồ Chí Minh",Quận 7,2,2,,nhà ở,,,so hong
50000.0,233.0,"Quận 2 (TP. Thủ Đức), TP. Hồ Chí Minh",Quận 2 (TP. Thủ Đức),5,5,,nhà ở,,,so hong
19000.0,235.0,"Quận 2 (TP. Thủ Đức), TP. Hồ Chí Minh",Quận 2 (TP. Thủ Đức),0,0,,nhà ở,,,so hong
60000.0,270.0,"Quận 2 (TP. Thủ Đức), TP. Hồ Chí Minh",Quận 2 (TP. Thủ Đức),5,4,,biệt thự,,,so hong
97000.0,550.0,"Quận 2 (TP. Thủ Đức), TP. Hồ Chí Minh",Quận 2 (TP. Thủ Đức),4,4,,biệt thự,,,so hong
30000.0,104.0,"Quận 2 (TP. Thủ Đức), TP. Hồ Chí Minh",Quận 2 (TP. Thủ Đức),5,5,,nhà ở,,,so hong
17000.0,120.0,"Quận 2 (TP. Thủ Đức), TP. Hồ Chí Minh",Quận 2 (TP. Thủ Đức),7,8,,nhà phố,,,so hong
17600.0,90.0,"Quận 2 (TP. Thủ Đức), TP. Hồ Chí Minh",Quận 2 (TP. Thủ Đức),0,0,,nhà ở,,,so hong
9800.0,75.0,"Quận 3, TP. Hồ Chí Minh",Quận 3,2,2,,căn hộ,,,hop dong mua ban
11500.0,70.0,"Quận 3, TP. Hồ Chí Minh",Quận 3,2,2,,căn hộ,,,so hong
2200.0,60.0,"Quận 8, TP. Hồ Chí Minh",Quận 8,2,1,,căn hộ,,,hop dong mua ban
5680.0,35.0,"Quận 11, TP. Hồ Chí Minh",Quận 11,4,3,,nhà ở,,,so hong
9750.0,94.0,"Quận 1, TP. Hồ Chí Minh",Quận 1,3,2,,căn hộ,,,so hong
10900.0,44.0,"Quận 3, TP. Hồ Chí Minh",Quận 3,10,11,,nhà ở,,,so hong
11880.0,64.0,"Quận 8, TP. Hồ Chí Minh",Quận 8,4,4,,nhà ở,,,so hong
16500.0,80.0,"Quận Tân Bình, TP. Hồ Chí Minh",Quận Tân Bình,6,7,,nhà hẻm,,,so hong
12900.0,63.0,"Quận 1, TP. Hồ Chí Minh",Quận 1,0,0,,nhà ở,,,so hong
10500.0,77.0,"Quận 1, TP. Hồ Chí Minh",Quận 1,2,2,,căn hộ,,,so hong
8700.0,36.0,"Quận 3, TP. Hồ Chí Minh",Quận 3,3,3,,nhà ở,,,so hong
99000.0,1030.0,"Quận 5, TP. Hồ Chí Minh",Quận 5,5,6,,nhà ở,,,so hong
9900.0,74.0,"Quận 3, TP. Hồ Chí Minh",Quận 3,2,2,,nhà ở,,,hop dong mua ban
5990.0,22.0,"Quận 5, TP. Hồ Chí Minh",Quận 5,3,3,,nhà ở,,,so hong
10990.0,54.0,"Quận 5, TP. Hồ Chí Minh",Quận 5,4,5,,nhà ở,,,so hong
9500.0,70.0,"Quận Bình Tân, TP. Hồ Chí Minh",Quận Bình Tân,6,6,,nhà ở,,,so hong
48000.0,200.0,"Quận Bình Tân, TP. Hồ Chí Minh",Quận Bình Tân,4,5,,nhà ở,,,so hong
29800.0,120.0,"Quận Bình Tân, TP. Hồ Chí Minh",Quận Bình Tân,4,5,,nhà ở,,,so hong
26000.0,200.0,"Quận Bình Tân, TP. Hồ Chí Minh",Quận Bình Tân,4,5,,biệt thự,,,so hong
8200.0,100.0,"Quận Bình Tân, TP. Hồ Chí Minh",Quận Bình Tân,0,0,,đất nền,,,so hong
21000.0,200.0,"Quận Bình Tân, TP. Hồ Chí Minh",Quận Bình Tân,4,5,,biệt thự,,,so hong
35000.0,230.0,"Quận Bình Tân, TP. Hồ Chí Minh",Quận Bình Tân,4,5,,biệt thự,,,so hong
12900.0,95.0,"Quận Bình Tân, TP. Hồ Chí Minh",Quận Bình Tân,4,5,,nhà ở,,,so hong
26300.0,99.0,"Quận Bình Tân, TP. Hồ Chí Minh",Quận Bình Tân,6,6,,nhà ở,,,so hong
8000.0,76.0,"Quận Bình Tân, TP. Hồ Chí Minh",Quận Bình Tân,2,3,,nhà ở,,,so hong
23000.0,168.0,"Quận Bình Tân, TP. Hồ Chí Minh",Quận Bình Tân,4,5,,biệt thự,,,so hong
32000.0,200.0,"Quận Bình Tân, TP. Hồ Chí Minh",Quận Bình Tân,4,5,,biệt thự,,,so hong
10000.0,80.0,"Quận Bình Tân, TP. Hồ Chí Minh",Quận Bình Tân,4,5,,nhà ở,,,so hong
8400.0,38.0,"Quận 6, TP. Hồ Chí Minh",Quận 6,6,6,,nhà ở,,,so hong
21800.0,190.0,"Quận Bình Tân, TP. Hồ Chí Minh",Quận Bình Tân,4,5,,biệt thự,,,so hong
12600.0,80.0,"Quận Bình Tân, TP. Hồ Chí Minh",Quận Bình Tân,4,5,,nhà ở,,,so hong
11000.0,90.0,"Quận Bình Tân, TP. Hồ Chí Minh",Quận Bình Tân,4,5,,nhà ở,,,so hong
4850.0,48.0,"Quận Bình Tân, TP. Hồ Chí Minh",Quận Bình Tân,2,3,,nhà hẻm,,,so hong
43000.0,299.0,"Quận Bình Tân, TP. Hồ Chí Minh",Quận Bình Tân,8,9,,nhà ở,,,so hong
31000.0,180.0,"Quận Bình Tân, TP. Hồ Chí Minh",Quận Bình Tân,4,5,,biệt thự,,,so hong
21000.0,219.0,"Quận Bình Tân, TP. Hồ Chí Minh",Quận Bình Tân,2,1,,nhà ở,,,so do
34000.0,180.0,"Quận Bình Tân, TP. Hồ Chí Minh",Quận Bình Tân,4,5,,biệt thự,,,so hong
13300.0,90.0,"Quận Bình Tân, TP. Hồ Chí Minh",Quận Bình Tân,4,5,,nhà ở,,,so hong
23000.0,106.0,"Quận Bình Tân, TP. Hồ Chí Minh",Quận Bình Tân,0,0,,nhà ở,,,so do
78000.0,487.0,"Quận 9 (TP. Thủ Đức), TP. Hồ Chí Minh",Quận 9 (TP. Thủ Đức),5,5,,biệt thự,,,so hong
5200.0,22.0,"Quận 3, TP. Hồ Chí Minh",Quận 3,3,3,,nhà ở,,,so hong
1790.0,26.0,"Quận 4, TP. Hồ Chí Minh",Quận 4,2,1,,nhà ở,,,so hong
32000.0,183.0,"Quận Bình Thạnh, TP. Hồ Chí Minh",Quận Bình Thạnh,5,5,,biệt thự,,,so hong
6400.0,50.0,"Quận 7, TP. Hồ Chí Minh",Quận 7,2,3,,nhà ở,,,so hong
11100.0,114.0,"Quận 4, TP. Hồ Chí Minh",Quận 4,3,2,,nhà ở,,,giay to hop le
7700.0,84.0,"Quận 4, TP. Hồ Chí Minh",Quận 4,3,3,,nhà ở,,,so hong
2900.0,15.0,"Quận Phú Nhuận, TP. Hồ Chí Minh",Quận Phú Nhuận,2,2,,nhà ở,,,so hong
3200.0,56.0,"Quận 7, TP. Hồ Chí Minh",Quận 7,2,1,,căn hộ,,,so hong
3140.0,31.0,"Quận 4, TP. Hồ Chí Minh",Quận 4,1,1,,nhà hẻm,,,so hong
3400.0,27.0,"Quận 4, TP. Hồ Chí Minh",Quận 4,3,3,,nhà ở,,,so hong
4500.0,36.0,"Quận 4, TP. Hồ Chí Minh",Quận 4,4,2,,nhà ở,,,so hong
8600.0,70.0,"Quận 7, TP. Hồ Chí Minh",Quận 7,2,2,,căn hộ,,,so hong
8700.0,87.0,"Quận 7, TP. Hồ Chí Minh",Quận 7,3,2,,căn hộ,,,so hong
10500.0,85.0,"Quận 7, TP. Hồ Chí Minh",Quận 7,2,2,,nhà ở,,,hop dong mua ban
3450.0,24.0,"Quận 1, TP. Hồ Chí Minh",Quận 1,4,3,,nhà ở,,,so hong
6800.0,60.0,"Quận 2 (TP. Thủ Đức), TP. Hồ Chí Minh",Quận 2 (TP. Thủ Đức),0,0,,nhà ở,,,so hong
13900.0,182.0,"Quận 2 (TP. Thủ Đức), TP. Hồ Chí Minh",Quận 2 (TP. Thủ Đức),6,5,,nhà ở,,,so hong
20700.0,200.0,"Quận 2 (TP. Thủ Đức), TP. Hồ Chí Minh",Quận 2 (TP. Thủ Đức),0,0,,nhà ở,,,so hong
11500.0,115.0,"Quận 2 (TP. Thủ Đức), TP. Hồ Chí Minh",Quận 2 (TP. Thủ Đức),0,0,,nhà ở,,,so hong
26000.0,310.0,"Quận 2 (TP. Thủ Đức), TP. Hồ Chí Minh",Quận 2 (TP. Thủ Đức),4,4,,biệt thự,,,so hong
15000.0,130.0,"Quận 2 (TP. Thủ Đức), TP. Hồ Chí Minh",Quận 2 (TP. Thủ Đức),4,4,,nhà ở,,,so hong
12900.0,105.0,"Quận 2 (TP. Thủ Đức), TP. Hồ Chí Minh",Quận 2 (TP. Thủ Đức),7,5,,nhà ở,,,so hong
36000.0,248.0,"Quận 2 (TP. Thủ Đức), TP. Hồ Chí Minh",Quận 2 (TP. Thủ Đức),0,0,,đất nền,,,so hong
13000.0,96.0,"Quận 2 (TP. Thủ Đức), TP. Hồ Chí Minh",Quận 2 (TP. Thủ Đức),5,4,,nhà ở,,,so hong
51000.0,320.0,"Quận 2 (TP. Thủ Đức), TP. Hồ Chí Minh",Quận 2 (TP. Thủ Đức),0,0,,đất nền,,,so hong
20000.0,105.0,"Quận 2 (TP. Thủ Đức), TP. Hồ Chí Minh",Quận 2 (TP. Thủ Đức),0,0,,nhà ở,,,so hong
28500.0,280.0,"Quận 2 (TP. Thủ Đức), TP. Hồ Chí Minh",Quận 2 (TP. Thủ Đức),2,2,,nhà ở,,,so hong
10000.0,104.0,"Quận 2 (TP. Thủ Đức), TP. Hồ Chí Minh",Quận 2 (TP. Thủ Đức),4,5,,nhà ở,,,so hong
11500.0,95.0,"Quận 2 (TP. Thủ Đức), TP. Hồ Chí Minh",Quận 2 (TP. Thủ Đức),8,6,,nhà ở,,,so hong
21000.0,245.0,"Quận 2 (TP. Thủ Đức), TP. Hồ Chí Minh",Quận 2 (TP. Thủ Đức),1,1,,nhà ở,,,so hong
13900.0,89.0,"Quận 2 (TP. Thủ Đức), TP. Hồ Chí Minh",Quận 2 (TP. Thủ Đức),6,5,,nhà ở,,,so hong
25000.0,90.0,"Quận 2 (TP. Thủ Đức), TP. Hồ Chí Minh",Quận 2 (TP. Thủ Đức),5,5,,nhà ở,,,so hong
7000.0,72.0,"Quận Tân Phú, TP. Hồ Chí Minh",Quận Tân Phú,4,4,,nhà ở,,,so hong
30000.0,108.0,"Quận Phú Nhuận, TP. Hồ Chí Minh",Quận Phú Nhuận,5,7,,nhà ở,,,so hong
5200.0,80.0,"Quận Bình Tân, TP. Hồ Chí Minh",Quận Bình Tân,2,2,,căn hộ,,,so hong
8250.0,145.0,"Huyện Hóc Môn, TP. Hồ Chí Minh",Huyện Hóc Môn,0,0,,đất nền,,,so do
1970.0,80.0,"Quận Tân Bình, TP. Hồ Chí Minh",Quận Tân Bình,5,7,,nhà ở,,,khong xac dinh
9700.0,90.0,"Quận 9 (TP. Thủ Đức), TP. Hồ Chí Minh",Quận 9 (TP. Thủ Đức),0,0,,đất nền,,,so hong
35500.0,686.0,"Quận 2 (TP. Thủ Đức), TP. Hồ Chí Minh",Quận 2 (TP. Thủ Đức),0,0,,đất nền,,,so hong
4700.0,40.0,"Huyện Hóc Môn, TP. Hồ Chí Minh",Huyện Hóc Môn,4,3,,nhà ở,,,so do
78700.0,1380.0,"Quận Bình Tân, TP. Hồ Chí Minh",Quận Bình Tân,0,0,,nhà ở,,,so hong
79500.0,750.0,"Quận 2 (TP. Thủ Đức), TP. Hồ Chí Minh",Quận 2 (TP. Thủ Đức),0,0,,nhà ở,,,so hong
7300.0,80.0,"Quận Tân Phú, TP. Hồ Chí Minh",Quận Tân Phú,0,0,,nhà ở,,,so hong
8600.0,88.0,"Quận Tân Phú, TP. Hồ Chí Minh",Quận Tân Phú,0,0,,nhà ở,,,so hong
7600.0,57.0,"Quận Tân Phú, TP. Hồ Chí Minh",Quận Tân Phú,0,0,,nhà ở,,,so hong
4200.0,27.0,"Quận 6, TP. Hồ Chí Minh",Quận 6,2,1,,nhà ở,,,so hong
8500.0,34.0,"Quận 3, TP. Hồ Chí Minh",Quận 3,3,3,,nhà ở,,,so hong
7850.0,41.0,"Quận Phú Nhuận, TP. Hồ Chí Minh",Quận Phú Nhuận,2,3,,nhà ở,,,so hong
29000.0,160.0,"Quận 10, TP. Hồ Chí Minh",Quận 10,6,8,,biệt thự,,,giay to hop le
15300.0,60.0,"Quận 11, TP. Hồ Chí Minh",Quận 11,6,7,,nhà ở,,,giay to hop le
17000.0,89.0,"Quận 10, TP. Hồ Chí Minh",Quận 10,1,1,,nhà ở,,,giay to hop le
21500.0,78.0,"Quận 10, TP. Hồ Chí Minh",Quận 10,6,7,,biệt thự,,,giay to hop le
14500.0,64.0,"Quận 10, TP. Hồ Chí Minh",Quận 10,6,7,,nhà hẻm,,,giay to hop le
10500.0,64.0,"Quận 10, TP. Hồ Chí Minh",Quận 10,4,4,,nhà ở,,,giay to hop le
56500.0,450.0,"Quận Tân Bình, TP. Hồ Chí Minh",Quận Tân Bình,1,1,,nhà ở,,,giay to hop le
39800.0,140.0,"Quận 10, TP. Hồ Chí Minh",Quận 10,10,12,,nhà ở,,,giay to hop le
19500.0,80.0,"Quận 10, TP. Hồ Chí Minh",Quận 10,6,8,,nhà ở,,,giay to hop le
12900.0,55.0,"Quận 10, TP. Hồ Chí Minh",Quận 10,5,6,,nhà ở,,,giay to hop le
19000.0,70.0,"Quận 3, TP. Hồ Chí Minh",Quận 3,6,6,,nhà ở,,,giay to hop le
17000.0,64.0,"Quận 10, TP. Hồ Chí Minh",Quận 10,6,6,,nhà ở,,,giay to hop le
14500.0,74.0,"Quận 3, TP. Hồ Chí Minh",Quận 3,2,2,,nhà hẻm,,,giay to hop le
19500.0,88.0,"Quận 5, TP. Hồ Chí Minh",Quận 5,8,8,,nhà ở,,,giay to hop le
300.0,10.0,"Quận Tân Bình, TP. Hồ Chí Minh",Quận Tân Bình,0,0,,nhà ở,,,khong xac dinh
10000.0,113.0,"Quận 7, TP. Hồ Chí Minh",Quận 7,3,2,,nhà ở,,,so hong
42000.0,226.0,"Quận Tân Bình, TP. Hồ Chí Minh",Quận Tân Bình,5,5,,nhà ở,,,so hong
8200.0,84.0,"Quận 7, TP. Hồ Chí Minh",Quận 7,2,2,,nhà ở,,,so hong
5900.0,78.0,"Quận 7, TP. Hồ Chí Minh",Quận 7,2,2,,nhà ở,,,so hong
22000.0,121.0,"Quận 7, TP. Hồ Chí Minh",Quận 7,3,3,,nhà ở,,,so hong
6300.0,48.0,"Quận 6, TP. Hồ Chí Minh",Quận 6,5,4,,nhà ở,,,so hong
9000.0,72.0,"Quận Tân Phú, TP. Hồ Chí Minh",Quận Tân Phú,2,2,,nhà ở,,,so hong
9600.0,59.0,"Quận Tân Phú, TP. Hồ Chí Minh",Quận Tân Phú,4,4,,nhà ở,,,so hong
27900.0,109.0,"Quận Bình Thạnh, TP. Hồ Chí Minh",Quận Bình Thạnh,15,15,,nhà ở,,,so hong
24000.0,87.0,"Quận 2 (TP. Thủ Đức), TP. Hồ Chí Minh",Quận 2 (TP. Thủ Đức),2,2,,nhà ở,,,so hong
7400.0,55.0,"Quận Bình Thạnh, TP. Hồ Chí Minh",Quận Bình Thạnh,2,2,,nhà ở,,,so do
10000.0,61.0,"Quận 10, TP. Hồ Chí Minh",Quận 10,1,1,,nhà ở,,,so do
18500.0,84.0,"Quận 1, TP. Hồ Chí Minh",Quận 1,2,2,,nhà ở,,,so hong
7000.0,85.0,"Huyện Nhà Bè, TP. Hồ Chí Minh",Huyện Nhà Bè,2,2,,nhà ở,,,hop dong mua ban
12000.0,79.0,"Quận 7, TP. Hồ Chí Minh",Quận 7,2,2,,nhà ở,,,so hong
12500.0,120.0,"Quận Thủ Đức (TP. Thủ Đức), TP. Hồ Chí Minh",Quận Thủ Đức (TP. Thủ Đức),0,0,,đất nền,,,so hong
15000.0,68.0,"Quận Phú Nhuận, TP. Hồ Chí Minh",Quận Phú Nhuận,4,4,,nhà ở,,,so hong
9500.0,110.0,"Quận 2 (TP. Thủ Đức), TP. Hồ Chí Minh",Quận 2 (TP. Thủ Đức),1,1,,nhà ở,,,so hong
13000.0,100.0,"Quận Bình Thạnh, TP. Hồ Chí Minh",Quận Bình Thạnh,5,6,,nhà ở,,,so hong
22000.0,120.0,"Quận 7, TP. Hồ Chí Minh",Quận 7,8,9,,nhà ở,,,so hong
42000.0,230.0,"Quận Tân Phú, TP. Hồ Chí Minh",Quận Tân Phú,1,1,,nhà ở,,,so hong
12000.0,87.0,"Quận 10, TP. Hồ Chí Minh",Quận 10,2,2,,căn hộ,,,so hong
5400.0,84.0,"Quận 11, TP. Hồ Chí Minh",Quận 11,2,2,,căn hộ,,,so hong
12500.0,71.0,"Quận Tân Phú, TP. Hồ Chí Minh",Quận Tân Phú,1,1,,nhà ở,,,so hong
9900.0,80.0,"Quận Tân Phú, TP. Hồ Chí Minh",Quận Tân Phú,4,4,,nhà ở,,,so hong
5850.0,30.0,"Quận Bình Thạnh, TP. Hồ Chí Minh",Quận Bình Thạnh,3,2,,nhà ở,,,so hong
7200.0,36.0,"Quận Phú Nhuận, TP. Hồ Chí Minh",Quận Phú Nhuận,4,4,,nhà ở,,,so hong
4600.0,53.0,"Quận Bình Thạnh, TP. Hồ Chí Minh",Quận Bình Thạnh,3,2,,nhà ở,,,so hong
5800.0,51.0,"Quận Bình Thạnh, TP. Hồ Chí Minh",Quận Bình Thạnh,4,3,,nhà ở,,,so hong
8000.0,70.0,"Quận Bình Thạnh, TP. Hồ Chí Minh",Quận Bình Thạnh,5,5,,nhà ở,,,so hong
2990.0,30.0,"Quận Gò Vấp, TP. Hồ Chí Minh",Quận Gò Vấp,3,2,,nhà ở,,,so hong
3300.0,22.0,"Quận Bình Thạnh, TP. Hồ Chí Minh",Quận Bình Thạnh,2,1,,nhà ở,,,so hong
33000.0,215.0,"Quận Bình Thạnh, TP. Hồ Chí Minh",Quận Bình Thạnh,5,5,,nhà ở,,,so hong
6960.0,37.0,"Quận Phú Nhuận, TP. Hồ Chí Minh",Quận Phú Nhuận,3,4,,nhà ở,,,so hong
6500.0,46.0,"Quận Bình Thạnh, TP. Hồ Chí Minh",Quận Bình Thạnh,2,2,,nhà ở,,,so hong
5990.0,50.0,"Quận Phú Nhuận, TP. Hồ Chí Minh",Quận Phú Nhuận,3,3,,nhà phố,,,so hong
15460.0,55.0,"Quận Bình Thạnh, TP. Hồ Chí Minh",Quận Bình Thạnh,5,4,,nhà ở,,,so hong
8800.0,52.0,"Quận Bình Thạnh, TP. Hồ Chí Minh",Quận Bình Thạnh,5,6,,nhà ở,,,so hong
7800.0,56.0,"Quận Bình Thạnh, TP. Hồ Chí Minh",Quận Bình Thạnh,2,2,,nhà hẻm,,,so hong
2750.0,24.0,"Quận Bình Thạnh, TP. Hồ Chí Minh",Quận Bình Thạnh,2,2,,nhà ở,,,so hong
13000.0,116.0,"Quận Gò Vấp, TP. Hồ Chí Minh",Quận Gò Vấp,5,4,,nhà ở,,,so hong
12700.0,80.0,"Quận 7, TP. Hồ Chí Minh",Quận 7,3,3,,nhà phố,,,so hong
78000.0,300.0,"Quận 2 (TP. Thủ Đức), TP. Hồ Chí Minh",Quận 2 (TP. Thủ Đức),0,0,,nhà ở,,,so hong
6990.0,44.0,"Quận 5, TP. Hồ Chí Minh",Quận 5,4,3,,nhà hẻm,,,so do
15200.0,66.0,"Quận Tân Bình, TP. Hồ Chí Minh",Quận Tân Bình,6,4,,nhà ở,,,so hong
43800.0,175.0,"Quận Tân Bình, TP. Hồ Chí Minh",Quận Tân Bình,0,0,,nhà ở,,,so hong
25900.0,110.0,"Quận Tân Bình, TP. Hồ Chí Minh",Quận Tân Bình,13,14,,nhà ở,,,so hong
15390.0,72.0,"Quận Tân Bình, TP. Hồ Chí Minh",Quận Tân Bình,4,6,,nhà ở,,,so hong
22800.0,116.0,"Quận Tân Bình, TP. Hồ Chí Minh",Quận Tân Bình,4,4,,nhà ở,,,so hong
14500.0,60.0,"Quận Tân Bình, TP. Hồ Chí Minh",Quận Tân Bình,5,4,,nhà ở,,,so hong
16890.0,104.0,"Quận Tân Bình, TP. Hồ Chí Minh",Quận Tân Bình,5,5,,nhà ở,,,so hong
12350.0,50.0,"Quận 10, TP. Hồ Chí Minh",Quận 10,5,4,,nhà ở,,,so hong
17920.0,74.0,"Quận Tân Bình, TP. Hồ Chí Minh",Quận Tân Bình,5,5,,nhà ở,,,so hong
10160.0,68.0,"Quận Tân Phú, TP. Hồ Chí Minh",Quận Tân Phú,5,4,,nhà phố,,,so hong
58000.0,235.0,"Quận 10, TP. Hồ Chí Minh",Quận 10,5,4,,nhà ở,,,so hong
65900.0,325.0,"Quận Tân Bình, TP. Hồ Chí Minh",Quận Tân Bình,7,7,,biệt thự,,,so hong
13380.0,132.0,"Quận Tân Phú, TP. Hồ Chí Minh",Quận Tân Phú,5,5,,nhà ở,,,so hong
24380.0,93.0,"Quận 3, TP. Hồ Chí Minh",Quận 3,8,7,,nhà ở,,,so hong
13450.0,64.0,"Quận Tân Bình, TP. Hồ Chí Minh",Quận Tân Bình,4,4,,nhà ở,,,so hong
32850.0,182.0,"Quận Tân Bình, TP. Hồ Chí Minh",Quận Tân Bình,8,8,,nhà ở,,,so hong
21500.0,116.0,"Quận 3, TP. Hồ Chí Minh",Quận 3,7,7,,nhà ở,,,so hong
17390.0,72.0,"Quận Tân Bình, TP. Hồ Chí Minh",Quận Tân Bình,6,6,,nhà ở,,,so hong
6890.0,78.0,"Quận 7, TP. Hồ Chí Minh",Quận 7,4,2,,nhà ở,,,so hong
9800.0,152.0,"Quận 12, TP. Hồ Chí Minh",Quận 12,8,8,,nhà ở,,,so hong
4200.0,66.0,"Quận 12, TP. Hồ Chí Minh",Quận 12,0,0,,nhà ở,,,so hong
7900.0,80.0,"Quận 12, TP. Hồ Chí Minh",Quận 12,3,3,,nhà hẻm,,,so hong
3800.0,60.0,"Quận 12, TP. Hồ Chí Minh",Quận 12,0,0,,đất nền,,,so hong
4600.0,72.0,"Quận 12, TP. Hồ Chí Minh",Quận 12,0,0,,nhà ở,,,so hong
7500.0,52.0,"Quận 12, TP. Hồ Chí Minh",Quận 12,5,5,,nhà hẻm,,,so hong
4350.0,48.0,"Quận 12, TP. Hồ Chí Minh",Quận 12,2,2,,nhà ở,,,so hong
5600.0,56.0,"Quận 12, TP. Hồ Chí Minh",Quận 12,3,3,,nhà hẻm,,,so hong
13500.0,286.0,"Quận 12, TP. Hồ Chí Minh",Quận 12,1,1,,nhà ở,,,so hong
2200.0,106.0,"Quận 12, TP. Hồ Chí Minh",Quận 12,4,2,,nhà hẻm,,,giay to hop le
23800.0,119.0,"Quận 9 (TP. Thủ Đức), TP. Hồ Chí Minh",Quận 9 (TP. Thủ Đức),0,0,,đất nền,,,so hong
2600.0,30.0,"Quận Tân Bình, TP. Hồ Chí Minh",Quận Tân Bình,2,3,,nhà ở,,,so do
29800.0,140.0,"Quận Tân Bình, TP. Hồ Chí Minh",Quận Tân Bình,8,8,,nhà ở,,,so hong
36200.0,188.0,"Quận 2 (TP. Thủ Đức), TP. Hồ Chí Minh",Quận 2 (TP. Thủ Đức),4,3,,căn hộ,,,so hong
5800.0,29.0,"Quận Phú Nhuận, TP. Hồ Chí Minh",Quận Phú Nhuận,2,2,,nhà ở,,,so hong
65000.0,240.0,"Quận 2 (TP. Thủ Đức), TP. Hồ Chí Minh",Quận 2 (TP. Thủ Đức),2,2,,nhà ở,,,so hong
13500.0,120.0,"Quận 9 (TP. Thủ Đức), TP. Hồ Chí Minh",Quận 9 (TP. Thủ Đức),0,0,,nhà ở,,,so hong
9700.0,98.0,"Quận 2 (TP. Thủ Đức), TP. Hồ Chí Minh",Quận 2 (TP. Thủ Đức),2,2,,nhà ở,,,so hong
7500.0,123.0,"Quận 9 (TP. Thủ Đức), TP. Hồ Chí Minh",Quận 9 (TP. Thủ Đức),0,0,,đất nền,,,so hong
3300.0,77.0,"Quận Tân Phú, TP. Hồ Chí Minh",Quận Tân Phú,2,2,,căn hộ,,,so hong
2650.0,68.0,"Quận Tân Phú, TP. Hồ Chí Minh",Quận Tân Phú,2,2,,căn hộ,,,so hong
2750.0,64.0,"Quận 11, TP. Hồ Chí Minh",Quận 11,2,2,,nhà ở,,,so hong
2500.0,60.0,"Quận Tân Bình, TP. Hồ Chí Minh",Quận Tân Bình,2,2,,căn hộ,,,so hong
70000.0,316.0,"Quận 2 (TP. Thủ Đức), TP. Hồ Chí Minh",Quận 2 (TP. Thủ Đức),0,0,,nhà ở,,,so hong
9500.0,90.0,"Quận Tân Phú, TP. Hồ Chí Minh",Quận Tân Phú,1,1,,nhà ở,,,so hong
9200.0,96.0,"Quận 10, TP. Hồ Chí Minh",Quận 10,3,3,,căn hộ,,,so hong
10350.0,69.0,"Quận Tân Bình, TP. Hồ Chí Minh",Quận Tân Bình,12,12,,nhà ở,,,so do
9600.0,490.0,"Quận 7, TP. Hồ Chí Minh",Quận 7,6,4,,nhà ở,,,so do
6500.0,49.0,"Quận 7, TP. Hồ Chí Minh",Quận 7,3,3,,nhà ở,,,so do
65000.0,240.0,"Quận Bình Thạnh, TP. Hồ Chí Minh",Quận Bình Thạnh,6,6,,nhà ở,,,so hong
24000.0,115.0,"Quận Bình Thạnh, TP. Hồ Chí Minh",Quận Bình Thạnh,4,4,,nhà ở,,,so hong
23000.0,100.0,"Quận Bình Thạnh, TP. Hồ Chí Minh",Quận Bình Thạnh,5,5,,nhà ở,,,so hong
27000.0,119.0,"Quận 2 (TP. Thủ Đức), TP. Hồ Chí Minh",Quận 2 (TP. Thủ Đức),4,4,,nhà ở,,,so hong
22000.0,177.0,"Quận Bình Thạnh, TP. Hồ Chí Minh",Quận Bình Thạnh,2,2,,nhà ở,,,so hong
15000.0,71.0,"Quận Bình Thạnh, TP. Hồ Chí Minh",Quận Bình Thạnh,4,4,,nhà hẻm,,,so hong
30000.0,136.0,"Quận Bình Thạnh, TP. Hồ Chí Minh",Quận Bình Thạnh,1,1,,nhà ở,,,so hong
65000.0,494.0,"Quận Gò Vấp, TP. Hồ Chí Minh",Quận Gò Vấp,10,10,,nhà ở,,,so hong
18000.0,84.0,"Quận Bình Thạnh, TP. Hồ Chí Minh",Quận Bình Thạnh,2,2,,nhà ở,,,so hong
36000.0,123.0,"Quận Phú Nhuận, TP. Hồ Chí Minh",Quận Phú Nhuận,10,10,,nhà ở,,,so hong
27500.0,105.0,"Quận Bình Thạnh, TP. Hồ Chí Minh",Quận Bình Thạnh,3,2,,nhà ở,,,so hong
60000.0,297.0,"Quận Phú Nhuận, TP. Hồ Chí Minh",Quận Phú Nhuận,6,6,,nhà ở,,,so hong
58000.0,255.0,"Quận Phú Nhuận, TP. Hồ Chí Minh",Quận Phú Nhuận,4,4,,nhà ở,,,so hong
36000.0,130.0,"Quận 3, TP. Hồ Chí Minh",Quận 3,3,3,,biệt thự,,,so hong
34000.0,140.0,"Quận 1, TP. Hồ Chí Minh",Quận 1,2,2,,nhà ở,,,so hong
28000.0,185.0,"Quận Bình Thạnh, TP. Hồ Chí Minh",Quận Bình Thạnh,1,1,,nhà ở,,,so hong
18500.0,79.0,"Quận Bình Thạnh, TP. Hồ Chí Minh",Quận Bình Thạnh,2,2,,nhà ở,,,so hong
4950.0,44.0,"Quận 7, TP. Hồ Chí Minh",Quận 7,3,3,,nhà ở,,,so hong
9800.0,105.0,"Quận 7, TP. Hồ Chí Minh",Quận 7,6,6,,nhà ở,,,so hong
3700.0,42.0,"Quận 7, TP. Hồ Chí Minh",Quận 7,2,2,,nhà ở,,,so hong
6300.0,56.0,"Quận 7, TP. Hồ Chí Minh",Quận 7,2,2,,nhà ở,,,so hong
9450.0,48.0,"Quận 7, TP. Hồ Chí Minh",Quận 7,4,5,,nhà ở,,,so hong
16300.0,80.0,"Quận 7, TP. Hồ Chí Minh",Quận 7,5,6,,nhà ở,,,so hong
5000.0,60.0,"Quận 7, TP. Hồ Chí Minh",Quận 7,2,2,,nhà ở,,,so hong
4500.0,35.0,"Quận 7, TP. Hồ Chí Minh",Quận 7,2,2,,nhà ở,,,so hong
4950.0,42.0,"Quận 7, TP. Hồ Chí Minh",Quận 7,5,4,,nhà ở,,,so hong
3900.0,60.0,"Quận 7, TP. Hồ Chí Minh",Quận 7,0,0,,đất nền,,,so hong
36000.0,144.0,"Quận 7, TP. Hồ Chí Minh",Quận 7,5,6,,biệt thự,,,so hong
6500.0,50.0,"Quận 7, TP. Hồ Chí Minh",Quận 7,3,3,,nhà ở,,,so hong
6900.0,66.0,"Quận 7, TP. Hồ Chí Minh",Quận 7,4,3,,nhà ở,,,so hong
5600.0,52.0,"Quận 7, TP. Hồ Chí Minh",Quận 7,2,2,,nhà ở,,,so hong
19500.0,90.0,"Quận 7, TP. Hồ Chí Minh",Quận 7,4,5,,nhà ở,,,so hong
5900.0,58.0,"Quận 7, TP. Hồ Chí Minh",Quận 7,3,3,,nhà ở,,,so hong
6700.0,83.0,"Quận 7, TP. Hồ Chí Minh",Quận 7,4,4,,nhà ở,,,so hong
14000.0,166.0,"Quận 7, TP. Hồ Chí Minh",Quận 7,2,1,,nhà ở,,,so hong
5000.0,28.0,"Quận 7, TP. Hồ Chí Minh",Quận 7,2,2,,nhà ở,,,so hong
22500.0,100.0,"Quận 7, TP. Hồ Chí Minh",Quận 7,5,5,,nhà ở,,,so hong
7900.0,64.0,"Quận 7, TP. Hồ Chí Minh",Quận 7,4,3,,nhà ở,,,so hong
8800.0,96.0,"Quận 7, TP. Hồ Chí Minh",Quận 7,4,5,,nhà ở,,,so hong
14000.0,100.0,"Quận 7, TP. Hồ Chí Minh",Quận 7,2,1,,nhà ở,,,so hong
25990.0,173.0,"Quận 7, TP. Hồ Chí Minh",Quận 7,4,6,,biệt thự,,,so hong
17800.0,90.0,"Quận 7, TP. Hồ Chí Minh",Quận 7,5,6,,nhà ở,,,so hong
4950.0,100.0,"Huyện Nhà Bè, TP. Hồ Chí Minh",Huyện Nhà Bè,1,1,,nhà ở,,,so hong
13500.0,60.0,"Quận 7, TP. Hồ Chí Minh",Quận 7,4,5,,nhà phố,,,so hong
10500.0,70.0,"Quận 7, TP. Hồ Chí Minh",Quận 7,2,1,,nhà ở,,,so hong
3850.0,26.0,"Quận 7, TP. Hồ Chí Minh",Quận 7,2,2,,nhà ở,,,so hong
8500.0,75.0,"Quận 7, TP. Hồ Chí Minh",Quận 7,2,2,,nhà ở,,,so hong
10500.0,115.0,"Quận 7, TP. Hồ Chí Minh",Quận 7,0,0,,đất nền,,,so hong
5500.0,48.0,"Quận 7, TP. Hồ Chí Minh",Quận 7,3,3,,nhà ở,,,so hong
12500.0,95.0,"Quận 7, TP. Hồ Chí Minh",Quận 7,5,6,,nhà ở,,,so hong
15200.0,82.0,"Quận 7, TP. Hồ Chí Minh",Quận 7,4,5,,nhà phố,,,so hong
4850.0,32.0,"Quận 7, TP. Hồ Chí Minh",Quận 7,3,3,,nhà ở,,,so hong
26000.0,235.0,"Quận 7, TP. Hồ Chí Minh",Quận 7,1,1,,nhà ở,,,so hong
8200.0,80.0,"Quận 7, TP. Hồ Chí Minh",Quận 7,3,3,,nhà ở,,,so hong
13800.0,88.0,"Quận 7, TP. Hồ Chí Minh",Quận 7,2,1,,nhà ở,,,so hong
9800.0,128.0,"Quận 7, TP. Hồ Chí Minh",Quận 7,10,10,,nhà ở,,,so hong
4850.0,65.0,"Quận 7, TP. Hồ Chí Minh",Quận 7,3,2,,nhà ở,,,so hong
5970.0,72.0,"Quận 7, TP. Hồ Chí Minh",Quận 7,2,2,,nhà ở,,,so hong
7200.0,60.0,"Quận 7, TP. Hồ Chí Minh",Quận 7,2,2,,nhà ở,,,so hong
4290.0,48.0,"Quận 7, TP. Hồ Chí Minh",Quận 7,2,2,,nhà ở,,,so hong
13580.0,78.0,"Quận 7, TP. Hồ Chí Minh",Quận 7,4,4,,biệt thự,,,so hong
4860.0,33.0,"Quận 7, TP. Hồ Chí Minh",Quận 7,4,3,,nhà ở,,,so hong
4850.0,74.0,"Quận 7, TP. Hồ Chí Minh",Quận 7,3,2,,nhà ở,,,so hong
12800.0,72.0,"Quận 7, TP. Hồ Chí Minh",Quận 7,4,5,,nhà phố,,,so hong
22000.0,108.0,"Quận 2 (TP. Thủ Đức), TP. Hồ Chí Minh",Quận 2 (TP. Thủ Đức),4,5,,nhà ở,,,so hong
3990.0,36.0,"Quận 7, TP. Hồ Chí Minh",Quận 7,2,2,,nhà ở,,,so hong
10700.0,64.0,"Quận 7, TP. Hồ Chí Minh",Quận 7,4,4,,nhà ở,,,so hong
8700.0,72.0,"Quận 7, TP. Hồ Chí Minh",Quận 7,3,3,,nhà ở,,,so hong
27000.0,270.0,"Quận 9 (TP. Thủ Đức), TP. Hồ Chí Minh",Quận 9 (TP. Thủ Đức),4,5,,biệt thự,,,so hong
16800.0,108.0,"Quận 7, TP. Hồ Chí Minh",Quận 7,4,4,,nhà ở,,,so hong
17000.0,400.0,"Quận 2 (TP. Thủ Đức), TP. Hồ Chí Minh",Quận 2 (TP. Thủ Đức),7,5,,nhà ở,,,so hong
9500.0,64.0,"Quận 7, TP. Hồ Chí Minh",Quận 7,4,5,,nhà phố,,,so hong
45000.0,150.0,"Quận 2 (TP. Thủ Đức), TP. Hồ Chí Minh",Quận 2 (TP. Thủ Đức),4,4,,nhà ở,,,so hong
8200.0,60.0,"Quận 7, TP. Hồ Chí Minh",Quận 7,3,3,,nhà ở,,,so hong
4300.0,39.0,"Quận 7, TP. Hồ Chí Minh",Quận 7,2,2,,nhà ở,,,so hong
14000.0,450.0,"Quận 7, TP. Hồ Chí Minh",Quận 7,14,14,,nhà ở,,,so hong
22500.0,80.0,"Quận 7, TP. Hồ Chí Minh",Quận 7,4,4,,nhà ở,,,so hong
24800.0,164.0,"Quận 7, TP. Hồ Chí Minh",Quận 7,4,3,,nhà ở,,,so hong
11000.0,100.0,"Quận 7, TP. Hồ Chí Minh",Quận 7,0,0,,đất nền,,,so hong
4390.0,35.0,"Quận 7, TP. Hồ Chí Minh",Quận 7,2,2,,nhà ở,,,so hong
3600.0,28.0,"Quận 7, TP. Hồ Chí Minh",Quận 7,2,1,,nhà ở,,,so hong
4950.0,41.0,"Quận 7, TP. Hồ Chí Minh",Quận 7,2,2,,nhà ở,,,so hong
14200.0,64.0,"Quận 7, TP. Hồ Chí Minh",Quận 7,4,5,,nhà ở,,,so hong
5800.0,48.0,"Quận 7, TP. Hồ Chí Minh",Quận 7,2,2,,nhà ở,,,so hong
7200.0,107.0,"Quận 7, TP. Hồ Chí Minh",Quận 7,0,0,,căn hộ,,,so hong
10500.0,52.0,"Quận 7, TP. Hồ Chí Minh",Quận 7,5,6,,biệt thự,,,so hong
6190.0,77.0,"Quận 7, TP. Hồ Chí Minh",Quận 7,3,2,,biệt thự,,,so hong
8700.0,93.0,"Quận 7, TP. Hồ Chí Minh",Quận 7,2,2,,nhà ở,,,so hong
11950.0,54.0,"Quận 7, TP. Hồ Chí Minh",Quận 7,4,3,,nhà ở,,,so hong
16000.0,90.0,"Quận 7, TP. Hồ Chí Minh",Quận 7,6,7,,nhà phố,,,so hong
12000.0,72.0,"Quận 7, TP. Hồ Chí Minh",Quận 7,5,6,,nhà ở,,,so hong
8800.0,75.0,"Quận 7, TP. Hồ Chí Minh",Quận 7,2,2,,nhà ở,,,so hong
5990.0,86.0,"Quận 7, TP. Hồ Chí Minh",Quận 7,2,2,,nhà ở,,,so hong
4800.0,60.0,"Quận 7, TP. Hồ Chí Minh",Quận 7,2,2,,nhà ở,,,so hong
6700.0,85.0,"Quận 7, TP. Hồ Chí Minh",Quận 7,3,2,,nhà ở,,,so hong
31500.0,240.0,"Quận 7, TP. Hồ Chí Minh",Quận 7,4,5,,biệt thự,,,so hong
15800.0,76.0,"Quận 7, TP. Hồ Chí Minh",Quận 7,4,5,,nhà ở,,,so hong
5600.0,47.0,"Quận 7, TP. Hồ Chí Minh",Quận 7,3,3,,nhà ở,,,so hong
6500.0,60.0,"Quận 7, TP. Hồ Chí Minh",Quận 7,2,2,,nhà ở,,,so hong
4390.0,75.0,"Quận 7, TP. Hồ Chí Minh",Quận 7,2,2,,nhà ở,,,so hong
6950.0,91.0,"Quận 7, TP. Hồ Chí Minh",Quận 7,3,2,,căn hộ,,,so hong
9700.0,130.0,"Quận 5, TP. Hồ Chí Minh",Quận 5,3,3,,căn hộ,,,so hong
50000.0,167.0,"Quận 2 (TP. Thủ Đức), TP. Hồ Chí Minh",Quận 2 (TP. Thủ Đức),0,0,,nhà ở,,,hop dong mua ban
6500.0,87.0,"Quận Tân Phú, TP. Hồ Chí Minh",Quận Tân Phú,2,2,,nhà ở,,,hop dong mua ban
6050.0,82.0,"Quận 9 (TP. Thủ Đức), TP. Hồ Chí Minh",Quận 9 (TP. Thủ Đức),2,2,,căn hộ,,,hop dong mua ban
22000.0,242.0,"Quận Tân Phú, TP. Hồ Chí Minh",Quận Tân Phú,4,4,,biệt thự,,,hop dong mua ban
10700.0,121.0,"Quận Tân Phú, TP. Hồ Chí Minh",Quận Tân Phú,3,3,,nhà ở,,,hop dong mua ban
7800.0,96.0,"Quận Tân Phú, TP. Hồ Chí Minh",Quận Tân Phú,2,2,,căn hộ,,,hop dong mua ban
25500.0,85.0,"Quận Tân Phú, TP. Hồ Chí Minh",Quận Tân Phú,5,7,,nhà ở,,,hop dong mua ban
2780.0,53.0,"Quận Thủ Đức (TP. Thủ Đức), TP. Hồ Chí Minh",Quận Thủ Đức (TP. Thủ Đức),2,2,,nhà ở,,,so hong
3490.0,24.0,"Quận Gò Vấp, TP. Hồ Chí Minh",Quận Gò Vấp,2,2,,nhà ở,,,so hong
2900.0,60.0,"Quận Tân Phú, TP. Hồ Chí Minh",Quận Tân Phú,2,1,,căn hộ,,,so do
5900.0,36.0,"Quận 11, TP. Hồ Chí Minh",Quận 11,6,4,,nhà hẻm,,,so hong
12800.0,100.0,"Quận 7, TP. Hồ Chí Minh",Quận 7,4,5,,nhà ở,,,so hong
4700.0,62.0,"Huyện Nhà Bè, TP. Hồ Chí Minh",Huyện Nhà Bè,3,2,,nhà ở,,,so hong
7400.0,80.0,"Huyện Nhà Bè, TP. Hồ Chí Minh",Huyện Nhà Bè,4,5,,nhà ở,,,so hong
5990.0,53.0,"Huyện Nhà Bè, TP. Hồ Chí Minh",Huyện Nhà Bè,2,2,,nhà ở,,,so hong
7500.0,71.0,"Quận 7, TP. Hồ Chí Minh",Quận 7,3,2,,nhà hẻm,,,so hong
6500.0,36.0,"Quận 7, TP. Hồ Chí Minh",Quận 7,3,2,,nhà hẻm,,,so hong
6900.0,69.0,"Quận 7, TP. Hồ Chí Minh",Quận 7,2,2,,nhà ở,,,so hong
5100.0,80.0,"Huyện Nhà Bè, TP. Hồ Chí Minh",Huyện Nhà Bè,0,0,,nhà ở,,,so hong
12500.0,83.0,"Quận 7, TP. Hồ Chí Minh",Quận 7,4,5,,nhà ở,,,so hong
5450.0,45.0,"Quận 7, TP. Hồ Chí Minh",Quận 7,2,3,,nhà ở,,,so hong
6160.0,62.0,"Quận 7, TP. Hồ Chí Minh",Quận 7,2,3,,nhà ở,,,so hong
7000.0,52.0,"Huyện Nhà Bè, TP. Hồ Chí Minh",Huyện Nhà Bè,4,5,,nhà ở,,,so hong
10500.0,60.0,"Quận 7, TP. Hồ Chí Minh",Quận 7,4,5,,nhà ở,,,so hong
13980.0,72.0,"Quận 7, TP. Hồ Chí Minh",Quận 7,4,5,,nhà ở,,,so hong
12500.0,72.0,"Quận 7, TP. Hồ Chí Minh",Quận 7,4,5,,nhà ở,,,so hong
8500.0,98.0,"Quận 7, TP. Hồ Chí Minh",Quận 7,3,2,,nhà ở,,,so hong
4500.0,64.0,"Quận 7, TP. Hồ Chí Minh",Quận 7,3,1,,nhà hẻm,,,so hong
6350.0,55.0,"Huyện Nhà Bè, TP. Hồ Chí Minh",Huyện Nhà Bè,4,5,,nhà ở,,,so hong
4950.0,74.0,"Huyện Nhà Bè, TP. Hồ Chí Minh",Huyện Nhà Bè,4,3,,nhà ở,,,so hong
4450.0,70.0,"Huyện Nhà Bè, TP. Hồ Chí Minh",Huyện Nhà Bè,2,1,,nhà ở,,,so hong
4200.0,56.0,"Quận 7, TP. Hồ Chí Minh",Quận 7,2,2,,nhà ở,,,so hong
10600.0,70.0,"Quận 7, TP. Hồ Chí Minh",Quận 7,4,4,,nhà ở,,,so hong
4500.0,32.0,"Quận 7, TP. Hồ Chí Minh",Quận 7,2,2,,nhà ở,,,so hong
4860.0,64.0,"Huyện Nhà Bè, TP. Hồ Chí Minh",Huyện Nhà Bè,2,2,,nhà ở,,,so hong
7500.0,30.0,"Quận 7, TP. Hồ Chí Minh",Quận 7,4,4,,nhà ở,,,so hong
5990.0,55.0,"Quận 7, TP. Hồ Chí Minh",Quận 7,4,5,,nhà ở,,,so hong
6590.0,50.0,"Huyện Nhà Bè, TP. Hồ Chí Minh",Huyện Nhà Bè,4,5,,nhà ở,,,so hong
7800.0,100.0,"Huyện Nhà Bè, TP. Hồ Chí Minh",Huyện Nhà Bè,4,5,,nhà hẻm,,,so hong
5880.0,55.0,"Huyện Nhà Bè, TP. Hồ Chí Minh",Huyện Nhà Bè,4,4,,nhà hẻm,,,so hong
4850.0,76.0,"Huyện Nhà Bè, TP. Hồ Chí Minh",Huyện Nhà Bè,4,2,,nhà ở,,,so hong
5950.0,52.0,"Quận 7, TP. Hồ Chí Minh",Quận 7,4,3,,nhà hẻm,,,so hong
4000.0,100.0,"Huyện Nhà Bè, TP. Hồ Chí Minh",Huyện Nhà Bè,0,0,,nhà ở,,,so hong
4350.0,64.0,"Huyện Nhà Bè, TP. Hồ Chí Minh",Huyện Nhà Bè,3,3,,nhà ở,,,so hong
12000.0,107.0,"Quận 7, TP. Hồ Chí Minh",Quận 7,4,5,,nhà ở,,,so hong
5800.0,43.0,"Quận 7, TP. Hồ Chí Minh",Quận 7,3,3,,nhà ở,,,so hong
7200.0,69.0,"Huyện Nhà Bè, TP. Hồ Chí Minh",Huyện Nhà Bè,4,5,,nhà ở,,,so hong
6600.0,62.0,"Huyện Nhà Bè, TP. Hồ Chí Minh",Huyện Nhà Bè,4,5,,nhà hẻm,,,so hong
8200.0,1050.0,"Quận 7, TP. Hồ Chí Minh",Quận 7,8,9,,nhà ở,,,so hong
7190.0,59.0,"Huyện Nhà Bè, TP. Hồ Chí Minh",Huyện Nhà Bè,4,5,,nhà ở,,,so hong
7000.0,83.0,"Huyện Nhà Bè, TP. Hồ Chí Minh",Huyện Nhà Bè,4,5,,nhà ở,,,so hong
5150.0,124.0,"Huyện Nhà Bè, TP. Hồ Chí Minh",Huyện Nhà Bè,0,0,,nhà ở,,,so hong
3950.0,72.0,"Huyện Nhà Bè, TP. Hồ Chí Minh",Huyện Nhà Bè,0,0,,nhà ở,,,so hong
8350.0,60.0,"Quận 7, TP. Hồ Chí Minh",Quận 7,4,4,,nhà ở,,,so hong
6600.0,77.0,"Quận 7, TP. Hồ Chí Minh",Quận 7,3,3,,nhà hẻm,,,so hong
4600.0,60.0,"Huyện Nhà Bè, TP. Hồ Chí Minh",Huyện Nhà Bè,0,0,,nhà ở,,,so hong
4390.0,801.0,"Huyện Nhà Bè, TP. Hồ Chí Minh",Huyện Nhà Bè,0,0,,nhà ở,,,so hong
5560.0,80.0,"Huyện Nhà Bè, TP. Hồ Chí Minh",Huyện Nhà Bè,0,0,,nhà ở,,,so hong
7550.0,55.0,"Huyện Nhà Bè, TP. Hồ Chí Minh",Huyện Nhà Bè,4,5,,nhà ở,,,so hong
5950.0,110.0,"Huyện Nhà Bè, TP. Hồ Chí Minh",Huyện Nhà Bè,2,5,,nhà hẻm,,,so hong
4800.0,73.0,"Huyện Nhà Bè, TP. Hồ Chí Minh",Huyện Nhà Bè,0,0,,nhà ở,,,so hong
6400.0,80.0,"Huyện Nhà Bè, TP. Hồ Chí Minh",Huyện Nhà Bè,0,0,,nhà ở,,,so hong
4700.0,72.0,"Quận 7, TP. Hồ Chí Minh",Quận 7,2,2,,căn hộ,,,so hong
6300.0,56.0,"Quận 10, TP. Hồ Chí Minh",Quận 10,2,2,,nhà hẻm,,,so hong
11800.0,42.0,"Quận 10, TP. Hồ Chí Minh",Quận 10,4,3,,nhà hẻm,,,so hong
6600.0,75.0,"Quận Bình Tân, TP. Hồ Chí Minh",Quận Bình Tân,2,2,,nhà ở,,,so hong
4150.0,81.0,"Quận Tân Bình, TP. Hồ Chí Minh",Quận Tân Bình,2,2,,căn hộ,,,so hong
16500.0,101.0,"Quận 10, TP. Hồ Chí Minh",Quận 10,3,0,,nhà hẻm,,,so hong
6400.0,78.0,"Quận Tân Bình, TP. Hồ Chí Minh",Quận Tân Bình,3,0,,nhà ở,,,so hong
8900.0,86.0,"Quận Tân Bình, TP. Hồ Chí Minh",Quận Tân Bình,4,2,,nhà ở,,,so hong
7900.0,63.0,"Quận Tân Bình, TP. Hồ Chí Minh",Quận Tân Bình,4,3,,nhà ở,,,so hong
14500.0,79.0,"Quận Phú Nhuận, TP. Hồ Chí Minh",Quận Phú Nhuận,4,3,,nhà ở,,,so hong
3500.0,22.0,"Quận Gò Vấp, TP. Hồ Chí Minh",Quận Gò Vấp,2,2,,nhà ở,,,so hong
13500.0,71.0,"Quận Phú Nhuận, TP. Hồ Chí Minh",Quận Phú Nhuận,12,12,,nhà ở,,,so hong
9600.0,68.0,"Quận Phú Nhuận, TP. Hồ Chí Minh",Quận Phú Nhuận,2,1,,nhà ở,,,so hong
9500.0,78.0,"Quận Phú Nhuận, TP. Hồ Chí Minh",Quận Phú Nhuận,4,3,,nhà ở,,,so hong
13700.0,757.0,"Quận Phú Nhuận, TP. Hồ Chí Minh",Quận Phú Nhuận,4,5,,nhà ở,,,so hong
11200.0,85.0,"Quận Phú Nhuận, TP. Hồ Chí Minh",Quận Phú Nhuận,4,4,,nhà ở,,,so hong
48000.0,188.0,"Quận Phú Nhuận, TP. Hồ Chí Minh",Quận Phú Nhuận,6,6,,nhà ở,,,so hong
28000.0,176.0,"Quận Phú Nhuận, TP. Hồ Chí Minh",Quận Phú Nhuận,0,0,,nhà ở,,,so hong
14100.0,98.0,"Quận Tân Phú, TP. Hồ Chí Minh",Quận Tân Phú,3,2,,nhà ở,,,so hong
14300.0,80.0,"Quận Bình Thạnh, TP. Hồ Chí Minh",Quận Bình Thạnh,2,2,,nhà hẻm,,,so hong
3950.0,35.0,"Quận 3, TP. Hồ Chí Minh",Quận 3,2,2,,nhà ở,,,so hong
5000.0,39.0,"Quận Tân Bình, TP. Hồ Chí Minh",Quận Tân Bình,3,2,,nhà hẻm,,,so hong
1185.0,22.0,"Huyện Nhà Bè, TP. Hồ Chí Minh",Huyện Nhà Bè,2,2,,nhà ở,,,so hong
2318.0,42.0,"Huyện Nhà Bè, TP. Hồ Chí Minh",Huyện Nhà Bè,2,1,,nhà ở,,,so hong
4250.0,39.0,"Quận Bình Thạnh, TP. Hồ Chí Minh",Quận Bình Thạnh,4,4,,nhà ở,,,so hong
2260.0,45.0,"Quận 8, TP. Hồ Chí Minh",Quận 8,2,1,,nhà ở,,,so hong
2855.0,30.0,"Quận Tân Bình, TP. Hồ Chí Minh",Quận Tân Bình,2,2,,nhà ở,,,so hong
3420.0,41.0,"Quận Bình Thạnh, TP. Hồ Chí Minh",Quận Bình Thạnh,3,3,,nhà ở,,,so hong
2975.0,36.0,"Quận Gò Vấp, TP. Hồ Chí Minh",Quận Gò Vấp,2,2,,nhà ở,,,so hong
1329.0,21.0,"Quận 12, TP. Hồ Chí Minh",Quận 12,2,2,,nhà ở,,,so hong
6355.0,44.0,"Quận Gò Vấp, TP. Hồ Chí Minh",Quận Gò Vấp,5,5,,nhà ở,,,so hong
3725.0,40.0,"Quận 12, TP. Hồ Chí Minh",Quận 12,3,3,,nhà ở,,,khong xac dinh
2725.0,36.0,"Quận Gò Vấp, TP. Hồ Chí Minh",Quận Gò Vấp,2,2,,nhà ở,,,so hong
2739.0,30.0,"Quận 8, TP. Hồ Chí Minh",Quận 8,2,2,,nhà ở,,,so hong
2419.0,30.0,"Quận 8, TP. Hồ Chí Minh",Quận 8,3,3,,nhà ở,,,so hong
2380.0,23.0,"Quận Gò Vấp, TP. Hồ Chí Minh",Quận Gò Vấp,0,0,,nhà ở,,,so hong
1315.0,19.0,"Quận 7, TP. Hồ Chí Minh",Quận 7,2,2,,nhà ở,,,so hong
1890.0,15.0,"Quận Gò Vấp, TP. Hồ Chí Minh",Quận Gò Vấp,2,2,,nhà ở,,,so hong
1690.0,18.0,"Quận 6, TP. Hồ Chí Minh",Quận 6,2,3,,nhà ở,,,so hong
4872.0,45.0,"Quận Gò Vấp, TP. Hồ Chí Minh",Quận Gò Vấp,3,3,,nhà ở,,,so hong
3760.0,20.0,"Quận Bình Thạnh, TP. Hồ Chí Minh",Quận Bình Thạnh,3,4,,nhà ở,,,so hong
2850.0,40.0,"Quận Bình Tân, TP. Hồ Chí Minh",Quận Bình Tân,3,3,,nhà ở,,,so hong
2415.0,24.0,"Quận Gò Vấp, TP. Hồ Chí Minh",Quận Gò Vấp,3,2,,nhà ở,,,so hong
1480.0,15.0,"Quận Gò Vấp, TP. Hồ Chí Minh",Quận Gò Vấp,2,2,,nhà ở,,,so hong
2985.0,36.0,"Quận Tân Bình, TP. Hồ Chí Minh",Quận Tân Bình,2,2,,nhà ở,,,so hong
2180.0,31.0,"Quận Tân Phú, TP. Hồ Chí Minh",Quận Tân Phú,2,2,,nhà ở,,,so hong
4319.0,40.0,"Quận 10, TP. Hồ Chí Minh",Quận 10,3,2,,nhà ở,,,so hong
1783.0,21.0,"Quận Gò Vấp, TP. Hồ Chí Minh",Quận Gò Vấp,2,2,,nhà ở,,,so hong
5835.0,50.0,"Quận Phú Nhuận, TP. Hồ Chí Minh",Quận Phú Nhuận,5,5,,nhà ở,,,so hong
2190.0,27.0,"Quận Gò Vấp, TP. Hồ Chí Minh",Quận Gò Vấp,3,3,,nhà ở,,,so hong
3975.0,50.0,"Quận 12, TP. Hồ Chí Minh",Quận 12,3,4,,nhà ở,,,so hong
2615.0,44.0,"Quận 8, TP. Hồ Chí Minh",Quận 8,4,3,,nhà ở,,,so hong
2795.0,31.0,"Quận Gò Vấp, TP. Hồ Chí Minh",Quận Gò Vấp,2,2,,nhà ở,,,so hong
2725.0,39.0,"Quận Gò Vấp, TP. Hồ Chí Minh",Quận Gò Vấp,3,2,,nhà ở,,,so hong
1640.0,32.0,"Quận Gò Vấp, TP. Hồ Chí Minh",Quận Gò Vấp,0,0,,nhà ở,,,so hong
2300.0,30.0,"Quận Phú Nhuận, TP. Hồ Chí Minh",Quận Phú Nhuận,4,5,,nhà ở,,,hop dong mua ban
1400.0,51.0,"Quận 9 (TP. Thủ Đức), TP. Hồ Chí Minh",Quận 9 (TP. Thủ Đức),3,3,,nhà ở,,,so hong
1690.0,72.0,"Quận Bình Thạnh, TP. Hồ Chí Minh",Quận Bình Thạnh,2,2,,căn hộ,,,so hong
1780.0,75.0,"Quận 7, TP. Hồ Chí Minh",Quận 7,3,2,,nhà ở,,,so hong
2220.0,69.0,"Quận Phú Nhuận, TP. Hồ Chí Minh",Quận Phú Nhuận,2,2,,căn hộ,,,so hong
1925.0,47.0,"Quận Gò Vấp, TP. Hồ Chí Minh",Quận Gò Vấp,3,4,,nhà ở,,,so hong
2655.0,64.0,"Quận Thủ Đức (TP. Thủ Đức), TP. Hồ Chí Minh",Quận Thủ Đức (TP. Thủ Đức),3,2,,nhà ở,,,so hong
2962.0,44.0,"Quận Thủ Đức (TP. Thủ Đức), TP. Hồ Chí Minh",Quận Thủ Đức (TP. Thủ Đức),3,4,,nhà ở,,,so hong
2965.0,40.0,"Quận Gò Vấp, TP. Hồ Chí Minh",Quận Gò Vấp,2,2,,nhà ở,,,so hong
1995.0,24.0,"Quận 8, TP. Hồ Chí Minh",Quận 8,1,2,,nhà ở,,,so hong
3250.0,34.0,"Quận Bình Tân, TP. Hồ Chí Minh",Quận Bình Tân,4,4,,nhà ở,,,so hong
1986.0,21.0,"Quận Gò Vấp, TP. Hồ Chí Minh",Quận Gò Vấp,0,0,,nhà ở,,,so hong
2750.0,24.0,"Quận Tân Bình, TP. Hồ Chí Minh",Quận Tân Bình,2,2,,nhà ở,,,so hong
1720.0,46.0,"Quận Bình Thạnh, TP. Hồ Chí Minh",Quận Bình Thạnh,3,3,,nhà ở,,,so hong
1985.0,44.0,"Quận Gò Vấp, TP. Hồ Chí Minh",Quận Gò Vấp,3,3,,nhà ở,,,so hong
1025.0,16.0,"Huyện Nhà Bè, TP. Hồ Chí Minh",Huyện Nhà Bè,2,3,,nhà ở,,,so hong
3872.0,41.0,"Quận Gò Vấp, TP. Hồ Chí Minh",Quận Gò Vấp,2,2,,nhà ở,,,so hong
3350.0,36.0,"Quận Bình Thạnh, TP. Hồ Chí Minh",Quận Bình Thạnh,3,3,,nhà ở,,,so hong
2350.0,42.0,"Quận 12, TP. Hồ Chí Minh",Quận 12,2,2,,nhà ở,,,so hong
3415.0,32.0,"Quận Gò Vấp, TP. Hồ Chí Minh",Quận Gò Vấp,3,3,,nhà ở,,,so hong
2115.0,26.0,"Quận Tân Bình, TP. Hồ Chí Minh",Quận Tân Bình,2,2,,nhà ở,,,so hong
2735.0,40.0,"Quận Bình Tân, TP. Hồ Chí Minh",Quận Bình Tân,2,2,,nhà ở,,,so hong
2519.0,27.0,"Quận Gò Vấp, TP. Hồ Chí Minh",Quận Gò Vấp,2,2,,nhà ở,,,so hong
1850.0,44.0,"Quận Gò Vấp, TP. Hồ Chí Minh",Quận Gò Vấp,3,4,,nhà ở,,,so hong
3415.0,40.0,"Quận Gò Vấp, TP. Hồ Chí Minh",Quận Gò Vấp,3,3,,nhà ở,,,so hong
2845.0,35.0,"Quận Gò Vấp, TP. Hồ Chí Minh",Quận Gò Vấp,2,2,,nhà ở,,,so hong
2745.0,46.0,"Quận Gò Vấp, TP. Hồ Chí Minh",Quận Gò Vấp,3,4,,nhà ở,,,so hong
2815.0,60.0,"Quận Bình Thạnh, TP. Hồ Chí Minh",Quận Bình Thạnh,4,5,,nhà ở,,,so hong
3470.0,54.0,"Quận Gò Vấp, TP. Hồ Chí Minh",Quận Gò Vấp,4,3,,nhà ở,,,so hong
1950.0,39.0,"Quận Gò Vấp, TP. Hồ Chí Minh",Quận Gò Vấp,3,4,,nhà ở,,,so hong
2955.0,66.0,"Quận Phú Nhuận, TP. Hồ Chí Minh",Quận Phú Nhuận,2,2,,căn hộ,,,so hong
2290.0,15.0,"Quận Gò Vấp, TP. Hồ Chí Minh",Quận Gò Vấp,2,3,,nhà ở,,,so hong
2810.0,36.0,"Quận Bình Thạnh, TP. Hồ Chí Minh",Quận Bình Thạnh,3,3,,nhà ở,,,so hong
1575.0,18.0,"Quận 7, TP. Hồ Chí Minh",Quận 7,2,2,,nhà ở,,,so hong
3865.0,40.0,"Quận Gò Vấp, TP. Hồ Chí Minh",Quận Gò Vấp,3,4,,nhà ở,,,so hong
2835.0,36.0,"Quận 7, TP. Hồ Chí Minh",Quận 7,2,2,,nhà ở,,,so hong
1375.0,24.0,"Quận Gò Vấp, TP. Hồ Chí Minh",Quận Gò Vấp,2,2,,nhà ở,,,so hong
2115.0,24.0,"Quận Gò Vấp, TP. Hồ Chí Minh",Quận Gò Vấp,2,2,,nhà ở,,,khong xac dinh
2460.0,38.0,"Huyện Bình Chánh, TP. Hồ Chí Minh",Huyện Bình Chánh,2,2,,nhà ở,,,so hong
3915.0,38.0,"Quận Bình Thạnh, TP. Hồ Chí Minh",Quận Bình Thạnh,4,3,,nhà ở,,,so hong
3225.0,35.0,"Quận 8, TP. Hồ Chí Minh",Quận 8,3,2,,nhà ở,,,so hong
2965.0,31.0,"Quận Phú Nhuận, TP. Hồ Chí Minh",Quận Phú Nhuận,3,0,,nhà ở,,,so hong
2628.0,33.0,"Quận 7, TP. Hồ Chí Minh",Quận 7,4,3,,nhà ở,,,so hong
2955.0,20.0,"Quận Bình Thạnh, TP. Hồ Chí Minh",Quận Bình Thạnh,3,3,,nhà ở,,,so hong
2715.0,30.0,"Huyện Bình Chánh, TP. Hồ Chí Minh",Huyện Bình Chánh,4,4,,nhà ở,,,so hong
2174.0,27.0,"Quận Phú Nhuận, TP. Hồ Chí Minh",Quận Phú Nhuận,4,4,,nhà ở,,,so hong
2980.0,24.0,"Quận Phú Nhuận, TP. Hồ Chí Minh",Quận Phú Nhuận,2,2,,nhà ở,,,so hong
2719.0,32.0,"Quận Gò Vấp, TP. Hồ Chí Minh",Quận Gò Vấp,2,2,,nhà ở,,,so hong
2625.0,27.0,"Quận Gò Vấp, TP. Hồ Chí Minh",Quận Gò Vấp,3,2,,nhà ở,,,so hong
1995.0,21.0,"Quận Gò Vấp, TP. Hồ Chí Minh",Quận Gò Vấp,2,2,,nhà ở,,,so hong
2950.0,46.0,"Quận Gò Vấp, TP. Hồ Chí Minh",Quận Gò Vấp,3,4,,nhà ở,,,so hong
2035.0,18.0,"Quận 7, TP. Hồ Chí Minh",Quận 7,2,2,,nhà ở,,,so hong
1515.0,55.0,"Quận 12, TP. Hồ Chí Minh",Quận 12,5,5,,nhà ở,,,so hong
1560.0,40.0,"Quận Gò Vấp, TP. Hồ Chí Minh",Quận Gò Vấp,4,3,,nhà ở,,,so hong
1925.0,46.0,"Quận Bình Tân, TP. Hồ Chí Minh",Quận Bình Tân,5,5,,nhà ở,,,so hong
1719.0,40.0,"Quận Tân Bình, TP. Hồ Chí Minh",Quận Tân Bình,4,5,,nhà ở,,,so hong
1795.0,40.0,"Quận Gò Vấp, TP. Hồ Chí Minh",Quận Gò Vấp,3,3,,nhà ở,,,so hong
2120.0,60.0,"Quận 7, TP. Hồ Chí Minh",Quận 7,4,4,,nhà ở,,,so hong
2100.0,36.0,"Quận Gò Vấp, TP. Hồ Chí Minh",Quận Gò Vấp,2,2,,nhà ở,,,so hong
1690.0,42.0,"Quận Gò Vấp, TP. Hồ Chí Minh",Quận Gò Vấp,3,3,,nhà ở,,,so hong
1420.0,27.0,"Quận Bình Thạnh, TP. Hồ Chí Minh",Quận Bình Thạnh,3,3,,nhà ở,,,so hong
1450.0,55.0,"Quận Bình Tân, TP. Hồ Chí Minh",Quận Bình Tân,3,2,,nhà ở,,,so hong
2200.0,66.0,"Quận Gò Vấp, TP. Hồ Chí Minh",Quận Gò Vấp,3,2,,nhà ở,,,so hong
9700.0,120.0,"Quận 10, TP. Hồ Chí Minh",Quận 10,2,2,,nhà ở,,,so hong
26500.0,95.0,"Quận 10, TP. Hồ Chí Minh",Quận 10,3,3,,nhà ở,,,so hong
73500.0,435.0,"Quận 10, TP. Hồ Chí Minh",Quận 10,3,3,,nhà ở,,,so hong
54000.0,210.0,"Quận 10, TP. Hồ Chí Minh",Quận 10,3,2,,nhà ở,,,so hong
28500.0,135.0,"Quận Tân Bình, TP. Hồ Chí Minh",Quận Tân Bình,2,2,,nhà ở,,,so hong
17800.0,66.0,"Quận Tân Bình, TP. Hồ Chí Minh",Quận Tân Bình,2,1,,nhà ở,,,so hong
28800.0,179.0,"Quận Tân Bình, TP. Hồ Chí Minh",Quận Tân Bình,5,4,,nhà ở,,,so hong
24800.0,149.0,"Quận Tân Bình, TP. Hồ Chí Minh",Quận Tân Bình,4,3,,nhà ở,,,so hong
16500.0,100.0,"Quận Tân Phú, TP. Hồ Chí Minh",Quận Tân Phú,0,0,,nhà ở,,,so do
25900.0,117.0,"Quận Tân Bình, TP. Hồ Chí Minh",Quận Tân Bình,6,6,,nhà ở,,,so hong
26500.0,110.0,"Quận Tân Bình, TP. Hồ Chí Minh",Quận Tân Bình,14,14,,nhà ở,,,so hong
12700.0,50.0,"Quận 3, TP. Hồ Chí Minh",Quận 3,5,5,,nhà ở,,,so hong
11700.0,80.0,"Quận Tân Phú, TP. Hồ Chí Minh",Quận Tân Phú,5,3,,nhà ở,,,so hong
10500.0,55.0,"Quận 3, TP. Hồ Chí Minh",Quận 3,4,4,,nhà ở,,,so hong
23500.0,163.0,"Quận Tân Bình, TP. Hồ Chí Minh",Quận Tân Bình,11,10,,nhà ở,,,so hong
5600.0,45.0,"Quận Tân Phú, TP. Hồ Chí Minh",Quận Tân Phú,3,2,,nhà ở,,,so hong
4650.0,35.0,"Quận 7, TP. Hồ Chí Minh",Quận 7,3,4,,nhà ở,,,so hong
4400.0,50.0,"Quận 7, TP. Hồ Chí Minh",Quận 7,4,3,,nhà ở,,,so do
3310.0,30.0,"Quận Tân Bình, TP. Hồ Chí Minh",Quận Tân Bình,2,2,,nhà ở,,,so hong
5000.0,50.0,"Quận 9 (TP. Thủ Đức), TP. Hồ Chí Minh",Quận 9 (TP. Thủ Đức),3,2,,nhà ở,,,so do
8500.0,160.0,"Quận 7, TP. Hồ Chí Minh",Quận 7,3,2,,nhà ở,,,so hong
3800.0,50.0,"Quận Bình Tân, TP. Hồ Chí Minh",Quận Bình Tân,2,2,,nhà ở,,,so do
3600.0,40.0,"Quận Bình Tân, TP. Hồ Chí Minh",Quận Bình Tân,2,2,,nhà ở,,,so do
18000.0,100.0,"Quận 9 (TP. Thủ Đức), TP. Hồ Chí Minh",Quận 9 (TP. Thủ Đức),4,5,,nhà ở,,,so hong
22015.0,130.0,"Quận 2 (TP. Thủ Đức), TP. Hồ Chí Minh",Quận 2 (TP. Thủ Đức),0,0,,nhà ở,,,so hong
8200.0,77.0,"Quận Tân Phú, TP. Hồ Chí Minh",Quận Tân Phú,2,2,,nhà ở,,,so hong
8900.0,71.0,"Quận Tân Phú, TP. Hồ Chí Minh",Quận Tân Phú,0,0,,nhà ở,,,so hong
31300.0,110.0,"Quận 2 (TP. Thủ Đức), TP. Hồ Chí Minh",Quận 2 (TP. Thủ Đức),4,4,,nhà ở,,,so hong
6650.0,100.0,"Quận Tân Phú, TP. Hồ Chí Minh",Quận Tân Phú,1,1,,nhà ở,,,so hong
27000.0,160.0,"Huyện Nhà Bè, TP. Hồ Chí Minh",Huyện Nhà Bè,4,3,,nhà ở,,,so hong
7000.0,147.0,"Quận 12, TP. Hồ Chí Minh",Quận 12,7,7,,nhà ở,,,so hong
4750.0,80.0,"Quận 12, TP. Hồ Chí Minh",Quận 12,0,0,,đất nền,,,so hong
14800.0,115.0,"Quận Tân Bình, TP. Hồ Chí Minh",Quận Tân Bình,5,4,,nhà hẻm,,,so hong
12500.0,86.0,"Quận Tân Bình, TP. Hồ Chí Minh",Quận Tân Bình,3,3,,nhà ở,,,so hong
16400.0,96.0,"Quận Tân Bình, TP. Hồ Chí Minh",Quận Tân Bình,4,4,,nhà ở,,,so hong
9400.0,55.0,"Quận Phú Nhuận, TP. Hồ Chí Minh",Quận Phú Nhuận,4,5,,nhà ở,,,so hong
10600.0,63.0,"Quận Phú Nhuận, TP. Hồ Chí Minh",Quận Phú Nhuận,5,4,,nhà ở,,,so hong
28800.0,98.0,"Quận Phú Nhuận, TP. Hồ Chí Minh",Quận Phú Nhuận,6,5,,nhà ở,,,so hong
9600.0,76.0,"Quận Phú Nhuận, TP. Hồ Chí Minh",Quận Phú Nhuận,3,2,,nhà hẻm,,,so hong
15900.0,98.0,"Quận Phú Nhuận, TP. Hồ Chí Minh",Quận Phú Nhuận,4,3,,nhà ở,,,so hong
11500.0,98.0,"Quận Phú Nhuận, TP. Hồ Chí Minh",Quận Phú Nhuận,4,2,,nhà ở,,,so hong
12400.0,75.0,"Quận Tân Bình, TP. Hồ Chí Minh",Quận Tân Bình,4,3,,nhà hẻm,,,so hong
13400.0,83.0,"Quận 10, TP. Hồ Chí Minh",Quận 10,5,4,,nhà ở,,,so hong
6790.0,46.0,"Quận Phú Nhuận, TP. Hồ Chí Minh",Quận Phú Nhuận,4,2,,nhà ở,,,so hong
8500.0,60.0,"Quận Tân Bình, TP. Hồ Chí Minh",Quận Tân Bình,4,4,,nhà ở,,,so hong
7900.0,65.0,"Quận Phú Nhuận, TP. Hồ Chí Minh",Quận Phú Nhuận,0,0,,nhà ở,,,so do
13500.0,58.0,"Quận Tân Bình, TP. Hồ Chí Minh",Quận Tân Bình,4,4,,nhà hẻm,,,so hong
12100.0,75.0,"Quận Tân Bình, TP. Hồ Chí Minh",Quận Tân Bình,5,4,,nhà ở,,,so hong
11700.0,63.0,"Quận Tân Bình, TP. Hồ Chí Minh",Quận Tân Bình,5,4,,nhà ở,,,so hong
13500.0,585.0,"Quận Tân Bình, TP. Hồ Chí Minh",Quận Tân Bình,4,4,,nhà ở,,,so hong
35500.0,130.0,"Quận Tân Bình, TP. Hồ Chí Minh",Quận Tân Bình,9,8,,nhà ở,,,so hong
10500.0,56.0,"Quận 10, TP. Hồ Chí Minh",Quận 10,5,4,,nhà ở,,,so hong
14600.0,115.0,"Quận Tân Bình, TP. Hồ Chí Minh",Quận Tân Bình,5,4,,nhà ở,,,so hong
13700.0,70.0,"Quận Tân Bình, TP. Hồ Chí Minh",Quận Tân Bình,4,4,,nhà hẻm,,,so hong
13900.0,68.0,"Quận Tân Bình, TP. Hồ Chí Minh",Quận Tân Bình,4,5,,nhà hẻm,,,so hong
14900.0,85.0,"Quận Tân Bình, TP. Hồ Chí Minh",Quận Tân Bình,5,3,,nhà hẻm,,,so hong
83000.0,350.0,"Quận Tân Bình, TP. Hồ Chí Minh",Quận Tân Bình,2,1,,nhà ở,,,so hong
4950.0,65.0,"Quận Tân Bình, TP. Hồ Chí Minh",Quận Tân Bình,0,0,,nhà ở,,,so do
7600.0,45.0,"Quận 10, TP. Hồ Chí Minh",Quận 10,3,3,,nhà hẻm,,,so hong
16900.0,100.0,"Quận 10, TP. Hồ Chí Minh",Quận 10,5,4,,nhà ở,,,so hong
6500.0,32.0,"Quận Phú Nhuận, TP. Hồ Chí Minh",Quận Phú Nhuận,3,4,,nhà ở,,,so do
7000.0,24.0,"Quận 10, TP. Hồ Chí Minh",Quận 10,3,3,,nhà ở,,,so do
12700.0,61.0,"Quận Tân Bình, TP. Hồ Chí Minh",Quận Tân Bình,7,6,,nhà ở,,,so do
9500.0,60.0,"Quận 3, TP. Hồ Chí Minh",Quận 3,6,5,,nhà ở,,,so do
7800.0,39.0,"Quận 10, TP. Hồ Chí Minh",Quận 10,2,2,,nhà hẻm,,,so do
11900.0,83.0,"Quận 10, TP. Hồ Chí Minh",Quận 10,11,12,,nhà ở,,,so do
14700.0,72.0,"Quận 10, TP. Hồ Chí Minh",Quận 10,5,2,,nhà hẻm,,,so do
18500.0,68.0,"Quận Tân Bình, TP. Hồ Chí Minh",Quận Tân Bình,5,4,,nhà ở,,,so do
6500.0,39.0,"Quận 5, TP. Hồ Chí Minh",Quận 5,3,3,,nhà ở,,,so do
9900.0,44.0,"Quận 10, TP. Hồ Chí Minh",Quận 10,5,4,,nhà hẻm,,,so hong
13800.0,72.0,"Quận 10, TP. Hồ Chí Minh",Quận 10,3,3,,nhà hẻm,,,so do
1900.0,17.0,"Quận 5, TP. Hồ Chí Minh",Quận 5,1,1,,nhà hẻm,,,so do
2500.0,46.0,"Quận 10, TP. Hồ Chí Minh",Quận 10,2,2,,căn hộ,,,so do
7950.0,43.0,"Quận Gò Vấp, TP. Hồ Chí Minh",Quận Gò Vấp,3,4,,nhà ở,,,so hong
5588.0,30.0,"Quận Gò Vấp, TP. Hồ Chí Minh",Quận Gò Vấp,3,3,,nhà ở,,,so hong
3490.0,20.0,"Quận Tân Bình, TP. Hồ Chí Minh",Quận Tân Bình,4,4,,nhà ở,,,so hong
5700.0,62.0,"Quận Gò Vấp, TP. Hồ Chí Minh",Quận Gò Vấp,3,2,,nhà ở,,,so hong
12000.0,67.0,"Quận Bình Thạnh, TP. Hồ Chí Minh",Quận Bình Thạnh,6,6,,nhà ở,,,so hong
26500.0,100.0,"Quận Gò Vấp, TP. Hồ Chí Minh",Quận Gò Vấp,5,5,,nhà ở,,,so hong
8000.0,66.0,"Quận Bình Thạnh, TP. Hồ Chí Minh",Quận Bình Thạnh,2,2,,nhà ở,,,so hong
7200.0,43.0,"Quận Bình Thạnh, TP. Hồ Chí Minh",Quận Bình Thạnh,4,5,,nhà ở,,,so hong
4000.0,30.0,"Quận Tân Bình, TP. Hồ Chí Minh",Quận Tân Bình,2,2,,nhà ở,,,so hong
4800.0,30.0,"Quận Phú Nhuận, TP. Hồ Chí Minh",Quận Phú Nhuận,2,2,,nhà ở,,,so hong
2800.0,19.0,"Quận Phú Nhuận, TP. Hồ Chí Minh",Quận Phú Nhuận,2,2,,nhà ở,,,so hong
9000.0,70.0,"Quận Gò Vấp, TP. Hồ Chí Minh",Quận Gò Vấp,4,4,,nhà ở,,,so hong
4900.0,65.0,"Quận Gò Vấp, TP. Hồ Chí Minh",Quận Gò Vấp,4,4,,nhà ở,,,so hong
4000.0,35.0,"Quận Gò Vấp, TP. Hồ Chí Minh",Quận Gò Vấp,2,2,,nhà ở,,,so hong
8000.0,56.0,"Quận Gò Vấp, TP. Hồ Chí Minh",Quận Gò Vấp,4,5,,nhà hẻm,,,so hong
2980.0,16.0,"Quận Gò Vấp, TP. Hồ Chí Minh",Quận Gò Vấp,2,2,,nhà ở,,,so hong
7000.0,36.0,"Quận Gò Vấp, TP. Hồ Chí Minh",Quận Gò Vấp,3,4,,nhà ở,,,so hong
18000.0,110.0,"Quận Gò Vấp, TP. Hồ Chí Minh",Quận Gò Vấp,4,5,,nhà ở,,,so hong
8600.0,60.0,"Quận 3, TP. Hồ Chí Minh",Quận 3,3,3,,nhà ở,,,so hong
4590.0,27.0,"Quận Gò Vấp, TP. Hồ Chí Minh",Quận Gò Vấp,3,3,,nhà ở,,,so hong
6300.0,43.0,"Quận Gò Vấp, TP. Hồ Chí Minh",Quận Gò Vấp,3,3,,nhà ở,,,so hong
5590.0,45.0,"Quận Gò Vấp, TP. Hồ Chí Minh",Quận Gò Vấp,3,3,,nhà ở,,,so hong
16900.0,187.0,"Quận Gò Vấp, TP. Hồ Chí Minh",Quận Gò Vấp,10,10,,nhà ở,,,so hong
5400.0,48.0,"Quận Tân Bình, TP. Hồ Chí Minh",Quận Tân Bình,3,3,,nhà ở,,,so hong
4100.0,33.0,"Quận Gò Vấp, TP. Hồ Chí Minh",Quận Gò Vấp,2,2,,nhà ở,,,so hong
10300.0,81.0,"Quận Gò Vấp, TP. Hồ Chí Minh",Quận Gò Vấp,5,5,,nhà ở,,,so hong
1990.0,11.0,"Quận Gò Vấp, TP. Hồ Chí Minh",Quận Gò Vấp,2,2,,nhà ở,,,so hong
12000.0,72.0,"Quận Gò Vấp, TP. Hồ Chí Minh",Quận Gò Vấp,4,5,,nhà ở,,,so hong
6000.0,41.0,"Quận Gò Vấp, TP. Hồ Chí Minh",Quận Gò Vấp,3,4,,nhà ở,,,so hong
3500.0,26.0,"Quận Gò Vấp, TP. Hồ Chí Minh",Quận Gò Vấp,2,2,,nhà ở,,,so hong
9200.0,45.0,"Quận Bình Thạnh, TP. Hồ Chí Minh",Quận Bình Thạnh,5,5,,nhà ở,,,so hong
5200.0,24.0,"Quận Bình Thạnh, TP. Hồ Chí Minh",Quận Bình Thạnh,4,4,,nhà ở,,,so hong
2500.0,15.0,"Quận Bình Thạnh, TP. Hồ Chí Minh",Quận Bình Thạnh,2,2,,nhà ở,,,so hong
7500.0,54.0,"Quận Bình Thạnh, TP. Hồ Chí Minh",Quận Bình Thạnh,2,2,,nhà ở,,,so hong
13000.0,76.0,"Quận Bình Thạnh, TP. Hồ Chí Minh",Quận Bình Thạnh,6,6,,nhà ở,,,so do
13000.0,67.0,"Quận Bình Thạnh, TP. Hồ Chí Minh",Quận Bình Thạnh,14,14,,nhà ở,,,so hong
7950.0,45.0,"Quận Phú Nhuận, TP. Hồ Chí Minh",Quận Phú Nhuận,3,4,,nhà ở,,,so hong
8300.0,43.0,"Quận Phú Nhuận, TP. Hồ Chí Minh",Quận Phú Nhuận,5,5,,nhà ở,,,so hong
7200.0,40.0,"Quận Gò Vấp, TP. Hồ Chí Minh",Quận Gò Vấp,3,3,,nhà ở,,,so hong
4150.0,32.0,"Quận Gò Vấp, TP. Hồ Chí Minh",Quận Gò Vấp,2,2,,nhà ở,,,so hong
16000.0,108.0,"Quận Gò Vấp, TP. Hồ Chí Minh",Quận Gò Vấp,10,10,,nhà ở,,,so hong
8900.0,48.0,"Quận Gò Vấp, TP. Hồ Chí Minh",Quận Gò Vấp,6,7,,nhà ở,,,so hong
7000.0,50.0,"Quận Gò Vấp, TP. Hồ Chí Minh",Quận Gò Vấp,4,2,,nhà ở,,,so hong
7400.0,42.0,"Quận Gò Vấp, TP. Hồ Chí Minh",Quận Gò Vấp,5,6,,nhà ở,,,so hong
7950.0,72.0,"Quận Gò Vấp, TP. Hồ Chí Minh",Quận Gò Vấp,3,3,,nhà ở,,,so hong
6500.0,43.0,"Quận Gò Vấp, TP. Hồ Chí Minh",Quận Gò Vấp,3,3,,nhà ở,,,so hong
8800.0,84.0,"Quận Tân Bình, TP. Hồ Chí Minh",Quận Tân Bình,5,3,,nhà ở,,,so hong
13000.0,145.0,"Quận Phú Nhuận, TP. Hồ Chí Minh",Quận Phú Nhuận,3,3,,nhà ở,,,so hong
6800.0,33.0,"Quận Phú Nhuận, TP. Hồ Chí Minh",Quận Phú Nhuận,3,3,,nhà ở,,,so hong
5280.0,33.0,"Quận Gò Vấp, TP. Hồ Chí Minh",Quận Gò Vấp,2,2,,nhà ở,,,so hong
4800.0,60.0,"Quận Bình Thạnh, TP. Hồ Chí Minh",Quận Bình Thạnh,2,2,,nhà ở,,,so hong
10000.0,70.0,"Quận Gò Vấp, TP. Hồ Chí Minh",Quận Gò Vấp,8,8,,nhà ở,,,so hong
2850.0,15.0,"Quận Tân Bình, TP. Hồ Chí Minh",Quận Tân Bình,1,1,,nhà ở,,,so hong
13600.0,60.0,"Quận Bình Thạnh, TP. Hồ Chí Minh",Quận Bình Thạnh,4,3,,nhà ở,,,so hong
20500.0,92.0,"Quận Gò Vấp, TP. Hồ Chí Minh",Quận Gò Vấp,1,1,,nhà ở,,,so hong
5600.0,66.0,"Quận Tân Bình, TP. Hồ Chí Minh",Quận Tân Bình,2,2,,nhà ở,,,so hong
11300.0,61.0,"Quận Bình Thạnh, TP. Hồ Chí Minh",Quận Bình Thạnh,2,2,,nhà ở,,,so hong
9200.0,44.0,"Quận Bình Thạnh, TP. Hồ Chí Minh",Quận Bình Thạnh,5,5,,nhà ở,,,so hong
11000.0,99.0,"Quận Gò Vấp, TP. Hồ Chí Minh",Quận Gò Vấp,2,1,,nhà ở,,,so hong
5700.0,39.0,"Quận Phú Nhuận, TP. Hồ Chí Minh",Quận Phú Nhuận,3,3,,nhà ở,,,so hong
18500.0,160.0,"Quận Bình Thạnh, TP. Hồ Chí Minh",Quận Bình Thạnh,8,8,,biệt thự,,,so hong
18000.0,87.0,"Quận Bình Thạnh, TP. Hồ Chí Minh",Quận Bình Thạnh,10,10,,nhà ở,,,so hong
23500.0,126.0,"Quận Gò Vấp, TP. Hồ Chí Minh",Quận Gò Vấp,12,12,,nhà ở,,,so hong
8600.0,46.0,"Quận Phú Nhuận, TP. Hồ Chí Minh",Quận Phú Nhuận,5,4,,nhà ở,,,so hong
6110.0,66.0,"Quận Gò Vấp, TP. Hồ Chí Minh",Quận Gò Vấp,2,2,,nhà ở,,,so hong
7000.0,49.0,"Quận Gò Vấp, TP. Hồ Chí Minh",Quận Gò Vấp,5,5,,nhà ở,,,so hong
16500.0,68.0,"Quận Tân Bình, TP. Hồ Chí Minh",Quận Tân Bình,3,3,,nhà ở,,,so hong
14000.0,80.0,"Quận Tân Bình, TP. Hồ Chí Minh",Quận Tân Bình,3,3,,nhà ở,,,so hong
7950.0,45.0,"Quận Bình Thạnh, TP. Hồ Chí Minh",Quận Bình Thạnh,6,6,,nhà ở,,,so hong
6500.0,44.0,"Quận Gò Vấp, TP. Hồ Chí Minh",Quận Gò Vấp,2,2,,nhà ở,,,so hong
8450.0,41.0,"Quận Phú Nhuận, TP. Hồ Chí Minh",Quận Phú Nhuận,3,4,,nhà ở,,,so hong
8200.0,39.0,"Quận Phú Nhuận, TP. Hồ Chí Minh",Quận Phú Nhuận,7,7,,nhà ở,,,so hong
8500.0,37.0,"Quận Tân Bình, TP. Hồ Chí Minh",Quận Tân Bình,4,4,,nhà ở,,,so hong
8200.0,46.0,"Quận Gò Vấp, TP. Hồ Chí Minh",Quận Gò Vấp,3,3,,nhà ở,,,so hong
10000.0,75.0,"Quận Gò Vấp, TP. Hồ Chí Minh",Quận Gò Vấp,4,4,,nhà ở,,,so hong
3550.0,63.0,"Quận Bình Thạnh, TP. Hồ Chí Minh",Quận Bình Thạnh,2,1,,nhà ở,,,so hong
13900.0,100.0,"Quận Bình Thạnh, TP. Hồ Chí Minh",Quận Bình Thạnh,5,5,,nhà ở,,,so hong
6460.0,56.0,"Quận Gò Vấp, TP. Hồ Chí Minh",Quận Gò Vấp,2,3,,nhà ở,,,so hong
8260.0,40.0,"Quận Gò Vấp, TP. Hồ Chí Minh",Quận Gò Vấp,4,4,,nhà ở,,,so hong
3150.0,27.0,"Quận Gò Vấp, TP. Hồ Chí Minh",Quận Gò Vấp,2,2,,nhà ở,,,so hong
8350.0,38.0,"Quận Tân Bình, TP. Hồ Chí Minh",Quận Tân Bình,4,4,,nhà ở,,,so hong
12000.0,116.0,"Quận Gò Vấp, TP. Hồ Chí Minh",Quận Gò Vấp,5,5,,nhà ở,,,so hong
12900.0,82.0,"Quận Gò Vấp, TP. Hồ Chí Minh",Quận Gò Vấp,4,4,,nhà ở,,,so hong
8200.0,50.0,"Quận Gò Vấp, TP. Hồ Chí Minh",Quận Gò Vấp,4,4,,nhà ở,,,so hong
8600.0,56.0,"Quận Tân Bình, TP. Hồ Chí Minh",Quận Tân Bình,7,4,,nhà ở,,,so hong
3000.0,20.0,"Quận Phú Nhuận, TP. Hồ Chí Minh",Quận Phú Nhuận,3,4,,nhà ở,,,so hong
8600.0,60.0,"Quận Phú Nhuận, TP. Hồ Chí Minh",Quận Phú Nhuận,5,5,,nhà ở,,,so hong
9500.0,128.0,"Quận Gò Vấp, TP. Hồ Chí Minh",Quận Gò Vấp,2,2,,nhà ở,,,so hong
3250.0,36.0,"Quận Gò Vấp, TP. Hồ Chí Minh",Quận Gò Vấp,2,2,,nhà ở,,,so hong
18000.0,100.0,"Quận Gò Vấp, TP. Hồ Chí Minh",Quận Gò Vấp,4,4,,nhà ở,,,so hong
8000.0,68.0,"Quận Tân Bình, TP. Hồ Chí Minh",Quận Tân Bình,4,4,,nhà ở,,,so hong
9000.0,56.0,"Quận Gò Vấp, TP. Hồ Chí Minh",Quận Gò Vấp,4,4,,nhà ở,,,so hong
14000.0,70.0,"Quận Tân Bình, TP. Hồ Chí Minh",Quận Tân Bình,6,5,,nhà ở,,,so hong
7300.0,70.0,"Quận Tân Phú, TP. Hồ Chí Minh",Quận Tân Phú,2,2,,nhà ở,,,so hong
9350.0,105.0,"Quận Tân Phú, TP. Hồ Chí Minh",Quận Tân Phú,4,4,,nhà ở,,,so hong
11600.0,75.0,"Quận Tân Phú, TP. Hồ Chí Minh",Quận Tân Phú,2,2,,nhà ở,,,so hong
12200.0,86.0,"Quận Tân Phú, TP. Hồ Chí Minh",Quận Tân Phú,1,1,,nhà ở,,,so hong
10700.0,84.0,"Quận Tân Phú, TP. Hồ Chí Minh",Quận Tân Phú,1,1,,nhà ở,,,so hong
6800.0,45.0,"Quận Tân Phú, TP. Hồ Chí Minh",Quận Tân Phú,2,2,,nhà ở,,,so hong
2850.0,175.0,"Quận Bình Tân, TP. Hồ Chí Minh",Quận Bình Tân,0,0,,nhà ở,,,so hong
12000.0,84.0,"Huyện Hóc Môn, TP. Hồ Chí Minh",Huyện Hóc Môn,4,5,,nhà ở,,,so hong
4500.0,417.0,"Huyện Củ Chi, TP. Hồ Chí Minh",Huyện Củ Chi,3,3,,nhà ở,,,so hong
3700.0,38.0,"Quận Gò Vấp, TP. Hồ Chí Minh",Quận Gò Vấp,2,2,,nhà ở,,,so hong
6500.0,56.0,"Quận Gò Vấp, TP. Hồ Chí Minh",Quận Gò Vấp,2,2,,nhà ở,,,so hong
7000.0,57.0,"Quận Gò Vấp, TP. Hồ Chí Minh",Quận Gò Vấp,3,3,,nhà ở,,,hop dong mua ban
10500.0,85.0,"Quận Gò Vấp, TP. Hồ Chí Minh",Quận Gò Vấp,4,2,,biệt thự,,,so do
5550.0,60.0,"Quận Gò Vấp, TP. Hồ Chí Minh",Quận Gò Vấp,2,1,,nhà ở,,,so do
13900.0,119.0,"Quận Gò Vấp, TP. Hồ Chí Minh",Quận Gò Vấp,8,3,,nhà ở,,,so do
17000.0,140.0,"Quận Gò Vấp, TP. Hồ Chí Minh",Quận Gò Vấp,8,8,,nhà ở,,,so hong
8900.0,65.0,"Quận Gò Vấp, TP. Hồ Chí Minh",Quận Gò Vấp,4,5,,nhà ở,,,so hong
8000.0,90.0,"Quận Gò Vấp, TP. Hồ Chí Minh",Quận Gò Vấp,3,1,,nhà ở,,,so do
25500.0,152.0,"Quận Gò Vấp, TP. Hồ Chí Minh",Quận Gò Vấp,5,4,,nhà ở,,,so hong
7900.0,65.0,"Quận Gò Vấp, TP. Hồ Chí Minh",Quận Gò Vấp,4,5,,nhà ở,,,so hong
19800.0,105.0,"Quận Gò Vấp, TP. Hồ Chí Minh",Quận Gò Vấp,15,15,,nhà ở,,,so hong
14500.0,130.0,"Quận Gò Vấp, TP. Hồ Chí Minh",Quận Gò Vấp,2,1,,nhà ở,,,so hong
11500.0,60.0,"Quận Gò Vấp, TP. Hồ Chí Minh",Quận Gò Vấp,12,12,,nhà ở,,,so hong
8890.0,38.0,"Quận Gò Vấp, TP. Hồ Chí Minh",Quận Gò Vấp,11,11,,nhà ở,,,so hong
10200.0,85.0,"Quận Bình Thạnh, TP. Hồ Chí Minh",Quận Bình Thạnh,4,6,,nhà ở,,,so hong
14900.0,63.0,"Quận Tân Bình, TP. Hồ Chí Minh",Quận Tân Bình,6,7,,nhà ở,,,so hong
4850.0,40.0,"Quận Gò Vấp, TP. Hồ Chí Minh",Quận Gò Vấp,2,2,,nhà hẻm,,,so hong
8000.0,60.0,"Quận Gò Vấp, TP. Hồ Chí Minh",Quận Gò Vấp,4,5,,nhà ở,,,so hong
10900.0,95.0,"Quận Gò Vấp, TP. Hồ Chí Minh",Quận Gò Vấp,5,5,,nhà ở,,,so hong
5500.0,64.0,"Quận Gò Vấp, TP. Hồ Chí Minh",Quận Gò Vấp,2,1,,nhà ở,,,so hong
12800.0,212.0,"Quận Gò Vấp, TP. Hồ Chí Minh",Quận Gò Vấp,0,0,,nhà ở,,,so hong
17000.0,150.0,"Quận Gò Vấp, TP. Hồ Chí Minh",Quận Gò Vấp,8,8,,nhà ở,,,so hong
7300.0,40.0,"Quận Gò Vấp, TP. Hồ Chí Minh",Quận Gò Vấp,10,10,,nhà ở,,,so hong
25500.0,153.0,"Quận Gò Vấp, TP. Hồ Chí Minh",Quận Gò Vấp,6,3,,nhà ở,,,so hong
11200.0,79.0,"Quận Gò Vấp, TP. Hồ Chí Minh",Quận Gò Vấp,3,2,,nhà ở,,,so hong
11700.0,68.0,"Quận Gò Vấp, TP. Hồ Chí Minh",Quận Gò Vấp,6,6,,nhà ở,,,so hong
6700.0,56.0,"Quận Gò Vấp, TP. Hồ Chí Minh",Quận Gò Vấp,2,2,,nhà ở,,,so hong
9000.0,77.0,"Quận Gò Vấp, TP. Hồ Chí Minh",Quận Gò Vấp,4,5,,nhà ở,,,so hong
23500.0,90.0,"Quận Gò Vấp, TP. Hồ Chí Minh",Quận Gò Vấp,2,2,,nhà ở,,,so hong
8600.0,80.0,"Quận Gò Vấp, TP. Hồ Chí Minh",Quận Gò Vấp,2,2,,nhà ở,,,so hong
5800.0,59.0,"Quận Gò Vấp, TP. Hồ Chí Minh",Quận Gò Vấp,4,4,,nhà ở,,,hop dong mua ban
10200.0,70.0,"Quận Gò Vấp, TP. Hồ Chí Minh",Quận Gò Vấp,3,2,,nhà ở,,,so hong
12800.0,107.0,"Quận Gò Vấp, TP. Hồ Chí Minh",Quận Gò Vấp,4,5,,biệt thự,,,so hong
8800.0,79.0,"Quận Gò Vấp, TP. Hồ Chí Minh",Quận Gò Vấp,3,4,,nhà ở,,,so hong
8660.0,133.0,"Quận Gò Vấp, TP. Hồ Chí Minh",Quận Gò Vấp,11,11,,nhà ở,,,so hong
5970.0,52.0,"Quận Gò Vấp, TP. Hồ Chí Minh",Quận Gò Vấp,1,1,,nhà ở,,,so hong
13500.0,118.0,"Quận Gò Vấp, TP. Hồ Chí Minh",Quận Gò Vấp,6,6,,nhà ở,,,so hong
7800.0,77.0,"Quận Gò Vấp, TP. Hồ Chí Minh",Quận Gò Vấp,1,1,,nhà ở,,,so hong
7900.0,77.0,"Quận Gò Vấp, TP. Hồ Chí Minh",Quận Gò Vấp,2,1,,nhà ở,,,so hong
7500.0,80.0,"Quận Gò Vấp, TP. Hồ Chí Minh",Quận Gò Vấp,5,4,,biệt thự,,,so hong
15800.0,123.0,"Quận Gò Vấp, TP. Hồ Chí Minh",Quận Gò Vấp,2,2,,nhà ở,,,so hong
5950.0,55.0,"Quận Gò Vấp, TP. Hồ Chí Minh",Quận Gò Vấp,0,0,,đất nền,,,so hong
14000.0,63.0,"Quận Bình Thạnh, TP. Hồ Chí Minh",Quận Bình Thạnh,4,5,,nhà ở,,,so hong
14500.0,73.0,"Quận Tân Bình, TP. Hồ Chí Minh",Quận Tân Bình,6,6,,nhà ở,,,so hong
8350.0,60.0,"Quận Gò Vấp, TP. Hồ Chí Minh",Quận Gò Vấp,4,5,,nhà ở,,,so hong
36000.0,153.0,"Quận Gò Vấp, TP. Hồ Chí Minh",Quận Gò Vấp,6,6,,nhà ở,,,so hong
8600.0,53.0,"Quận Gò Vấp, TP. Hồ Chí Minh",Quận Gò Vấp,5,6,,nhà ở,,,so hong
13500.0,74.0,"Quận Gò Vấp, TP. Hồ Chí Minh",Quận Gò Vấp,5,5,,nhà ở,,,so hong
13500.0,103.0,"Quận Gò Vấp, TP. Hồ Chí Minh",Quận Gò Vấp,4,4,,nhà ở,,,so hong
14500.0,60.0,"Quận Gò Vấp, TP. Hồ Chí Minh",Quận Gò Vấp,6,6,,nhà ở,,,so hong
5400.0,60.0,"Quận Gò Vấp, TP. Hồ Chí Minh",Quận Gò Vấp,1,1,,nhà ở,,,so hong
10500.0,82.0,"Quận Gò Vấp, TP. Hồ Chí Minh",Quận Gò Vấp,7,7,,nhà ở,,,hop dong mua ban
63000.0,547.0,"Quận Gò Vấp, TP. Hồ Chí Minh",Quận Gò Vấp,0,0,,nhà ở,,,so hong
7800.0,46.0,"Quận Gò Vấp, TP. Hồ Chí Minh",Quận Gò Vấp,3,4,,nhà ở,,,so hong
9800.0,60.0,"Quận Gò Vấp, TP. Hồ Chí Minh",Quận Gò Vấp,5,5,,nhà ở,,,so hong
8200.0,124.0,"Quận Gò Vấp, TP. Hồ Chí Minh",Quận Gò Vấp,8,8,,nhà ở,,,so hong
4350.0,39.0,"Quận Gò Vấp, TP. Hồ Chí Minh",Quận Gò Vấp,2,2,,nhà ở,,,hop dong mua ban
5600.0,31.0,"Quận Gò Vấp, TP. Hồ Chí Minh",Quận Gò Vấp,4,3,,nhà ở,,,so hong
7300.0,85.0,"Quận Gò Vấp, TP. Hồ Chí Minh",Quận Gò Vấp,0,0,,đất nền,,,so hong
14000.0,79.0,"Quận Gò Vấp, TP. Hồ Chí Minh",Quận Gò Vấp,11,12,,nhà ở,,,so hong
58000.0,377.0,"Quận Gò Vấp, TP. Hồ Chí Minh",Quận Gò Vấp,3,2,,nhà ở,,,so hong
36000.0,135.0,"Quận Gò Vấp, TP. Hồ Chí Minh",Quận Gò Vấp,6,7,,nhà ở,,,so hong
23500.0,130.0,"Quận Gò Vấp, TP. Hồ Chí Minh",Quận Gò Vấp,2,2,,nhà ở,,,so hong
7200.0,55.0,"Quận Gò Vấp, TP. Hồ Chí Minh",Quận Gò Vấp,2,3,,nhà ở,,,so hong
10800.0,91.0,"Quận Gò Vấp, TP. Hồ Chí Minh",Quận Gò Vấp,4,4,,nhà ở,,,so hong
9500.0,70.0,"Quận Gò Vấp, TP. Hồ Chí Minh",Quận Gò Vấp,7,8,,nhà ở,,,so hong
37900.0,176.0,"Quận Gò Vấp, TP. Hồ Chí Minh",Quận Gò Vấp,13,13,,nhà ở,,,so hong
4760.0,32.0,"Quận Gò Vấp, TP. Hồ Chí Minh",Quận Gò Vấp,3,3,,nhà ở,,,so hong
6800.0,63.0,"Quận Gò Vấp, TP. Hồ Chí Minh",Quận Gò Vấp,3,2,,nhà ở,,,so hong
35500.0,191.0,"Quận Gò Vấp, TP. Hồ Chí Minh",Quận Gò Vấp,2,2,,nhà ở,,,so hong
7000.0,75.0,"Quận Gò Vấp, TP. Hồ Chí Minh",Quận Gò Vấp,2,2,,nhà ở,,,so hong
4380.0,48.0,"Quận Gò Vấp, TP. Hồ Chí Minh",Quận Gò Vấp,2,1,,nhà ở,,,so do
4980.0,50.0,"Quận Gò Vấp, TP. Hồ Chí Minh",Quận Gò Vấp,3,3,,nhà ở,,,so do
5850.0,69.0,"Quận Gò Vấp, TP. Hồ Chí Minh",Quận Gò Vấp,4,2,,nhà ở,,,so do
14000.0,168.0,"Quận Gò Vấp, TP. Hồ Chí Minh",Quận Gò Vấp,7,7,,nhà ở,,,so hong
5990.0,81.0,"Quận Gò Vấp, TP. Hồ Chí Minh",Quận Gò Vấp,4,2,,nhà ở,,,so do
4350.0,34.0,"Quận Gò Vấp, TP. Hồ Chí Minh",Quận Gò Vấp,3,4,,nhà ở,,,so hong
7750.0,82.0,"Quận Gò Vấp, TP. Hồ Chí Minh",Quận Gò Vấp,0,0,,đất nền,,,so do
3300.0,63.0,"Quận Gò Vấp, TP. Hồ Chí Minh",Quận Gò Vấp,2,2,,nhà ở,,,so do
6900.0,72.0,"Quận Gò Vấp, TP. Hồ Chí Minh",Quận Gò Vấp,0,0,,đất nền,,,so do
12000.0,101.0,"Quận Gò Vấp, TP. Hồ Chí Minh",Quận Gò Vấp,0,0,,nhà ở,,,so do
11900.0,95.0,"Quận Gò Vấp, TP. Hồ Chí Minh",Quận Gò Vấp,5,2,,nhà ở,,,so do
6500.0,126.0,"Quận Gò Vấp, TP. Hồ Chí Minh",Quận Gò Vấp,2,1,,nhà ở,,,so do
13000.0,117.0,"Quận Gò Vấp, TP. Hồ Chí Minh",Quận Gò Vấp,6,4,,nhà ở,,,so do
7000.0,26.0,"Quận 10, TP. Hồ Chí Minh",Quận 10,3,3,,nhà ở,,,so hong
6900.0,25.0,"Quận 10, TP. Hồ Chí Minh",Quận 10,3,3,,nhà ở,,,so hong
26300.0,100.0,"Quận Tân Bình, TP. Hồ Chí Minh",Quận Tân Bình,3,2,,nhà ở,,,so hong
11950.0,65.0,"Quận Tân Bình, TP. Hồ Chí Minh",Quận Tân Bình,5,4,,nhà ở,,,so hong
7900.0,60.0,"Quận Tân Bình, TP. Hồ Chí Minh",Quận Tân Bình,4,4,,nhà ở,,,so hong
8700.0,62.0,"Quận Tân Bình, TP. Hồ Chí Minh",Quận Tân Bình,4,3,,nhà ở,,,so hong
7200.0,92.0,"Quận Tân Bình, TP. Hồ Chí Minh",Quận Tân Bình,2,2,,nhà ở,,,so hong
9300.0,76.0,"Quận Tân Bình, TP. Hồ Chí Minh",Quận Tân Bình,4,3,,nhà ở,,,so hong
8800.0,49.0,"Quận Tân Bình, TP. Hồ Chí Minh",Quận Tân Bình,4,3,,nhà ở,,,so hong
6350.0,68.0,"Quận Tân Bình, TP. Hồ Chí Minh",Quận Tân Bình,2,2,,nhà hẻm,,,so hong
7300.0,70.0,"Quận Tân Bình, TP. Hồ Chí Minh",Quận Tân Bình,2,2,,nhà hẻm,,,so hong
7200.0,85.0,"Quận Tân Bình, TP. Hồ Chí Minh",Quận Tân Bình,6,6,,nhà hẻm,,,so hong
6980.0,70.0,"Quận Tân Bình, TP. Hồ Chí Minh",Quận Tân Bình,2,2,,nhà ở,,,so hong
6870.0,71.0,"Quận Tân Bình, TP. Hồ Chí Minh",Quận Tân Bình,2,2,,nhà ở,,,so hong
7900.0,45.0,"Quận Tân Bình, TP. Hồ Chí Minh",Quận Tân Bình,4,3,,nhà ở,,,so hong
7400.0,51.0,"Quận Tân Bình, TP. Hồ Chí Minh",Quận Tân Bình,3,3,,nhà ở,,,so hong
7300.0,59.0,"Quận Tân Bình, TP. Hồ Chí Minh",Quận Tân Bình,4,3,,nhà ở,,,so hong
7200.0,46.0,"Quận Tân Bình, TP. Hồ Chí Minh",Quận Tân Bình,3,4,,nhà ở,,,so hong
7980.0,71.0,"Quận Tân Bình, TP. Hồ Chí Minh",Quận Tân Bình,4,5,,nhà ở,,,so hong
8500.0,85.0,"Quận Phú Nhuận, TP. Hồ Chí Minh",Quận Phú Nhuận,6,7,,nhà ở,,,so hong
7200.0,102.0,"Quận Tân Bình, TP. Hồ Chí Minh",Quận Tân Bình,7,8,,nhà hẻm,,,so hong
6090.0,66.0,"Quận Tân Bình, TP. Hồ Chí Minh",Quận Tân Bình,3,3,,nhà hẻm,,,so hong
6800.0,76.0,"Quận Tân Bình, TP. Hồ Chí Minh",Quận Tân Bình,3,2,,nhà hẻm,,,so hong
8000.0,82.0,"Quận Phú Nhuận, TP. Hồ Chí Minh",Quận Phú Nhuận,7,7,,nhà ở,,,so hong
8600.0,49.0,"Quận Phú Nhuận, TP. Hồ Chí Minh",Quận Phú Nhuận,3,3,,nhà ở,,,so hong
9800.0,90.0,"Quận Tân Bình, TP. Hồ Chí Minh",Quận Tân Bình,3,3,,nhà ở,,,so hong
9600.0,65.0,"Quận Tân Phú, TP. Hồ Chí Minh",Quận Tân Phú,4,3,,nhà ở,,,so hong
13800.0,75.0,"Quận Tân Bình, TP. Hồ Chí Minh",Quận Tân Bình,4,4,,nhà ở,,,so hong
75000.0,500.0,"Quận 2 (TP. Thủ Đức), TP. Hồ Chí Minh",Quận 2 (TP. Thủ Đức),5,5,,biệt thự,,,so hong
6950.0,100.0,"Quận Phú Nhuận, TP. Hồ Chí Minh",Quận Phú Nhuận,3,2,,nhà hẻm,,,so hong
15000.0,52.0,"Quận 3, TP. Hồ Chí Minh",Quận 3,4,5,,căn hộ,,,so hong
12500.0,53.0,"Quận 3, TP. Hồ Chí Minh",Quận 3,5,5,,nhà hẻm,,,so hong
12800.0,49.0,"Quận 3, TP. Hồ Chí Minh",Quận 3,4,4,,nhà hẻm,,,so hong
12300.0,55.0,"Quận Tân Bình, TP. Hồ Chí Minh",Quận Tân Bình,5,6,,nhà ở,,,so hong
12600.0,60.0,"Quận 10, TP. Hồ Chí Minh",Quận 10,4,4,,nhà ở,,,so hong
15800.0,75.0,"Quận Phú Nhuận, TP. Hồ Chí Minh",Quận Phú Nhuận,4,3,,nhà hẻm,,,so hong
14200.0,71.0,"Quận 10, TP. Hồ Chí Minh",Quận 10,5,5,,nhà ở,,,so hong
28800.0,165.0,"Quận Phú Nhuận, TP. Hồ Chí Minh",Quận Phú Nhuận,5,5,,biệt thự,,,so hong
8800.0,62.0,"Quận 10, TP. Hồ Chí Minh",Quận 10,3,3,,nhà ở,,,hop dong mua ban
8800.0,85.0,"Quận Tân Bình, TP. Hồ Chí Minh",Quận Tân Bình,4,3,,nhà hẻm,,,so hong
64000.0,270.0,"Quận Phú Nhuận, TP. Hồ Chí Minh",Quận Phú Nhuận,4,3,,nhà ở,,,so hong
7980.0,100.0,"Quận Tân Bình, TP. Hồ Chí Minh",Quận Tân Bình,3,2,,nhà ở,,,so hong
12900.0,63.0,"Quận 10, TP. Hồ Chí Minh",Quận 10,5,4,,nhà ở,,,so hong
15500.0,70.0,"Quận Tân Bình, TP. Hồ Chí Minh",Quận Tân Bình,9,9,,nhà ở,,,so hong
8800.0,47.0,"Quận Tân Bình, TP. Hồ Chí Minh",Quận Tân Bình,4,4,,nhà ở,,,so hong
7900.0,75.0,"Quận Tân Bình, TP. Hồ Chí Minh",Quận Tân Bình,3,3,,nhà ở,,,so hong
6980.0,78.0,"Quận Tân Bình, TP. Hồ Chí Minh",Quận Tân Bình,3,3,,nhà ở,,,so hong
16000.0,90.0,"Quận Phú Nhuận, TP. Hồ Chí Minh",Quận Phú Nhuận,5,7,,nhà ở,,,so hong
15600.0,85.0,"Quận Tân Bình, TP. Hồ Chí Minh",Quận Tân Bình,3,3,,nhà ở,,,so hong
16200.0,73.0,"Quận Tân Bình, TP. Hồ Chí Minh",Quận Tân Bình,4,4,,nhà hẻm,,,so hong
13800.0,78.0,"Quận Phú Nhuận, TP. Hồ Chí Minh",Quận Phú Nhuận,3,3,,nhà ở,,,so hong
16800.0,80.0,"Quận Phú Nhuận, TP. Hồ Chí Minh",Quận Phú Nhuận,12,12,,nhà ở,,,so hong
7400.0,38.0,"Quận Tân Bình, TP. Hồ Chí Minh",Quận Tân Bình,4,4,,nhà ở,,,so hong
9800.0,76.0,"Quận Tân Bình, TP. Hồ Chí Minh",Quận Tân Bình,4,4,,nhà ở,,,so hong
9400.0,60.0,"Quận Tân Bình, TP. Hồ Chí Minh",Quận Tân Bình,4,3,,nhà ở,,,so hong
7200.0,105.0,"Quận Tân Bình, TP. Hồ Chí Minh",Quận Tân Bình,3,3,,nhà ở,,,so hong
6135.0,72.0,"Quận 1, TP. Hồ Chí Minh",Quận 1,2,2,,nhà ở,,,so hong
2490.0,70.0,"Quận Phú Nhuận, TP. Hồ Chí Minh",Quận Phú Nhuận,2,2,,nhà ở,,,hop dong mua ban
1795.0,80.0,"Quận 4, TP. Hồ Chí Minh",Quận 4,2,2,,căn hộ,,,so hong
1710.0,80.0,"Quận 4, TP. Hồ Chí Minh",Quận 4,3,2,,căn hộ,,,so hong
19800.0,110.0,"Quận Tân Bình, TP. Hồ Chí Minh",Quận Tân Bình,3,2,,nhà ở,,,so hong
3525.0,74.0,"Quận 1, TP. Hồ Chí Minh",Quận 1,2,2,,nhà ở,,,so hong
44500.0,270.0,"Quận Tân Bình, TP. Hồ Chí Minh",Quận Tân Bình,4,4,,biệt thự,,,so hong
2555.0,107.0,"Quận 10, TP. Hồ Chí Minh",Quận 10,2,2,,căn hộ,,,so hong
8500.0,87.0,"Quận Tân Bình, TP. Hồ Chí Minh",Quận Tân Bình,3,3,,nhà hẻm,,,so hong
1435.0,68.0,"Quận 7, TP. Hồ Chí Minh",Quận 7,2,2,,căn hộ,,,so hong
10700.0,60.0,"Quận Tân Bình, TP. Hồ Chí Minh",Quận Tân Bình,3,3,,nhà ở,,,so hong
1255.0,70.0,"Quận 2 (TP. Thủ Đức), TP. Hồ Chí Minh",Quận 2 (TP. Thủ Đức),2,2,,căn hộ,,,so hong
11300.0,56.0,"Quận Tân Bình, TP. Hồ Chí Minh",Quận Tân Bình,4,4,,nhà ở,,,so hong
1940.0,100.0,"Quận 7, TP. Hồ Chí Minh",Quận 7,3,2,,căn hộ,,,so hong
12800.0,72.0,"Quận Tân Bình, TP. Hồ Chí Minh",Quận Tân Bình,4,4,,nhà ở,,,so do
2135.0,154.0,"Quận Bình Thạnh, TP. Hồ Chí Minh",Quận Bình Thạnh,3,2,,nhà ở,,,so hong
2390.0,40.0,"Quận 3, TP. Hồ Chí Minh",Quận 3,8,7,,nhà ở,,,so hong
2110.0,56.0,"Quận 1, TP. Hồ Chí Minh",Quận 1,3,3,,nhà ở,,,so hong
15000.0,66.0,"Quận Tân Bình, TP. Hồ Chí Minh",Quận Tân Bình,5,4,,nhà ở,,,so hong
2175.0,43.0,"Quận Bình Thạnh, TP. Hồ Chí Minh",Quận Bình Thạnh,4,5,,nhà ở,,,so hong
10600.0,62.0,"Quận Tân Bình, TP. Hồ Chí Minh",Quận Tân Bình,4,3,,nhà ở,,,so hong
1625.0,42.0,"Quận 3, TP. Hồ Chí Minh",Quận 3,2,2,,nhà ở,,,so hong
1725.0,56.0,"Quận Tân Phú, TP. Hồ Chí Minh",Quận Tân Phú,4,3,,nhà ở,,,so hong
10500.0,70.0,"Quận Tân Bình, TP. Hồ Chí Minh",Quận Tân Bình,4,3,,nhà ở,,,so hong
1970.0,52.0,"Quận Phú Nhuận, TP. Hồ Chí Minh",Quận Phú Nhuận,3,4,,nhà ở,,,so hong
23800.0,110.0,"Quận Tân Bình, TP. Hồ Chí Minh",Quận Tân Bình,3,3,,nhà ở,,,so hong
2685.0,62.0,"Quận Bình Thạnh, TP. Hồ Chí Minh",Quận Bình Thạnh,4,3,,nhà ở,,,so hong
17900.0,90.0,"Quận Tân Bình, TP. Hồ Chí Minh",Quận Tân Bình,3,3,,nhà ở,,,so hong
2935.0,75.0,"Quận Bình Thạnh, TP. Hồ Chí Minh",Quận Bình Thạnh,5,4,,nhà ở,,,so hong
7800.0,73.0,"Quận 10, TP. Hồ Chí Minh",Quận 10,3,3,,nhà ở,,,so hong
2735.0,138.0,"Quận Bình Thạnh, TP. Hồ Chí Minh",Quận Bình Thạnh,3,2,,căn hộ,,,so hong
2070.0,64.0,"Quận Bình Thạnh, TP. Hồ Chí Minh",Quận Bình Thạnh,4,4,,nhà ở,,,so hong
2550.0,70.0,"Quận Thủ Đức (TP. Thủ Đức), TP. Hồ Chí Minh",Quận Thủ Đức (TP. Thủ Đức),2,2,,nhà ở,,,so hong
1050.0,56.0,"Quận 8, TP. Hồ Chí Minh",Quận 8,2,2,,căn hộ,,,so hong
1485.0,69.0,"Quận Bình Thạnh, TP. Hồ Chí Minh",Quận Bình Thạnh,2,2,,căn hộ,,,so hong
4800.0,54.0,"Quận 1, TP. Hồ Chí Minh",Quận 1,3,4,,nhà ở,,,so hong
990.0,57.0,"Quận Thủ Đức (TP. Thủ Đức), TP. Hồ Chí Minh",Quận Thủ Đức (TP. Thủ Đức),2,2,,căn hộ,,,so hong
3350.0,60.0,"Quận Bình Tân, TP. Hồ Chí Minh",Quận Bình Tân,3,4,,nhà ở,,,so hong
2930.0,54.0,"Quận 7, TP. Hồ Chí Minh",Quận 7,2,2,,nhà hẻm,,,so hong
2600.0,88.0,"Quận 2 (TP. Thủ Đức), TP. Hồ Chí Minh",Quận 2 (TP. Thủ Đức),3,2,,căn hộ,,,so hong
11400.0,78.0,"Quận Phú Nhuận, TP. Hồ Chí Minh",Quận Phú Nhuận,3,3,,nhà ở,,,so hong
2680.0,33.0,"Quận 3, TP. Hồ Chí Minh",Quận 3,3,4,,nhà ở,,,so hong
1900.0,93.0,"Quận 9 (TP. Thủ Đức), TP. Hồ Chí Minh",Quận 9 (TP. Thủ Đức),3,2,,căn hộ,,,so hong
6600.0,35.0,"Quận Phú Nhuận, TP. Hồ Chí Minh",Quận Phú Nhuận,3,3,,nhà ở,,,so hong
1580.0,94.0,"Quận Tân Phú, TP. Hồ Chí Minh",Quận Tân Phú,3,2,,căn hộ,,,so hong
2130.0,50.0,"Quận Phú Nhuận, TP. Hồ Chí Minh",Quận Phú Nhuận,5,4,,nhà ở,,,so hong
1655.0,39.0,"Quận Phú Nhuận, TP. Hồ Chí Minh",Quận Phú Nhuận,3,2,,nhà ở,,,so hong
2575.0,32.0,"Quận Bình Thạnh, TP. Hồ Chí Minh",Quận Bình Thạnh,3,3,,nhà ở,,,so hong
7600.0,60.0,"Quận Tân Bình, TP. Hồ Chí Minh",Quận Tân Bình,5,4,,nhà hẻm,,,so hong
2145.0,40.0,"Quận 10, TP. Hồ Chí Minh",Quận 10,3,4,,nhà ở,,,so hong
16500.0,75.0,"Quận Tân Bình, TP. Hồ Chí Minh",Quận Tân Bình,15,15,,nhà hẻm,,,so hong
2160.0,37.0,"Quận Phú Nhuận, TP. Hồ Chí Minh",Quận Phú Nhuận,3,4,,nhà ở,,,so hong
5600.0,59.0,"Quận Tân Bình, TP. Hồ Chí Minh",Quận Tân Bình,3,3,,nhà ở,,,so hong
2450.0,40.0,"Quận Bình Thạnh, TP. Hồ Chí Minh",Quận Bình Thạnh,4,5,,nhà ở,,,so hong
4700.0,63.0,"Quận Tân Bình, TP. Hồ Chí Minh",Quận Tân Bình,3,3,,nhà ở,,,so hong
2885.0,30.0,"Quận 1, TP. Hồ Chí Minh",Quận 1,2,3,,nhà ở,,,so hong
13200.0,63.0,"Quận 10, TP. Hồ Chí Minh",Quận 10,4,4,,nhà ở,,,so hong
2390.0,84.0,"Quận 5, TP. Hồ Chí Minh",Quận 5,4,5,,nhà ở,,,so hong
5500.0,65.0,"Quận Tân Bình, TP. Hồ Chí Minh",Quận Tân Bình,3,3,,nhà hẻm,,,so hong
1945.0,22.0,"Quận Bình Thạnh, TP. Hồ Chí Minh",Quận Bình Thạnh,3,4,,nhà ở,,,so hong
13200.0,65.0,"Quận Phú Nhuận, TP. Hồ Chí Minh",Quận Phú Nhuận,3,3,,nhà hẻm,,,so hong
2280.0,51.0,"Quận Bình Thạnh, TP. Hồ Chí Minh",Quận Bình Thạnh,5,4,,nhà ở,,,so hong
8200.0,51.0,"Quận Tân Bình, TP. Hồ Chí Minh",Quận Tân Bình,3,1,,nhà hẻm,,,so hong
2310.0,60.0,"Quận 10, TP. Hồ Chí Minh",Quận 10,4,5,,nhà phố,,,so hong
8800.0,63.0,"Quận Tân Bình, TP. Hồ Chí Minh",Quận Tân Bình,6,5,,nhà ở,,,so hong
1550.0,70.0,"Quận 7, TP. Hồ Chí Minh",Quận 7,2,2,,căn hộ,,,so hong
5500.0,60.0,"Quận Tân Bình, TP. Hồ Chí Minh",Quận Tân Bình,3,2,,nhà hẻm,,,so hong
1335.0,81.0,"Quận 8, TP. Hồ Chí Minh",Quận 8,3,2,,căn hộ,,,so hong
6500.0,103.0,"Quận Tân Bình, TP. Hồ Chí Minh",Quận Tân Bình,5,4,,nhà hẻm,,,so hong
1405.0,24.0,"Quận Tân Bình, TP. Hồ Chí Minh",Quận Tân Bình,2,2,,nhà hẻm,,,so hong
4800.0,79.0,"Quận Tân Bình, TP. Hồ Chí Minh",Quận Tân Bình,2,2,,nhà ở,,,so hong
1825.0,45.0,"Quận 6, TP. Hồ Chí Minh",Quận 6,4,4,,nhà ở,,,so hong
1430.0,70.0,"Quận Tân Bình, TP. Hồ Chí Minh",Quận Tân Bình,2,2,,căn hộ,,,so hong
4850.0,45.0,"Quận Tân Bình, TP. Hồ Chí Minh",Quận Tân Bình,3,2,,nhà ở,,,so hong
1350.0,86.0,"Quận 6, TP. Hồ Chí Minh",Quận 6,2,2,,căn hộ,,,so hong
8500.0,85.0,"Quận Tân Bình, TP. Hồ Chí Minh",Quận Tân Bình,4,1,,nhà ở,,,so hong
2045.0,17.0,"Quận 1, TP. Hồ Chí Minh",Quận 1,4,5,,nhà ở,,,so hong
7900.0,68.0,"Quận Tân Bình, TP. Hồ Chí Minh",Quận Tân Bình,5,5,,nhà hẻm,,,so hong
2540.0,26.0,"Quận 10, TP. Hồ Chí Minh",Quận 10,3,2,,nhà ở,,,so hong
8600.0,89.0,"Quận Tân Bình, TP. Hồ Chí Minh",Quận Tân Bình,4,4,,nhà ở,,,so hong
2785.0,54.0,"Quận 2 (TP. Thủ Đức), TP. Hồ Chí Minh",Quận 2 (TP. Thủ Đức),3,4,,nhà ở,,,so hong
6900.0,85.0,"Quận Tân Bình, TP. Hồ Chí Minh",Quận Tân Bình,2,2,,nhà hẻm,,,so hong
1620.0,69.0,"Quận Phú Nhuận, TP. Hồ Chí Minh",Quận Phú Nhuận,2,2,,căn hộ,,,so hong
7600.0,43.0,"Quận Tân Bình, TP. Hồ Chí Minh",Quận Tân Bình,4,4,,nhà ở,,,so hong
1690.0,73.0,"Quận Tân Bình, TP. Hồ Chí Minh",Quận Tân Bình,2,2,,căn hộ,,,so hong
12500.0,60.0,"Quận 10, TP. Hồ Chí Minh",Quận 10,4,3,,nhà ở,,,so hong
1905.0,107.0,"Quận Bình Thạnh, TP. Hồ Chí Minh",Quận Bình Thạnh,2,2,,căn hộ,,,so hong
16800.0,60.0,"Quận 10, TP. Hồ Chí Minh",Quận 10,5,4,,nhà ở,,,so hong
1740.0,73.0,"Quận Phú Nhuận, TP. Hồ Chí Minh",Quận Phú Nhuận,2,2,,căn hộ,,,so hong
6700.0,58.0,"Quận Tân Bình, TP. Hồ Chí Minh",Quận Tân Bình,3,3,,nhà ở,,,so hong
1865.0,52.0,"Quận Tân Bình, TP. Hồ Chí Minh",Quận Tân Bình,2,3,,nhà ở,,,so hong
5200.0,59.0,"Quận Tân Bình, TP. Hồ Chí Minh",Quận Tân Bình,3,2,,nhà ở,,,so hong
2090.0,124.0,"Quận 7, TP. Hồ Chí Minh",Quận 7,3,2,,căn hộ,,,so hong
34800.0,160.0,"Quận Tân Bình, TP. Hồ Chí Minh",Quận Tân Bình,4,3,,nhà ở,,,so hong
1935.0,105.0,"Quận 2 (TP. Thủ Đức), TP. Hồ Chí Minh",Quận 2 (TP. Thủ Đức),3,2,,nhà ở,,,so hong
8400.0,35.0,"Quận Phú Nhuận, TP. Hồ Chí Minh",Quận Phú Nhuận,4,5,,nhà ở,,,so hong
1730.0,70.0,"Quận 10, TP. Hồ Chí Minh",Quận 10,2,2,,nhà ở,,,so hong
11500.0,66.0,"Quận Tân Bình, TP. Hồ Chí Minh",Quận Tân Bình,4,4,,nhà ở,,,so hong
1760.0,77.0,"Quận 4, TP. Hồ Chí Minh",Quận 4,2,2,,căn hộ,,,so hong
16500.0,73.0,"Quận Tân Bình, TP. Hồ Chí Minh",Quận Tân Bình,6,6,,nhà ở,,,so hong
3185.0,115.0,"Quận 1, TP. Hồ Chí Minh",Quận 1,5,6,,nhà ở,,,so hong
8700.0,69.0,"Quận Tân Bình, TP. Hồ Chí Minh",Quận Tân Bình,6,5,,nhà ở,,,so hong
1440.0,69.0,"Quận 7, TP. Hồ Chí Minh",Quận 7,2,2,,nhà ở,,,so hong
8600.0,99.0,"Quận Tân Bình, TP. Hồ Chí Minh",Quận Tân Bình,4,3,,nhà ở,,,so hong
2365.0,43.0,"Quận Bình Thạnh, TP. Hồ Chí Minh",Quận Bình Thạnh,4,5,,nhà ở,,,so hong
9400.0,63.0,"Quận Tân Bình, TP. Hồ Chí Minh",Quận Tân Bình,4,4,,nhà ở,,,so hong
1955.0,32.0,"Quận Tân Bình, TP. Hồ Chí Minh",Quận Tân Bình,3,2,,nhà ở,,,so hong
7500.0,87.0,"Quận Tân Bình, TP. Hồ Chí Minh",Quận Tân Bình,3,3,,nhà ở,,,so hong
2175.0,65.0,"Quận Bình Thạnh, TP. Hồ Chí Minh",Quận Bình Thạnh,4,5,,nhà ở,,,so hong
10300.0,81.0,"Quận Tân Bình, TP. Hồ Chí Minh",Quận Tân Bình,2,2,,nhà ở,,,so hong
3680.0,40.0,"Quận 3, TP. Hồ Chí Minh",Quận 3,2,2,,nhà ở,,,so hong
12800.0,120.0,"Quận Tân Bình, TP. Hồ Chí Minh",Quận Tân Bình,6,5,,nhà ở,,,so hong
1660.0,32.0,"Quận Bình Tân, TP. Hồ Chí Minh",Quận Bình Tân,3,2,,nhà ở,,,so hong
13800.0,76.0,"Quận Tân Bình, TP. Hồ Chí Minh",Quận Tân Bình,4,3,,nhà ở,,,so hong
2580.0,77.0,"Quận 9 (TP. Thủ Đức), TP. Hồ Chí Minh",Quận 9 (TP. Thủ Đức),3,2,,nhà hẻm,,,so hong
7950.0,41.0,"Quận Tân Bình, TP. Hồ Chí Minh",Quận Tân Bình,5,5,,nhà ở,,,so hong
2100.0,43.0,"Quận 4, TP. Hồ Chí Minh",Quận 4,2,2,,nhà ở,,,so hong
12800.0,56.0,"Quận Phú Nhuận, TP. Hồ Chí Minh",Quận Phú Nhuận,3,3,,nhà hẻm,,,so hong
850.0,73.0,"Quận Bình Tân, TP. Hồ Chí Minh",Quận Bình Tân,2,2,,căn hộ,,,so hong
13900.0,200.0,"Quận Tân Phú, TP. Hồ Chí Minh",Quận Tân Phú,3,2,,nhà ở,,,so hong
1520.0,60.0,"Quận 9 (TP. Thủ Đức), TP. Hồ Chí Minh",Quận 9 (TP. Thủ Đức),2,2,,nhà hẻm,,,so hong
12500.0,270.0,"Quận Bình Tân, TP. Hồ Chí Minh",Quận Bình Tân,4,4,,nhà hẻm,,,so hong
1420.0,61.0,"Quận 8, TP. Hồ Chí Minh",Quận 8,3,3,,nhà ở,,,so hong
6900.0,45.0,"Quận 3, TP. Hồ Chí Minh",Quận 3,4,3,,nhà ở,,,so hong
1880.0,58.0,"Quận 12, TP. Hồ Chí Minh",Quận 12,4,3,,nhà ở,,,so hong
4900.0,75.0,"Quận Bình Tân, TP. Hồ Chí Minh",Quận Bình Tân,2,1,,nhà hẻm,,,so hong
990.0,46.0,"Quận Bình Tân, TP. Hồ Chí Minh",Quận Bình Tân,2,2,,nhà ở,,,so hong
5800.0,42.0,"Quận Tân Bình, TP. Hồ Chí Minh",Quận Tân Bình,4,3,,nhà ở,,,so hong
3090.0,95.0,"Quận Tân Bình, TP. Hồ Chí Minh",Quận Tân Bình,2,2,,nhà ở,,,so hong
12300.0,96.0,"Quận Tân Bình, TP. Hồ Chí Minh",Quận Tân Bình,4,4,,nhà ở,,,so hong
1380.0,50.0,"Quận 4, TP. Hồ Chí Minh",Quận 4,2,2,,nhà ở,,,so hong
12900.0,79.0,"Quận Tân Bình, TP. Hồ Chí Minh",Quận Tân Bình,4,4,,nhà ở,,,so hong
1150.0,40.0,"Quận Tân Phú, TP. Hồ Chí Minh",Quận Tân Phú,2,2,,nhà ở,,,so hong
10500.0,75.0,"Quận Tân Bình, TP. Hồ Chí Minh",Quận Tân Bình,3,3,,nhà ở,,,so hong
1665.0,43.0,"Quận Bình Thạnh, TP. Hồ Chí Minh",Quận Bình Thạnh,3,2,,nhà ở,,,so hong
11900.0,85.0,"Quận Tân Bình, TP. Hồ Chí Minh",Quận Tân Bình,3,2,,nhà ở,,,so hong
1465.0,95.0,"Quận 8, TP. Hồ Chí Minh",Quận 8,3,2,,nhà ở,,,so hong
1635.0,73.0,"Quận 2 (TP. Thủ Đức), TP. Hồ Chí Minh",Quận 2 (TP. Thủ Đức),2,2,,căn hộ,,,so hong
1770.0,71.0,"Quận 2 (TP. Thủ Đức), TP. Hồ Chí Minh",Quận 2 (TP. Thủ Đức),2,2,,nhà ở,,,so hong
2075.0,93.0,"Quận 4, TP. Hồ Chí Minh",Quận 4,3,2,,nhà ở,,,so hong
1515.0,82.0,"Quận 4, TP. Hồ Chí Minh",Quận 4,2,2,,căn hộ,,,so hong
5500.0,45.0,"Quận Tân Bình, TP. Hồ Chí Minh",Quận Tân Bình,4,3,,nhà hẻm,,,so hong
5050.0,220.0,"Quận 2 (TP. Thủ Đức), TP. Hồ Chí Minh",Quận 2 (TP. Thủ Đức),4,3,,nhà ở,,,so hong
1480.0,69.0,"Quận 7, TP. Hồ Chí Minh",Quận 7,2,2,,căn hộ,,,so hong
6950.0,65.0,"Quận Tân Bình, TP. Hồ Chí Minh",Quận Tân Bình,4,3,,nhà ở,,,so hong
2630.0,52.0,"Quận Phú Nhuận, TP. Hồ Chí Minh",Quận Phú Nhuận,5,4,,nhà ở,,,so hong
1615.0,74.0,"Quận 7, TP. Hồ Chí Minh",Quận 7,2,2,,nhà ở,,,so hong
6300.0,30.0,"Quận Tân Bình, TP. Hồ Chí Minh",Quận Tân Bình,4,3,,nhà hẻm,,,so hong
8200.0,46.0,"Quận Tân Bình, TP. Hồ Chí Minh",Quận Tân Bình,5,4,,nhà ở,,,so hong
1560.0,80.0,"Quận 4, TP. Hồ Chí Minh",Quận 4,2,2,,căn hộ,,,so hong
8900.0,59.0,"Quận Tân Bình, TP. Hồ Chí Minh",Quận Tân Bình,4,4,,nhà ở,,,so hong
935.0,51.0,"Quận Bình Tân, TP. Hồ Chí Minh",Quận Bình Tân,1,1,,căn hộ,,,so hong
8600.0,69.0,"Quận Tân Bình, TP. Hồ Chí Minh",Quận Tân Bình,5,4,,nhà ở,,,so hong
1215.0,69.0,"Quận 8, TP. Hồ Chí Minh",Quận 8,2,2,,căn hộ,,,hop dong mua ban
7300.0,46.0,"Quận Tân Bình, TP. Hồ Chí Minh",Quận Tân Bình,4,3,,nhà ở,,,so hong
1430.0,68.0,"Quận Tân Phú, TP. Hồ Chí Minh",Quận Tân Phú,2,2,,căn hộ,,,so hong
7900.0,42.0,"Quận Phú Nhuận, TP. Hồ Chí Minh",Quận Phú Nhuận,4,4,,nhà ở,,,so hong
1485.0,75.0,"Quận 8, TP. Hồ Chí Minh",Quận 8,2,2,,nhà ở,,,so hong
8500.0,61.0,"Quận Tân Bình, TP. Hồ Chí Minh",Quận Tân Bình,4,3,,nhà hẻm,,,so hong
1625.0,67.0,"Quận 7, TP. Hồ Chí Minh",Quận 7,2,2,,nhà ở,,,so hong
13900.0,99.0,"Quận Tân Bình, TP. Hồ Chí Minh",Quận Tân Bình,3,3,,nhà ở,,,so hong
12500.0,75.0,"Quận 10, TP. Hồ Chí Minh",Quận 10,13,13,,nhà ở,,,so hong
1905.0,68.0,"Quận 7, TP. Hồ Chí Minh",Quận 7,2,2,,nhà ở,,,so hong
1420.0,72.0,"Quận Tân Bình, TP. Hồ Chí Minh",Quận Tân Bình,7,7,,nhà ở,,,so hong
10800.0,119.0,"Quận Tân Bình, TP. Hồ Chí Minh",Quận Tân Bình,3,3,,nhà ở,,,so hong
1495.0,70.0,"Quận 4, TP. Hồ Chí Minh",Quận 4,2,2,,nhà ở,,,so hong
10300.0,68.0,"Quận Tân Bình, TP. Hồ Chí Minh",Quận Tân Bình,4,4,,nhà hẻm,,,so hong
2400.0,65.0,"Quận 4, TP. Hồ Chí Minh",Quận 4,2,2,,căn hộ,,,so hong
2265.0,32.0,"Quận Phú Nhuận, TP. Hồ Chí Minh",Quận Phú Nhuận,4,5,,nhà ở,,,so hong
11500.0,105.0,"Quận Tân Bình, TP. Hồ Chí Minh",Quận Tân Bình,10,10,,nhà ở,,,so hong
21900.0,75.0,"Quận Tân Bình, TP. Hồ Chí Minh",Quận Tân Bình,6,3,,nhà ở,,,so hong
7400.0,46.0,"Quận Phú Nhuận, TP. Hồ Chí Minh",Quận Phú Nhuận,4,2,,nhà ở,,,so hong
16800.0,72.0,"Quận Phú Nhuận, TP. Hồ Chí Minh",Quận Phú Nhuận,4,4,,nhà ở,,,so hong
16900.0,110.0,"Quận Phú Nhuận, TP. Hồ Chí Minh",Quận Phú Nhuận,14,14,,nhà ở,,,so hong
10500.0,66.0,"Quận Phú Nhuận, TP. Hồ Chí Minh",Quận Phú Nhuận,4,4,,nhà ở,,,so hong
13800.0,79.0,"Quận Phú Nhuận, TP. Hồ Chí Minh",Quận Phú Nhuận,6,5,,nhà ở,,,so hong
95000.0,465.0,"Quận 10, TP. Hồ Chí Minh",Quận 10,0,0,,nhà ở,,,so do
13500.0,110.0,"Quận Tân Bình, TP. Hồ Chí Minh",Quận Tân Bình,4,3,,nhà ở,,,so hong
10300.0,98.0,"Quận Tân Bình, TP. Hồ Chí Minh",Quận Tân Bình,4,3,,nhà ở,,,so hong
17500.0,89.0,"Quận Tân Bình, TP. Hồ Chí Minh",Quận Tân Bình,8,8,,nhà ở,,,so hong
15980.0,105.0,"Quận Phú Nhuận, TP. Hồ Chí Minh",Quận Phú Nhuận,4,4,,nhà ở,,,so hong
18500.0,85.0,"Quận Tân Bình, TP. Hồ Chí Minh",Quận Tân Bình,5,4,,nhà ở,,,so hong
17200.0,115.0,"Quận Tân Bình, TP. Hồ Chí Minh",Quận Tân Bình,5,4,,nhà ở,,,so hong
8700.0,67.0,"Quận Tân Bình, TP. Hồ Chí Minh",Quận Tân Bình,5,5,,nhà ở,,,so hong
24200.0,93.0,"Quận 10, TP. Hồ Chí Minh",Quận 10,6,5,,nhà ở,,,so hong
43000.0,164.0,"Quận 10, TP. Hồ Chí Minh",Quận 10,4,3,,nhà ở,,,so hong
7200.0,48.0,"Quận 10, TP. Hồ Chí Minh",Quận 10,3,2,,nhà hẻm,,,so hong
16000.0,75.0,"Quận 10, TP. Hồ Chí Minh",Quận 10,12,12,,nhà ở,,,so hong
16400.0,68.0,"Quận 10, TP. Hồ Chí Minh",Quận 10,5,4,,nhà ở,,,so hong
16800.0,99.0,"Quận Tân Bình, TP. Hồ Chí Minh",Quận Tân Bình,10,10,,nhà ở,,,so hong
10500.0,90.0,"Quận Tân Bình, TP. Hồ Chí Minh",Quận Tân Bình,2,2,,nhà hẻm,,,so hong
9200.0,90.0,"Quận Gò Vấp, TP. Hồ Chí Minh",Quận Gò Vấp,3,3,,nhà ở,,,so hong
16800.0,110.0,"Quận Tân Phú, TP. Hồ Chí Minh",Quận Tân Phú,3,2,,nhà ở,,,so hong
7300.0,43.0,"Quận Tân Bình, TP. Hồ Chí Minh",Quận Tân Bình,4,3,,nhà hẻm,,,so hong
14200.0,70.0,"Quận Tân Bình, TP. Hồ Chí Minh",Quận Tân Bình,7,7,,nhà ở,,,so hong
10900.0,80.0,"Quận Tân Bình, TP. Hồ Chí Minh",Quận Tân Bình,7,6,,nhà ở,,,so hong
12300.0,136.0,"Quận Tân Bình, TP. Hồ Chí Minh",Quận Tân Bình,3,3,,nhà ở,,,so hong
25900.0,150.0,"Quận Tân Bình, TP. Hồ Chí Minh",Quận Tân Bình,4,3,,nhà ở,,,so hong
16800.0,145.0,"Quận Tân Bình, TP. Hồ Chí Minh",Quận Tân Bình,4,3,,nhà ở,,,so hong
6500.0,65.0,"Quận Tân Bình, TP. Hồ Chí Minh",Quận Tân Bình,3,3,,nhà ở,,,so hong
10800.0,63.0,"Quận Tân Bình, TP. Hồ Chí Minh",Quận Tân Bình,5,4,,nhà ở,,,so hong
10700.0,88.0,"Quận Tân Bình, TP. Hồ Chí Minh",Quận Tân Bình,6,5,,nhà ở,,,so hong
9280.0,62.0,"Quận Tân Bình, TP. Hồ Chí Minh",Quận Tân Bình,4,3,,nhà ở,,,so hong
10900.0,75.0,"Quận Tân Bình, TP. Hồ Chí Minh",Quận Tân Bình,4,4,,nhà ở,,,so hong
18100.0,85.0,"Quận Tân Bình, TP. Hồ Chí Minh",Quận Tân Bình,5,4,,nhà ở,,,so hong
13500.0,155.0,"Quận 12, TP. Hồ Chí Minh",Quận 12,3,2,,nhà ở,,,so hong
10500.0,109.0,"Quận Tân Bình, TP. Hồ Chí Minh",Quận Tân Bình,3,3,,nhà ở,,,so hong
7950.0,59.0,"Quận Phú Nhuận, TP. Hồ Chí Minh",Quận Phú Nhuận,3,3,,nhà ở,,,so hong
17200.0,79.0,"Quận Tân Bình, TP. Hồ Chí Minh",Quận Tân Bình,7,6,,nhà ở,,,so hong
5680.0,43.0,"Quận Tân Phú, TP. Hồ Chí Minh",Quận Tân Phú,5,4,,nhà ở,,,so hong
6900.0,71.0,"Quận Tân Bình, TP. Hồ Chí Minh",Quận Tân Bình,3,3,,nhà hẻm,,,so hong
6700.0,65.0,"Quận 12, TP. Hồ Chí Minh",Quận 12,2,2,,nhà ở,,,so do
3550.0,41.0,"Quận 12, TP. Hồ Chí Minh",Quận 12,2,2,,nhà ở,,,so hong
3300.0,80.0,"Quận 12, TP. Hồ Chí Minh",Quận 12,2,2,,nhà ở,,,so hong
9900.0,40.0,"Quận Tân Bình, TP. Hồ Chí Minh",Quận Tân Bình,4,4,,nhà ở,,,so do
8000.0,558.0,"Quận 9 (TP. Thủ Đức), TP. Hồ Chí Minh",Quận 9 (TP. Thủ Đức),3,2,,biệt thự,,,so hong
10000.0,40.0,"Quận 10, TP. Hồ Chí Minh",Quận 10,4,4,,nhà ở,,,so hong
27500.0,801.0,"Quận 9 (TP. Thủ Đức), TP. Hồ Chí Minh",Quận 9 (TP. Thủ Đức),0,0,,đất nền,,,so hong
8900.0,48.0,"Quận 10, TP. Hồ Chí Minh",Quận 10,12,12,,nhà ở,,,so hong
6600.0,61.0,"Quận Tân Phú, TP. Hồ Chí Minh",Quận Tân Phú,0,0,,nhà ở,,,so hong
9700.0,63.0,"Quận Tân Phú, TP. Hồ Chí Minh",Quận Tân Phú,3,2,,nhà ở,,,so hong
13800.0,85.0,"Quận Tân Bình, TP. Hồ Chí Minh",Quận Tân Bình,4,3,,nhà hẻm,,,so hong
66500.0,370.0,"Quận Tân Bình, TP. Hồ Chí Minh",Quận Tân Bình,5,5,,nhà ở,,,so hong
6700.0,60.0,"Quận Tân Bình, TP. Hồ Chí Minh",Quận Tân Bình,3,2,,nhà ở,,,so hong
17500.0,115.0,"Quận Tân Bình, TP. Hồ Chí Minh",Quận Tân Bình,3,2,,nhà ở,,,so hong
14900.0,125.0,"Quận Tân Phú, TP. Hồ Chí Minh",Quận Tân Phú,5,4,,biệt thự,,,so hong
13300.0,131.0,"Quận 2 (TP. Thủ Đức), TP. Hồ Chí Minh",Quận 2 (TP. Thủ Đức),0,0,,đất nền,,,so hong
5900.0,50.0,"Quận 2 (TP. Thủ Đức), TP. Hồ Chí Minh",Quận 2 (TP. Thủ Đức),4,3,,nhà phố,,,so hong
7500.0,62.0,"Quận 2 (TP. Thủ Đức), TP. Hồ Chí Minh",Quận 2 (TP. Thủ Đức),7,7,,nhà ở,,,so hong
41000.0,950.0,"Quận 9 (TP. Thủ Đức), TP. Hồ Chí Minh",Quận 9 (TP. Thủ Đức),0,0,,đất nền,,,so hong
52000.0,545.0,"Quận 9 (TP. Thủ Đức), TP. Hồ Chí Minh",Quận 9 (TP. Thủ Đức),4,5,,biệt thự,,,so hong
11000.0,104.0,"Quận 2 (TP. Thủ Đức), TP. Hồ Chí Minh",Quận 2 (TP. Thủ Đức),4,4,,nhà phố,,,so hong
50000.0,240.0,"Quận 2 (TP. Thủ Đức), TP. Hồ Chí Minh",Quận 2 (TP. Thủ Đức),0,0,,biệt thự,,,so hong
24900.0,1613.0,"Quận 9 (TP. Thủ Đức), TP. Hồ Chí Minh",Quận 9 (TP. Thủ Đức),0,0,,đất nền,,,so hong
7700.0,50.0,"Quận 2 (TP. Thủ Đức), TP. Hồ Chí Minh",Quận 2 (TP. Thủ Đức),4,5,,nhà phố,,,so hong
8500.0,113.0,"Quận 2 (TP. Thủ Đức), TP. Hồ Chí Minh",Quận 2 (TP. Thủ Đức),0,0,,đất nền,,,so hong
14800.0,115.0,"Quận 2 (TP. Thủ Đức), TP. Hồ Chí Minh",Quận 2 (TP. Thủ Đức),6,6,,nhà ở,,,so hong
13000.0,117.0,"Quận 2 (TP. Thủ Đức), TP. Hồ Chí Minh",Quận 2 (TP. Thủ Đức),4,3,,nhà ở,,,so hong
41500.0,733.0,"Quận 2 (TP. Thủ Đức), TP. Hồ Chí Minh",Quận 2 (TP. Thủ Đức),0,0,,đất nền,,,so hong
31500.0,572.0,"Quận 2 (TP. Thủ Đức), TP. Hồ Chí Minh",Quận 2 (TP. Thủ Đức),0,0,,đất nền,,,so hong
9600.0,117.0,"Quận 9 (TP. Thủ Đức), TP. Hồ Chí Minh",Quận 9 (TP. Thủ Đức),3,3,,nhà phố,,,so hong
35000.0,374.0,"Quận 9 (TP. Thủ Đức), TP. Hồ Chí Minh",Quận 9 (TP. Thủ Đức),0,0,,biệt thự,,,so hong
13900.0,140.0,"Quận 9 (TP. Thủ Đức), TP. Hồ Chí Minh",Quận 9 (TP. Thủ Đức),0,0,,nhà phố,,,so hong
7800.0,54.0,"Quận 9 (TP. Thủ Đức), TP. Hồ Chí Minh",Quận 9 (TP. Thủ Đức),3,3,,nhà phố,,,so hong
19800.0,219.0,"Quận 2 (TP. Thủ Đức), TP. Hồ Chí Minh",Quận 2 (TP. Thủ Đức),6,3,,biệt thự,,,so hong
36000.0,271.0,"Quận 2 (TP. Thủ Đức), TP. Hồ Chí Minh",Quận 2 (TP. Thủ Đức),0,0,,nhà ở,,,so hong
46000.0,188.0,"Quận 2 (TP. Thủ Đức), TP. Hồ Chí Minh",Quận 2 (TP. Thủ Đức),7,6,,biệt thự,,,so hong
11500.0,122.0,"Quận Thủ Đức (TP. Thủ Đức), TP. Hồ Chí Minh",Quận Thủ Đức (TP. Thủ Đức),0,0,,đất nền,,,so hong
11900.0,187.0,"Quận 2 (TP. Thủ Đức), TP. Hồ Chí Minh",Quận 2 (TP. Thủ Đức),1,1,,nhà ở,,,so hong
33000.0,559.0,"Quận 2 (TP. Thủ Đức), TP. Hồ Chí Minh",Quận 2 (TP. Thủ Đức),0,0,,đất nền,,,so hong
7900.0,86.0,"Quận 2 (TP. Thủ Đức), TP. Hồ Chí Minh",Quận 2 (TP. Thủ Đức),0,0,,đất nền,,,so do
40000.0,245.0,"Quận 2 (TP. Thủ Đức), TP. Hồ Chí Minh",Quận 2 (TP. Thủ Đức),0,0,,đất nền,,,hop dong mua ban
6000.0,25.0,"Quận Bình Thạnh, TP. Hồ Chí Minh",Quận Bình Thạnh,1,1,,nhà ở,,,so hong
6500.0,99.0,"Quận 9 (TP. Thủ Đức), TP. Hồ Chí Minh",Quận 9 (TP. Thủ Đức),0,0,,đất nền,,,so hong
22000.0,158.0,"Quận 9 (TP. Thủ Đức), TP. Hồ Chí Minh",Quận 9 (TP. Thủ Đức),3,2,,nhà ở,,,so hong
11800.0,54.0,"Quận 2 (TP. Thủ Đức), TP. Hồ Chí Minh",Quận 2 (TP. Thủ Đức),4,3,,nhà phố,,,so hong
21500.0,200.0,"Quận 2 (TP. Thủ Đức), TP. Hồ Chí Minh",Quận 2 (TP. Thủ Đức),0,0,,biệt thự,,,so hong
20125.0,175.0,"Quận 2 (TP. Thủ Đức), TP. Hồ Chí Minh",Quận 2 (TP. Thủ Đức),0,0,,biệt thự,,,so hong
31000.0,2544.0,"Quận 9 (TP. Thủ Đức), TP. Hồ Chí Minh",Quận 9 (TP. Thủ Đức),0,0,,đất nền,,,so hong
25000.0,2142.0,"Quận 9 (TP. Thủ Đức), TP. Hồ Chí Minh",Quận 9 (TP. Thủ Đức),0,0,,nhà ở,,,so hong
17500.0,108.0,"Quận Thủ Đức (TP. Thủ Đức), TP. Hồ Chí Minh",Quận Thủ Đức (TP. Thủ Đức),0,0,,đất nền,,,so hong
8000.0,75.0,"Quận 2 (TP. Thủ Đức), TP. Hồ Chí Minh",Quận 2 (TP. Thủ Đức),0,0,,đất nền,,,so do
19500.0,199.0,"Quận 2 (TP. Thủ Đức), TP. Hồ Chí Minh",Quận 2 (TP. Thủ Đức),0,0,,nhà ở,,,so do
20000.0,175.0,"Quận 2 (TP. Thủ Đức), TP. Hồ Chí Minh",Quận 2 (TP. Thủ Đức),0,0,,biệt thự,,,so do
20500.0,200.0,"Quận 2 (TP. Thủ Đức), TP. Hồ Chí Minh",Quận 2 (TP. Thủ Đức),0,0,,biệt thự,,,so do
22800.0,242.0,"Quận 2 (TP. Thủ Đức), TP. Hồ Chí Minh",Quận 2 (TP. Thủ Đức),0,0,,đất nền,,,so hong
15500.0,130.0,"Quận 2 (TP. Thủ Đức), TP. Hồ Chí Minh",Quận 2 (TP. Thủ Đức),0,0,,nhà ở,,,so hong
30000.0,500.0,"Quận Thủ Đức (TP. Thủ Đức), TP. Hồ Chí Minh",Quận Thủ Đức (TP. Thủ Đức),0,0,,nhà ở,,,so hong
11700.0,78.0,"Quận 2 (TP. Thủ Đức), TP. Hồ Chí Minh",Quận 2 (TP. Thủ Đức),5,5,,nhà ở,,,so hong
10200.0,108.0,"Quận 2 (TP. Thủ Đức), TP. Hồ Chí Minh",Quận 2 (TP. Thủ Đức),0,0,,nhà ở,,,so hong
23500.0,100.0,"Quận 2 (TP. Thủ Đức), TP. Hồ Chí Minh",Quận 2 (TP. Thủ Đức),0,0,,đất nền,,,so hong
18500.0,98.0,"Quận Phú Nhuận, TP. Hồ Chí Minh",Quận Phú Nhuận,0,0,,nhà ở,,,so hong
34300.0,312.0,"Quận 9 (TP. Thủ Đức), TP. Hồ Chí Minh",Quận 9 (TP. Thủ Đức),0,0,,nhà ở,,,so hong
62000.0,510.0,"Quận Thủ Đức (TP. Thủ Đức), TP. Hồ Chí Minh",Quận Thủ Đức (TP. Thủ Đức),6,6,,nhà ở,,,so hong
23000.0,201.0,"Quận Thủ Đức (TP. Thủ Đức), TP. Hồ Chí Minh",Quận Thủ Đức (TP. Thủ Đức),0,0,,đất nền,,,so hong
48000.0,188.0,"Quận 2 (TP. Thủ Đức), TP. Hồ Chí Minh",Quận 2 (TP. Thủ Đức),0,0,,biệt thự,,,so hong
18000.0,260.0,"Quận Thủ Đức (TP. Thủ Đức), TP. Hồ Chí Minh",Quận Thủ Đức (TP. Thủ Đức),0,0,,đất nền,,,so hong
22000.0,500.0,"Quận 9 (TP. Thủ Đức), TP. Hồ Chí Minh",Quận 9 (TP. Thủ Đức),0,0,,biệt thự,,,so hong
4250.0,56.0,"Quận 2 (TP. Thủ Đức), TP. Hồ Chí Minh",Quận 2 (TP. Thủ Đức),0,1,,nhà ở,,,so hong
7200.0,90.0,"Quận Thủ Đức (TP. Thủ Đức), TP. Hồ Chí Minh",Quận Thủ Đức (TP. Thủ Đức),1,1,,nhà ở,,,so hong
5000.0,61.0,"Quận 2 (TP. Thủ Đức), TP. Hồ Chí Minh",Quận 2 (TP. Thủ Đức),0,0,,đất nền,,,so hong
14000.0,88.0,"Quận 2 (TP. Thủ Đức), TP. Hồ Chí Minh",Quận 2 (TP. Thủ Đức),0,0,,nhà ở,,,so hong
31500.0,228.0,"Quận 9 (TP. Thủ Đức), TP. Hồ Chí Minh",Quận 9 (TP. Thủ Đức),0,0,,biệt thự,,,so hong
11500.0,100.0,"Quận 2 (TP. Thủ Đức), TP. Hồ Chí Minh",Quận 2 (TP. Thủ Đức),5,4,,nhà phố,,,so hong
37000.0,235.0,"Quận 2 (TP. Thủ Đức), TP. Hồ Chí Minh",Quận 2 (TP. Thủ Đức),0,0,,nhà ở,,,so hong
13800.0,120.0,"Quận 9 (TP. Thủ Đức), TP. Hồ Chí Minh",Quận 9 (TP. Thủ Đức),0,0,,biệt thự,,,so hong
31000.0,350.0,"Quận 2 (TP. Thủ Đức), TP. Hồ Chí Minh",Quận 2 (TP. Thủ Đức),0,0,,đất nền,,,so hong
12000.0,113.0,"Quận 2 (TP. Thủ Đức), TP. Hồ Chí Minh",Quận 2 (TP. Thủ Đức),3,4,,nhà ở,,,so hong
11500.0,148.0,"Quận 9 (TP. Thủ Đức), TP. Hồ Chí Minh",Quận 9 (TP. Thủ Đức),0,0,,nhà ở,,,so hong
68000.0,266.0,"Quận 2 (TP. Thủ Đức), TP. Hồ Chí Minh",Quận 2 (TP. Thủ Đức),4,5,,biệt thự,,,so hong
37000.0,168.0,"Quận 2 (TP. Thủ Đức), TP. Hồ Chí Minh",Quận 2 (TP. Thủ Đức),0,0,,nhà ở,,,so hong
25800.0,431.0,"Quận 9 (TP. Thủ Đức), TP. Hồ Chí Minh",Quận 9 (TP. Thủ Đức),0,0,,đất nền,,,so hong
32000.0,400.0,"Quận 2 (TP. Thủ Đức), TP. Hồ Chí Minh",Quận 2 (TP. Thủ Đức),0,0,,nhà ở,,,so hong
5200.0,56.0,"Quận 2 (TP. Thủ Đức), TP. Hồ Chí Minh",Quận 2 (TP. Thủ Đức),2,2,,nhà phố,,,so hong
26000.0,157.0,"Quận 2 (TP. Thủ Đức), TP. Hồ Chí Minh",Quận 2 (TP. Thủ Đức),0,0,,nhà ở,,,so do
40000.0,576.0,"Quận 2 (TP. Thủ Đức), TP. Hồ Chí Minh",Quận 2 (TP. Thủ Đức),0,0,,đất nền,,,so do
24400.0,120.0,"Quận 2 (TP. Thủ Đức), TP. Hồ Chí Minh",Quận 2 (TP. Thủ Đức),0,0,,đất nền,,,so hong
22800.0,202.0,"Quận 9 (TP. Thủ Đức), TP. Hồ Chí Minh",Quận 9 (TP. Thủ Đức),13,14,,nhà ở,,,so hong
21000.0,165.0,"Quận 9 (TP. Thủ Đức), TP. Hồ Chí Minh",Quận 9 (TP. Thủ Đức),0,0,,đất nền,,,so hong
85860.0,477.0,"Quận 9 (TP. Thủ Đức), TP. Hồ Chí Minh",Quận 9 (TP. Thủ Đức),0,0,,nhà ở,,,so hong
51700.0,4140.0,"Quận 9 (TP. Thủ Đức), TP. Hồ Chí Minh",Quận 9 (TP. Thủ Đức),0,0,,nhà ở,,,so hong
17500.0,449.0,"Quận 2 (TP. Thủ Đức), TP. Hồ Chí Minh",Quận 2 (TP. Thủ Đức),0,0,,nhà ở,,,so hong
37230.0,510.0,"Quận 2 (TP. Thủ Đức), TP. Hồ Chí Minh",Quận 2 (TP. Thủ Đức),0,0,,đất nền,,,so hong
8200.0,87.0,"Quận 9 (TP. Thủ Đức), TP. Hồ Chí Minh",Quận 9 (TP. Thủ Đức),4,5,,nhà phố,,,so hong
4800.0,40.0,"Quận 2 (TP. Thủ Đức), TP. Hồ Chí Minh",Quận 2 (TP. Thủ Đức),2,2,,nhà hẻm,,,so hong
12200.0,187.0,"Quận 2 (TP. Thủ Đức), TP. Hồ Chí Minh",Quận 2 (TP. Thủ Đức),1,1,,nhà ở,,,khong xac dinh
49000.0,246.0,"Quận 2 (TP. Thủ Đức), TP. Hồ Chí Minh",Quận 2 (TP. Thủ Đức),0,0,,biệt thự,,,so hong
79300.0,793.0,"Quận 2 (TP. Thủ Đức), TP. Hồ Chí Minh",Quận 2 (TP. Thủ Đức),0,0,,biệt thự,,,so hong
9500.0,86.0,"Quận 2 (TP. Thủ Đức), TP. Hồ Chí Minh",Quận 2 (TP. Thủ Đức),0,0,,đất nền,,,so hong
14000.0,207.0,"Quận 2 (TP. Thủ Đức), TP. Hồ Chí Minh",Quận 2 (TP. Thủ Đức),3,1,,nhà ở,,,so hong
20000.0,125.0,"Quận 2 (TP. Thủ Đức), TP. Hồ Chí Minh",Quận 2 (TP. Thủ Đức),10,10,,nhà ở,,,so hong
26000.0,205.0,"Quận 2 (TP. Thủ Đức), TP. Hồ Chí Minh",Quận 2 (TP. Thủ Đức),0,0,,biệt thự,,,so hong
9500.0,108.0,"Quận 2 (TP. Thủ Đức), TP. Hồ Chí Minh",Quận 2 (TP. Thủ Đức),0,0,,nhà ở,,,so hong
19000.0,196.0,"Quận Thủ Đức (TP. Thủ Đức), TP. Hồ Chí Minh",Quận Thủ Đức (TP. Thủ Đức),3,2,,nhà phố,,,so hong
18300.0,161.0,"Quận 2 (TP. Thủ Đức), TP. Hồ Chí Minh",Quận 2 (TP. Thủ Đức),0,0,,đất nền,,,so hong
6250.0,91.0,"Quận 2 (TP. Thủ Đức), TP. Hồ Chí Minh",Quận 2 (TP. Thủ Đức),0,0,,đất nền,,,giay to hop le
6200.0,72.0,"Quận 2 (TP. Thủ Đức), TP. Hồ Chí Minh",Quận 2 (TP. Thủ Đức),3,2,,nhà phố,,,so hong
10500.0,117.0,"Quận 9 (TP. Thủ Đức), TP. Hồ Chí Minh",Quận 9 (TP. Thủ Đức),3,1,,nhà phố,,,so hong
24500.0,200.0,"Quận 9 (TP. Thủ Đức), TP. Hồ Chí Minh",Quận 9 (TP. Thủ Đức),7,6,,biệt thự,,,so hong
38000.0,460.0,"Quận 2 (TP. Thủ Đức), TP. Hồ Chí Minh",Quận 2 (TP. Thủ Đức),7,7,,biệt thự,,,so hong
22500.0,200.0,"Quận 9 (TP. Thủ Đức), TP. Hồ Chí Minh",Quận 9 (TP. Thủ Đức),0,0,,nhà ở,,,so hong
29000.0,279.0,"Quận 2 (TP. Thủ Đức), TP. Hồ Chí Minh",Quận 2 (TP. Thủ Đức),0,0,,nhà ở,,,so hong
35000.0,184.0,"Quận Bình Thạnh, TP. Hồ Chí Minh",Quận Bình Thạnh,5,4,,nhà ở,,,so hong
11500.0,78.0,"Quận 2 (TP. Thủ Đức), TP. Hồ Chí Minh",Quận 2 (TP. Thủ Đức),4,5,,nhà phố,,,so hong
27000.0,309.0,"Quận 2 (TP. Thủ Đức), TP. Hồ Chí Minh",Quận 2 (TP. Thủ Đức),5,5,,biệt thự,,,so hong
11000.0,161.0,"Quận 2 (TP. Thủ Đức), TP. Hồ Chí Minh",Quận 2 (TP. Thủ Đức),0,0,,nhà ở,,,so hong
15000.0,180.0,"Quận 9 (TP. Thủ Đức), TP. Hồ Chí Minh",Quận 9 (TP. Thủ Đức),0,0,,đất nền,,,so hong
65000.0,1426.0,"Quận 9 (TP. Thủ Đức), TP. Hồ Chí Minh",Quận 9 (TP. Thủ Đức),13,15,,nhà ở,,,so hong
16500.0,525.0,"Quận 9 (TP. Thủ Đức), TP. Hồ Chí Minh",Quận 9 (TP. Thủ Đức),0,0,,biệt thự,,,so hong
10500.0,74.0,"Quận 2 (TP. Thủ Đức), TP. Hồ Chí Minh",Quận 2 (TP. Thủ Đức),4,4,,nhà ở,,,so hong
9500.0,164.0,"Quận 9 (TP. Thủ Đức), TP. Hồ Chí Minh",Quận 9 (TP. Thủ Đức),4,4,,nhà phố,,,so hong
17000.0,200.0,"Quận 2 (TP. Thủ Đức), TP. Hồ Chí Minh",Quận 2 (TP. Thủ Đức),3,2,,nhà ở,,,so hong
17500.0,140.0,"Quận 2 (TP. Thủ Đức), TP. Hồ Chí Minh",Quận 2 (TP. Thủ Đức),12,14,,nhà ở,,,so hong
29500.0,640.0,"Quận Thủ Đức (TP. Thủ Đức), TP. Hồ Chí Minh",Quận Thủ Đức (TP. Thủ Đức),0,0,,nhà ở,,,so hong
13000.0,188.0,"Quận 2 (TP. Thủ Đức), TP. Hồ Chí Minh",Quận 2 (TP. Thủ Đức),0,0,,nhà ở,,,so hong
45000.0,170.0,"Quận Thủ Đức (TP. Thủ Đức), TP. Hồ Chí Minh",Quận Thủ Đức (TP. Thủ Đức),0,0,,nhà ở,,,so hong
52200.0,197.0,"Quận Thủ Đức (TP. Thủ Đức), TP. Hồ Chí Minh",Quận Thủ Đức (TP. Thủ Đức),0,0,,đất nền,,,so hong
14000.0,230.0,"Quận Thủ Đức (TP. Thủ Đức), TP. Hồ Chí Minh",Quận Thủ Đức (TP. Thủ Đức),0,0,,đất nền,,,so hong
7500.0,115.0,"Quận 9 (TP. Thủ Đức), TP. Hồ Chí Minh",Quận 9 (TP. Thủ Đức),0,0,,nhà ở,,,so do
33500.0,172.0,"Quận 2 (TP. Thủ Đức), TP. Hồ Chí Minh",Quận 2 (TP. Thủ Đức),4,4,,nhà ở,,,so hong
11800.0,123.0,"Quận 2 (TP. Thủ Đức), TP. Hồ Chí Minh",Quận 2 (TP. Thủ Đức),5,5,,nhà ở,,,so hong
19000.0,145.0,"Quận 9 (TP. Thủ Đức), TP. Hồ Chí Minh",Quận 9 (TP. Thủ Đức),4,4,,nhà phố,,,so hong
15800.0,153.0,"Quận 2 (TP. Thủ Đức), TP. Hồ Chí Minh",Quận 2 (TP. Thủ Đức),0,0,,đất nền,,,so hong
22000.0,172.0,"Quận 2 (TP. Thủ Đức), TP. Hồ Chí Minh",Quận 2 (TP. Thủ Đức),0,0,,đất nền,,,so hong
10500.0,90.0,"Quận 9 (TP. Thủ Đức), TP. Hồ Chí Minh",Quận 9 (TP. Thủ Đức),0,0,,đất nền,,,so hong
20500.0,107.0,"Quận 2 (TP. Thủ Đức), TP. Hồ Chí Minh",Quận 2 (TP. Thủ Đức),5,4,,nhà ở,,,so hong
16000.0,200.0,"Quận 2 (TP. Thủ Đức), TP. Hồ Chí Minh",Quận 2 (TP. Thủ Đức),0,0,,biệt thự,,,so hong
4450.0,68.0,"Quận 9 (TP. Thủ Đức), TP. Hồ Chí Minh",Quận 9 (TP. Thủ Đức),0,0,,đất nền,,,so hong
7600.0,113.0,"Quận 2 (TP. Thủ Đức), TP. Hồ Chí Minh",Quận 2 (TP. Thủ Đức),0,0,,đất nền,,,so do
11900.0,103.0,"Quận 2 (TP. Thủ Đức), TP. Hồ Chí Minh",Quận 2 (TP. Thủ Đức),5,5,,nhà ở,,,so hong
9650.0,106.0,"Quận 2 (TP. Thủ Đức), TP. Hồ Chí Minh",Quận 2 (TP. Thủ Đức),5,5,,nhà phố,,,so hong
18500.0,108.0,"Quận 2 (TP. Thủ Đức), TP. Hồ Chí Minh",Quận 2 (TP. Thủ Đức),0,0,,nhà ở,,,so do
11900.0,48.0,"Quận 1, TP. Hồ Chí Minh",Quận 1,4,3,,nhà ở,,,so hong
8200.0,107.0,"Quận 2 (TP. Thủ Đức), TP. Hồ Chí Minh",Quận 2 (TP. Thủ Đức),0,0,,đất nền,,,so do
9500.0,80.0,"Quận 2 (TP. Thủ Đức), TP. Hồ Chí Minh",Quận 2 (TP. Thủ Đức),0,0,,nhà ở,,,so do
10900.0,100.0,"Quận 2 (TP. Thủ Đức), TP. Hồ Chí Minh",Quận 2 (TP. Thủ Đức),0,0,,nhà ở,,,hop dong mua ban
14200.0,180.0,"Quận 2 (TP. Thủ Đức), TP. Hồ Chí Minh",Quận 2 (TP. Thủ Đức),0,0,,căn hộ,,,so do
19200.0,192.0,"Quận 2 (TP. Thủ Đức), TP. Hồ Chí Minh",Quận 2 (TP. Thủ Đức),0,0,,biệt thự,,,hop dong mua ban
18000.0,213.0,"Quận 2 (TP. Thủ Đức), TP. Hồ Chí Minh",Quận 2 (TP. Thủ Đức),0,0,,nhà ở,,,so do
13000.0,193.0,"Quận 2 (TP. Thủ Đức), TP. Hồ Chí Minh",Quận 2 (TP. Thủ Đức),3,3,,nhà ở,,,so hong
27800.0,611.0,"Quận 9 (TP. Thủ Đức), TP. Hồ Chí Minh",Quận 9 (TP. Thủ Đức),1,1,,nhà ở,,,so hong
9600.0,86.0,"Quận 2 (TP. Thủ Đức), TP. Hồ Chí Minh",Quận 2 (TP. Thủ Đức),3,4,,nhà ở,,,so hong
15700.0,65.0,"Quận 2 (TP. Thủ Đức), TP. Hồ Chí Minh",Quận 2 (TP. Thủ Đức),7,8,,nhà ở,,,so hong
37500.0,1196.0,"Huyện Bình Chánh, TP. Hồ Chí Minh",Huyện Bình Chánh,6,7,,biệt thự,,,so hong
16000.0,160.0,"Quận 2 (TP. Thủ Đức), TP. Hồ Chí Minh",Quận 2 (TP. Thủ Đức),0,0,,biệt thự,,,so do
12500.0,193.0,"Quận 2 (TP. Thủ Đức), TP. Hồ Chí Minh",Quận 2 (TP. Thủ Đức),3,3,,nhà ở,,,so hong
12500.0,95.0,"Quận 2 (TP. Thủ Đức), TP. Hồ Chí Minh",Quận 2 (TP. Thủ Đức),4,4,,nhà ở,,,so hong
6000.0,56.0,"Quận 2 (TP. Thủ Đức), TP. Hồ Chí Minh",Quận 2 (TP. Thủ Đức),0,0,,đất nền,,,so do
13500.0,84.0,"Quận 2 (TP. Thủ Đức), TP. Hồ Chí Minh",Quận 2 (TP. Thủ Đức),4,4,,nhà ở,,,so hong
24000.0,124.0,"Quận 2 (TP. Thủ Đức), TP. Hồ Chí Minh",Quận 2 (TP. Thủ Đức),3,2,,nhà ở,,,so hong
16000.0,145.0,"Quận 2 (TP. Thủ Đức), TP. Hồ Chí Minh",Quận 2 (TP. Thủ Đức),0,0,,nhà ở,,,so hong
28000.0,152.0,"Quận 2 (TP. Thủ Đức), TP. Hồ Chí Minh",Quận 2 (TP. Thủ Đức),5,5,,biệt thự,,,hop dong mua ban
12000.0,76.0,"Quận 2 (TP. Thủ Đức), TP. Hồ Chí Minh",Quận 2 (TP. Thủ Đức),3,3,,nhà phố,,,so hong
12900.0,100.0,"Quận 2 (TP. Thủ Đức), TP. Hồ Chí Minh",Quận 2 (TP. Thủ Đức),0,0,,đất nền,,,so do
9000.0,90.0,"Quận 2 (TP. Thủ Đức), TP. Hồ Chí Minh",Quận 2 (TP. Thủ Đức),0,0,,đất nền,,,so do
14000.0,108.0,"Quận 2 (TP. Thủ Đức), TP. Hồ Chí Minh",Quận 2 (TP. Thủ Đức),0,0,,nhà ở,,,so do
9100.0,114.0,"Quận 2 (TP. Thủ Đức), TP. Hồ Chí Minh",Quận 2 (TP. Thủ Đức),3,2,,biệt thự,,,so hong
35000.0,900.0,"Quận 9 (TP. Thủ Đức), TP. Hồ Chí Minh",Quận 9 (TP. Thủ Đức),0,0,,đất nền,,,so hong
11000.0,52.0,"Quận 2 (TP. Thủ Đức), TP. Hồ Chí Minh",Quận 2 (TP. Thủ Đức),3,4,,nhà ở,,,so hong
38000.0,194.0,"Quận 2 (TP. Thủ Đức), TP. Hồ Chí Minh",Quận 2 (TP. Thủ Đức),4,3,,biệt thự,,,so hong
10500.0,98.0,"Quận 9 (TP. Thủ Đức), TP. Hồ Chí Minh",Quận 9 (TP. Thủ Đức),3,3,,nhà phố,,,so hong
5300.0,62.0,"Quận 2 (TP. Thủ Đức), TP. Hồ Chí Minh",Quận 2 (TP. Thủ Đức),0,0,,đất nền,,,so hong
48000.0,342.0,"Quận 2 (TP. Thủ Đức), TP. Hồ Chí Minh",Quận 2 (TP. Thủ Đức),0,0,,nhà ở,,,so hong
11500.0,170.0,"Quận 2 (TP. Thủ Đức), TP. Hồ Chí Minh",Quận 2 (TP. Thủ Đức),0,0,,nhà ở,,,so do
13000.0,82.0,"Quận 2 (TP. Thủ Đức), TP. Hồ Chí Minh",Quận 2 (TP. Thủ Đức),4,4,,nhà ở,,,so hong
25000.0,466.0,"Quận 2 (TP. Thủ Đức), TP. Hồ Chí Minh",Quận 2 (TP. Thủ Đức),0,0,,nhà ở,,,so do
14000.0,94.0,"Quận 2 (TP. Thủ Đức), TP. Hồ Chí Minh",Quận 2 (TP. Thủ Đức),4,5,,nhà ở,,,so hong
9500.0,65.0,"Quận 2 (TP. Thủ Đức), TP. Hồ Chí Minh",Quận 2 (TP. Thủ Đức),3,5,,nhà phố,,,so hong
13700.0,120.0,"Quận 9 (TP. Thủ Đức), TP. Hồ Chí Minh",Quận 9 (TP. Thủ Đức),0,0,,đất nền,,,so hong
7600.0,68.0,"Quận 2 (TP. Thủ Đức), TP. Hồ Chí Minh",Quận 2 (TP. Thủ Đức),2,2,,nhà ở,,,so hong
11900.0,110.0,"Quận 9 (TP. Thủ Đức), TP. Hồ Chí Minh",Quận 9 (TP. Thủ Đức),0,0,,đất nền,,,so hong
12400.0,90.0,"Quận 9 (TP. Thủ Đức), TP. Hồ Chí Minh",Quận 9 (TP. Thủ Đức),3,4,,nhà phố,,,so hong
19500.0,214.0,"Quận 2 (TP. Thủ Đức), TP. Hồ Chí Minh",Quận 2 (TP. Thủ Đức),1,1,,nhà ở,,,so hong
51168.0,1968.0,"Quận 9 (TP. Thủ Đức), TP. Hồ Chí Minh",Quận 9 (TP. Thủ Đức),0,0,,đất nền,,,so hong
25000.0,186.0,"Quận 2 (TP. Thủ Đức), TP. Hồ Chí Minh",Quận 2 (TP. Thủ Đức),0,0,,nhà ở,,,so hong
12500.0,159.0,"Quận 9 (TP. Thủ Đức), TP. Hồ Chí Minh",Quận 9 (TP. Thủ Đức),3,2,,nhà ở,,,so hong
41200.0,300.0,"Quận 9 (TP. Thủ Đức), TP. Hồ Chí Minh",Quận 9 (TP. Thủ Đức),0,0,,biệt thự,,,so hong
8700.0,79.0,"Quận 2 (TP. Thủ Đức), TP. Hồ Chí Minh",Quận 2 (TP. Thủ Đức),4,5,,nhà ở,,,so hong
8100.0,76.0,"Quận Thủ Đức (TP. Thủ Đức), TP. Hồ Chí Minh",Quận Thủ Đức (TP. Thủ Đức),4,5,,nhà phố,,,so hong
7500.0,85.0,"Quận 2 (TP. Thủ Đức), TP. Hồ Chí Minh",Quận 2 (TP. Thủ Đức),4,4,,nhà phố,,,so hong
28500.0,214.0,"Quận 2 (TP. Thủ Đức), TP. Hồ Chí Minh",Quận 2 (TP. Thủ Đức),4,4,,biệt thự,,,so hong
7500.0,76.0,"Quận 2 (TP. Thủ Đức), TP. Hồ Chí Minh",Quận 2 (TP. Thủ Đức),3,2,,nhà ở,,,so hong
7200.0,93.0,"Quận 2 (TP. Thủ Đức), TP. Hồ Chí Minh",Quận 2 (TP. Thủ Đức),0,0,,đất nền,,,so do
14000.0,218.0,"Quận 2 (TP. Thủ Đức), TP. Hồ Chí Minh",Quận 2 (TP. Thủ Đức),0,0,,nhà ở,,,so hong
9000.0,83.0,"Quận 9 (TP. Thủ Đức), TP. Hồ Chí Minh",Quận 9 (TP. Thủ Đức),3,2,,nhà ở,,,so hong
9100.0,86.0,"Quận 2 (TP. Thủ Đức), TP. Hồ Chí Minh",Quận 2 (TP. Thủ Đức),3,4,,nhà ở,,,so hong
19500.0,120.0,"Quận 9 (TP. Thủ Đức), TP. Hồ Chí Minh",Quận 9 (TP. Thủ Đức),0,0,,đất nền,,,so hong
8800.0,80.0,"Quận 9 (TP. Thủ Đức), TP. Hồ Chí Minh",Quận 9 (TP. Thủ Đức),4,4,,nhà phố,,,so hong
11500.0,61.0,"Quận 2 (TP. Thủ Đức), TP. Hồ Chí Minh",Quận 2 (TP. Thủ Đức),6,4,,nhà phố,,,so hong
6700.0,78.0,"Quận 7, TP. Hồ Chí Minh",Quận 7,2,2,,căn hộ,,,so hong
5500.0,54.0,"Quận 9 (TP. Thủ Đức), TP. Hồ Chí Minh",Quận 9 (TP. Thủ Đức),4,5,,nhà phố,,,so hong
13000.0,104.0,"Quận 9 (TP. Thủ Đức), TP. Hồ Chí Minh",Quận 9 (TP. Thủ Đức),0,0,,nhà ở,,,so hong
15000.0,160.0,"Quận 2 (TP. Thủ Đức), TP. Hồ Chí Minh",Quận 2 (TP. Thủ Đức),0,0,,đất nền,,,so hong
73000.0,519.0,"Quận 2 (TP. Thủ Đức), TP. Hồ Chí Minh",Quận 2 (TP. Thủ Đức),0,0,,đất nền,,,so hong
2000.0,50.0,"Quận Tân Bình, TP. Hồ Chí Minh",Quận Tân Bình,2,2,,nhà ở,,,so hong
11300.0,171.0,"Quận 2 (TP. Thủ Đức), TP. Hồ Chí Minh",Quận 2 (TP. Thủ Đức),0,0,,nhà ở,,,so hong
2200.0,55.0,"Quận Phú Nhuận, TP. Hồ Chí Minh",Quận Phú Nhuận,2,2,,nhà ở,,,so hong
23500.0,200.0,"Quận 9 (TP. Thủ Đức), TP. Hồ Chí Minh",Quận 9 (TP. Thủ Đức),0,0,,nhà ở,,,so hong
2330.0,58.0,"Quận Gò Vấp, TP. Hồ Chí Minh",Quận Gò Vấp,2,2,,nhà ở,,,so hong
2400.0,60.0,"Quận Gò Vấp, TP. Hồ Chí Minh",Quận Gò Vấp,2,2,,nhà ở,,,so hong
26000.0,140.0,"Quận 2 (TP. Thủ Đức), TP. Hồ Chí Minh",Quận 2 (TP. Thủ Đức),0,0,,biệt thự,,,so do
2000.0,50.0,"Quận Phú Nhuận, TP. Hồ Chí Minh",Quận Phú Nhuận,2,2,,nhà ở,,,so hong
2510.0,62.0,"Quận 1, TP. Hồ Chí Minh",Quận 1,2,2,,nhà ở,,,so hong
21500.0,128.0,"Quận 2 (TP. Thủ Đức), TP. Hồ Chí Minh",Quận 2 (TP. Thủ Đức),5,5,,nhà ở,,,so hong
2641.0,66.0,"Quận Phú Nhuận, TP. Hồ Chí Minh",Quận Phú Nhuận,2,2,,căn hộ,,,so hong
17360.0,217.0,"Quận 2 (TP. Thủ Đức), TP. Hồ Chí Minh",Quận 2 (TP. Thủ Đức),0,0,,nhà ở,,,so do
2410.0,60.0,"Quận Gò Vấp, TP. Hồ Chí Minh",Quận Gò Vấp,2,2,,nhà ở,,,so hong
8500.0,102.0,"Quận 2 (TP. Thủ Đức), TP. Hồ Chí Minh",Quận 2 (TP. Thủ Đức),0,0,,nhà ở,,,so do
2000.0,50.0,"Quận Gò Vấp, TP. Hồ Chí Minh",Quận Gò Vấp,2,2,,nhà ở,,,so hong
39700.0,173.0,"Quận 2 (TP. Thủ Đức), TP. Hồ Chí Minh",Quận 2 (TP. Thủ Đức),0,0,,đất nền,,,so hong
16500.0,144.0,"Quận 9 (TP. Thủ Đức), TP. Hồ Chí Minh",Quận 9 (TP. Thủ Đức),4,4,,nhà ở,,,so hong
2200.0,54.0,"Quận Gò Vấp, TP. Hồ Chí Minh",Quận Gò Vấp,2,2,,nhà ở,,,so hong
7500.0,75.0,"Quận 2 (TP. Thủ Đức), TP. Hồ Chí Minh",Quận 2 (TP. Thủ Đức),3,2,,nhà ở,,,so hong
2330.0,57.0,"Quận Bình Thạnh, TP. Hồ Chí Minh",Quận Bình Thạnh,2,2,,nhà ở,,,so hong
18500.0,100.0,"Quận 2 (TP. Thủ Đức), TP. Hồ Chí Minh",Quận 2 (TP. Thủ Đức),5,4,,nhà ở,,,so hong
2510.0,62.0,"Quận Tân Bình, TP. Hồ Chí Minh",Quận Tân Bình,2,2,,căn hộ,,,so hong
36000.0,454.0,"Quận 2 (TP. Thủ Đức), TP. Hồ Chí Minh",Quận 2 (TP. Thủ Đức),0,0,,đất nền,,,so hong
2480.0,62.0,"Quận Gò Vấp, TP. Hồ Chí Minh",Quận Gò Vấp,2,2,,nhà ở,,,so hong
22300.0,95.0,"Quận 2 (TP. Thủ Đức), TP. Hồ Chí Minh",Quận 2 (TP. Thủ Đức),0,0,,đất nền,,,so hong
2410.0,60.0,"Quận Tân Bình, TP. Hồ Chí Minh",Quận Tân Bình,2,2,,nhà ở,,,so hong
17000.0,99.0,"Quận 2 (TP. Thủ Đức), TP. Hồ Chí Minh",Quận 2 (TP. Thủ Đức),0,0,,đất nền,,,so hong
1810.0,45.0,"Quận Phú Nhuận, TP. Hồ Chí Minh",Quận Phú Nhuận,2,2,,nhà ở,,,so hong
12500.0,90.0,"Quận 2 (TP. Thủ Đức), TP. Hồ Chí Minh",Quận 2 (TP. Thủ Đức),0,0,,nhà ở,,,so hong
15500.0,115.0,"Quận 2 (TP. Thủ Đức), TP. Hồ Chí Minh",Quận 2 (TP. Thủ Đức),0,0,,đất nền,,,so hong
2010.0,50.0,"Quận Gò Vấp, TP. Hồ Chí Minh",Quận Gò Vấp,2,2,,căn hộ,,,so hong
18000.0,100.0,"Quận 2 (TP. Thủ Đức), TP. Hồ Chí Minh",Quận 2 (TP. Thủ Đức),0,0,,đất nền,,,so hong
10620.0,1500.0,"Quận 9 (TP. Thủ Đức), TP. Hồ Chí Minh",Quận 9 (TP. Thủ Đức),0,0,,đất nền,,,so hong
1900.0,46.0,"Quận Gò Vấp, TP. Hồ Chí Minh",Quận Gò Vấp,3,2,,nhà ở,,,so hong
11500.0,83.0,"Quận 9 (TP. Thủ Đức), TP. Hồ Chí Minh",Quận 9 (TP. Thủ Đức),0,0,,đất nền,,,so hong
13300.0,134.0,"Quận 9 (TP. Thủ Đức), TP. Hồ Chí Minh",Quận 9 (TP. Thủ Đức),4,5,,nhà ở,,,so hong
15500.0,175.0,"Quận 9 (TP. Thủ Đức), TP. Hồ Chí Minh",Quận 9 (TP. Thủ Đức),5,5,,nhà ở,,,so hong
11000.0,100.0,"Quận 9 (TP. Thủ Đức), TP. Hồ Chí Minh",Quận 9 (TP. Thủ Đức),4,3,,nhà phố,,,so hong
8000.0,102.0,"Quận 2 (TP. Thủ Đức), TP. Hồ Chí Minh",Quận 2 (TP. Thủ Đức),0,0,,nhà ở,,,so do
8500.0,85.0,"Quận 2 (TP. Thủ Đức), TP. Hồ Chí Minh",Quận 2 (TP. Thủ Đức),0,0,,đất nền,,,so do
13000.0,88.0,"Quận 2 (TP. Thủ Đức), TP. Hồ Chí Minh",Quận 2 (TP. Thủ Đức),0,0,,đất nền,,,so do
68000.0,1041.0,"Quận 2 (TP. Thủ Đức), TP. Hồ Chí Minh",Quận 2 (TP. Thủ Đức),0,0,,nhà ở,,,so do
12500.0,133.0,"Quận 7, TP. Hồ Chí Minh",Quận 7,3,3,,căn hộ,,,so hong
14900.0,229.0,"Quận 2 (TP. Thủ Đức), TP. Hồ Chí Minh",Quận 2 (TP. Thủ Đức),0,0,,căn hộ,,,so do
25000.0,1000.0,"Quận 9 (TP. Thủ Đức), TP. Hồ Chí Minh",Quận 9 (TP. Thủ Đức),3,5,,biệt thự,,,so hong
7000.0,85.0,"Quận 2 (TP. Thủ Đức), TP. Hồ Chí Minh",Quận 2 (TP. Thủ Đức),3,3,,nhà ở,,,so hong
11000.0,110.0,"Quận 2 (TP. Thủ Đức), TP. Hồ Chí Minh",Quận 2 (TP. Thủ Đức),0,0,,nhà phố,,,so hong
11000.0,110.0,"Quận 9 (TP. Thủ Đức), TP. Hồ Chí Minh",Quận 9 (TP. Thủ Đức),0,0,,đất nền,,,so hong
12500.0,154.0,"Quận 9 (TP. Thủ Đức), TP. Hồ Chí Minh",Quận 9 (TP. Thủ Đức),0,0,,đất nền,,,so hong
8600.0,96.0,"Quận 2 (TP. Thủ Đức), TP. Hồ Chí Minh",Quận 2 (TP. Thủ Đức),0,0,,đất nền,,,so hong
16000.0,214.0,"Quận 9 (TP. Thủ Đức), TP. Hồ Chí Minh",Quận 9 (TP. Thủ Đức),3,3,,nhà ở,,,so hong
45500.0,274.0,"Quận 9 (TP. Thủ Đức), TP. Hồ Chí Minh",Quận 9 (TP. Thủ Đức),4,5,,biệt thự,,,so hong
15000.0,202.0,"Quận 9 (TP. Thủ Đức), TP. Hồ Chí Minh",Quận 9 (TP. Thủ Đức),0,0,,biệt thự,,,so hong
19500.0,95.0,"Quận 2 (TP. Thủ Đức), TP. Hồ Chí Minh",Quận 2 (TP. Thủ Đức),2,2,,nhà ở,,,giay to hop le
30000.0,320.0,"Quận 2 (TP. Thủ Đức), TP. Hồ Chí Minh",Quận 2 (TP. Thủ Đức),10,10,,nhà ở,,,so hong
55000.0,214.0,"Quận 2 (TP. Thủ Đức), TP. Hồ Chí Minh",Quận 2 (TP. Thủ Đức),4,5,,nhà ở,,,so hong
19000.0,2000.0,"Quận 9 (TP. Thủ Đức), TP. Hồ Chí Minh",Quận 9 (TP. Thủ Đức),0,0,,nhà ở,,,so hong
8700.0,81.0,"Quận 2 (TP. Thủ Đức), TP. Hồ Chí Minh",Quận 2 (TP. Thủ Đức),0,0,,đất nền,,,so hong
11400.0,94.0,"Quận 2 (TP. Thủ Đức), TP. Hồ Chí Minh",Quận 2 (TP. Thủ Đức),0,0,,nhà ở,,,so hong
14000.0,169.0,"Quận 2 (TP. Thủ Đức), TP. Hồ Chí Minh",Quận 2 (TP. Thủ Đức),0,0,,đất nền,,,so hong
9000.0,122.0,"Quận 2 (TP. Thủ Đức), TP. Hồ Chí Minh",Quận 2 (TP. Thủ Đức),0,0,,nhà ở,,,so hong
9200.0,89.0,"Quận 2 (TP. Thủ Đức), TP. Hồ Chí Minh",Quận 2 (TP. Thủ Đức),5,5,,nhà ở,,,so hong
9500.0,88.0,"Quận 2 (TP. Thủ Đức), TP. Hồ Chí Minh",Quận 2 (TP. Thủ Đức),5,5,,nhà phố,,,so hong
11500.0,144.0,"Quận 2 (TP. Thủ Đức), TP. Hồ Chí Minh",Quận 2 (TP. Thủ Đức),10,10,,nhà ở,,,so hong
24700.0,224.0,"Quận Thủ Đức (TP. Thủ Đức), TP. Hồ Chí Minh",Quận Thủ Đức (TP. Thủ Đức),0,0,,nhà ở,,,so hong
12000.0,110.0,"Quận Thủ Đức (TP. Thủ Đức), TP. Hồ Chí Minh",Quận Thủ Đức (TP. Thủ Đức),0,0,,đất nền,,,so hong
12700.0,114.0,"Quận Thủ Đức (TP. Thủ Đức), TP. Hồ Chí Minh",Quận Thủ Đức (TP. Thủ Đức),0,0,,đất nền,,,so hong
70000.0,2142.0,"Quận 9 (TP. Thủ Đức), TP. Hồ Chí Minh",Quận 9 (TP. Thủ Đức),0,0,,nhà ở,,,so hong
14000.0,93.0,"Quận 2 (TP. Thủ Đức), TP. Hồ Chí Minh",Quận 2 (TP. Thủ Đức),0,0,,nhà ở,,,so hong
49000.0,409.0,"Quận Thủ Đức (TP. Thủ Đức), TP. Hồ Chí Minh",Quận Thủ Đức (TP. Thủ Đức),0,0,,nhà ở,,,so hong
6600.0,64.0,"Quận 9 (TP. Thủ Đức), TP. Hồ Chí Minh",Quận 9 (TP. Thủ Đức),0,0,,đất nền,,,so hong
9000.0,71.0,"Quận 2 (TP. Thủ Đức), TP. Hồ Chí Minh",Quận 2 (TP. Thủ Đức),5,5,,nhà phố,,,so hong
18200.0,187.0,"Quận 9 (TP. Thủ Đức), TP. Hồ Chí Minh",Quận 9 (TP. Thủ Đức),0,0,,nhà ở,,,so hong
9200.0,39.0,"Quận 10, TP. Hồ Chí Minh",Quận 10,4,4,,nhà ở,,,so hong
12000.0,74.0,"Quận 10, TP. Hồ Chí Minh",Quận 10,10,10,,nhà ở,,,so hong
10600.0,39.0,"Quận 3, TP. Hồ Chí Minh",Quận 3,4,5,,nhà ở,,,so hong
10000.0,40.0,"Quận 3, TP. Hồ Chí Minh",Quận 3,4,4,,nhà ở,,,so hong
12000.0,46.0,"Quận 10, TP. Hồ Chí Minh",Quận 10,2,2,,nhà ở,,,so hong
39000.0,200.0,"Quận 11, TP. Hồ Chí Minh",Quận 11,2,2,,nhà ở,,,so hong
9800.0,84.0,"Quận Tân Bình, TP. Hồ Chí Minh",Quận Tân Bình,5,5,,nhà ở,,,so hong
9500.0,45.0,"Quận 3, TP. Hồ Chí Minh",Quận 3,4,4,,nhà ở,,,so hong
50000.0,500.0,"Quận Thủ Đức (TP. Thủ Đức), TP. Hồ Chí Minh",Quận Thủ Đức (TP. Thủ Đức),0,0,,nhà ở,,,so hong
8500.0,60.0,"Quận 2 (TP. Thủ Đức), TP. Hồ Chí Minh",Quận 2 (TP. Thủ Đức),6,6,,nhà ở,,,so hong
8400.0,58.0,"Quận 2 (TP. Thủ Đức), TP. Hồ Chí Minh",Quận 2 (TP. Thủ Đức),4,4,,nhà hẻm,,,so hong
13500.0,89.0,"Quận 2 (TP. Thủ Đức), TP. Hồ Chí Minh",Quận 2 (TP. Thủ Đức),10,7,,nhà phố,,,so hong
30000.0,1254.0,"Quận 2 (TP. Thủ Đức), TP. Hồ Chí Minh",Quận 2 (TP. Thủ Đức),0,0,,đất nền,,,so hong
1250.0,41.0,"Huyện Bình Chánh, TP. Hồ Chí Minh",Huyện Bình Chánh,1,1,,nhà ở,,,hop dong mua ban
1550.0,51.0,"Huyện Bình Chánh, TP. Hồ Chí Minh",Huyện Bình Chánh,2,1,,căn hộ,,,so hong
1550.0,50.0,"Huyện Bình Chánh, TP. Hồ Chí Minh",Huyện Bình Chánh,2,1,,căn hộ,,,so hong
2550.0,88.0,"Huyện Bình Chánh, TP. Hồ Chí Minh",Huyện Bình Chánh,3,2,,căn hộ,,,so hong
4150.0,58.0,"Quận 9 (TP. Thủ Đức), TP. Hồ Chí Minh",Quận 9 (TP. Thủ Đức),4,4,,nhà ở,,,so hong
4000.0,90.0,"Quận 9 (TP. Thủ Đức), TP. Hồ Chí Minh",Quận 9 (TP. Thủ Đức),3,2,,nhà ở,,,so hong
6000.0,100.0,"Quận 9 (TP. Thủ Đức), TP. Hồ Chí Minh",Quận 9 (TP. Thủ Đức),6,6,,nhà ở,,,so hong
7000.0,54.0,"Quận 2 (TP. Thủ Đức), TP. Hồ Chí Minh",Quận 2 (TP. Thủ Đức),4,4,,nhà ở,,,so hong
4000.0,64.0,"Quận 9 (TP. Thủ Đức), TP. Hồ Chí Minh",Quận 9 (TP. Thủ Đức),4,2,,nhà phố,,,so hong
5000.0,54.0,"Quận 9 (TP. Thủ Đức), TP. Hồ Chí Minh",Quận 9 (TP. Thủ Đức),4,4,,nhà ở,,,so hong
5000.0,52.0,"Quận 9 (TP. Thủ Đức), TP. Hồ Chí Minh",Quận 9 (TP. Thủ Đức),2,2,,nhà ở,,,so hong
6000.0,52.0,"Quận 9 (TP. Thủ Đức), TP. Hồ Chí Minh",Quận 9 (TP. Thủ Đức),4,4,,nhà phố,,,so hong
8000.0,60.0,"Quận 9 (TP. Thủ Đức), TP. Hồ Chí Minh",Quận 9 (TP. Thủ Đức),4,4,,nhà ở,,,so hong
4000.0,54.0,"Quận 9 (TP. Thủ Đức), TP. Hồ Chí Minh",Quận 9 (TP. Thủ Đức),4,4,,nhà ở,,,so hong
5000.0,99.0,"Quận 9 (TP. Thủ Đức), TP. Hồ Chí Minh",Quận 9 (TP. Thủ Đức),0,0,,nhà ở,,,so hong
4000.0,51.0,"Quận 9 (TP. Thủ Đức), TP. Hồ Chí Minh",Quận 9 (TP. Thủ Đức),3,3,,nhà phố,,,so hong
6000.0,93.0,"Quận 9 (TP. Thủ Đức), TP. Hồ Chí Minh",Quận 9 (TP. Thủ Đức),5,5,,nhà ở,,,so hong
6000.0,57.0,"Quận 9 (TP. Thủ Đức), TP. Hồ Chí Minh",Quận 9 (TP. Thủ Đức),5,5,,nhà ở,,,so hong
4000.0,70.0,"Quận 9 (TP. Thủ Đức), TP. Hồ Chí Minh",Quận 9 (TP. Thủ Đức),0,0,,nhà ở,,,so hong
5700.0,105.0,"Quận 9 (TP. Thủ Đức), TP. Hồ Chí Minh",Quận 9 (TP. Thủ Đức),0,0,,nhà ở,,,so hong
5000.0,105.0,"Quận 9 (TP. Thủ Đức), TP. Hồ Chí Minh",Quận 9 (TP. Thủ Đức),0,0,,nhà ở,,,so hong
9900.0,128.0,"Quận 2 (TP. Thủ Đức), TP. Hồ Chí Minh",Quận 2 (TP. Thủ Đức),3,3,,nhà ở,,,so hong
3800.0,84.0,"Quận 9 (TP. Thủ Đức), TP. Hồ Chí Minh",Quận 9 (TP. Thủ Đức),0,0,,nhà ở,,,so hong
4950.0,124.0,"Quận 9 (TP. Thủ Đức), TP. Hồ Chí Minh",Quận 9 (TP. Thủ Đức),0,0,,nhà ở,,,so hong
4000.0,96.0,"Quận 9 (TP. Thủ Đức), TP. Hồ Chí Minh",Quận 9 (TP. Thủ Đức),0,0,,nhà ở,,,so hong
5000.0,75.0,"Quận 9 (TP. Thủ Đức), TP. Hồ Chí Minh",Quận 9 (TP. Thủ Đức),4,4,,nhà ở,,,so hong
7000.0,95.0,"Quận 9 (TP. Thủ Đức), TP. Hồ Chí Minh",Quận 9 (TP. Thủ Đức),5,5,,nhà ở,,,so hong
10000.0,86.0,"Quận Thủ Đức (TP. Thủ Đức), TP. Hồ Chí Minh",Quận Thủ Đức (TP. Thủ Đức),8,8,,nhà phố,,,so hong
3900.0,70.0,"Quận 9 (TP. Thủ Đức), TP. Hồ Chí Minh",Quận 9 (TP. Thủ Đức),0,0,,nhà ở,,,so hong
7000.0,86.0,"Quận 9 (TP. Thủ Đức), TP. Hồ Chí Minh",Quận 9 (TP. Thủ Đức),5,4,,nhà ở,,,so hong
4000.0,65.0,"Quận 9 (TP. Thủ Đức), TP. Hồ Chí Minh",Quận 9 (TP. Thủ Đức),0,0,,nhà ở,,,so hong
8000.0,180.0,"Quận 9 (TP. Thủ Đức), TP. Hồ Chí Minh",Quận 9 (TP. Thủ Đức),8,8,,nhà ở,,,so hong
6000.0,68.0,"Quận 9 (TP. Thủ Đức), TP. Hồ Chí Minh",Quận 9 (TP. Thủ Đức),4,4,,nhà ở,,,so hong
4000.0,59.0,"Quận 9 (TP. Thủ Đức), TP. Hồ Chí Minh",Quận 9 (TP. Thủ Đức),4,4,,nhà ở,,,so hong
7000.0,72.0,"Quận 9 (TP. Thủ Đức), TP. Hồ Chí Minh",Quận 9 (TP. Thủ Đức),5,4,,nhà ở,,,so hong
5000.0,110.0,"Quận 9 (TP. Thủ Đức), TP. Hồ Chí Minh",Quận 9 (TP. Thủ Đức),0,0,,nhà ở,,,so hong
5800.0,85.0,"Quận 9 (TP. Thủ Đức), TP. Hồ Chí Minh",Quận 9 (TP. Thủ Đức),5,5,,nhà ở,,,so hong
6000.0,60.0,"Quận 9 (TP. Thủ Đức), TP. Hồ Chí Minh",Quận 9 (TP. Thủ Đức),5,5,,nhà ở,,,so hong
5100.0,52.0,"Quận 9 (TP. Thủ Đức), TP. Hồ Chí Minh",Quận 9 (TP. Thủ Đức),5,5,,nhà ở,,,so hong
9400.0,84.0,"Quận 9 (TP. Thủ Đức), TP. Hồ Chí Minh",Quận 9 (TP. Thủ Đức),5,4,,nhà ở,,,so hong
4000.0,80.0,"Quận 9 (TP. Thủ Đức), TP. Hồ Chí Minh",Quận 9 (TP. Thủ Đức),0,0,,nhà ở,,,so hong
3000.0,75.0,"Quận 9 (TP. Thủ Đức), TP. Hồ Chí Minh",Quận 9 (TP. Thủ Đức),0,0,,nhà ở,,,so hong
6000.0,72.0,"Quận 9 (TP. Thủ Đức), TP. Hồ Chí Minh",Quận 9 (TP. Thủ Đức),4,3,,nhà ở,,,so hong
4000.0,52.0,"Quận 9 (TP. Thủ Đức), TP. Hồ Chí Minh",Quận 9 (TP. Thủ Đức),4,4,,nhà ở,,,so hong
7000.0,58.0,"Quận 9 (TP. Thủ Đức), TP. Hồ Chí Minh",Quận 9 (TP. Thủ Đức),4,4,,nhà ở,,,so hong
6000.0,51.0,"Quận 9 (TP. Thủ Đức), TP. Hồ Chí Minh",Quận 9 (TP. Thủ Đức),4,4,,nhà ở,,,so hong
5000.0,57.0,"Quận 2 (TP. Thủ Đức), TP. Hồ Chí Minh",Quận 2 (TP. Thủ Đức),3,3,,nhà ở,,,so hong
5000.0,95.0,"Quận 9 (TP. Thủ Đức), TP. Hồ Chí Minh",Quận 9 (TP. Thủ Đức),5,5,,nhà ở,,,so hong
4000.0,100.0,"Quận 9 (TP. Thủ Đức), TP. Hồ Chí Minh",Quận 9 (TP. Thủ Đức),0,0,,nhà ở,,,so hong
3000.0,59.0,"Quận 9 (TP. Thủ Đức), TP. Hồ Chí Minh",Quận 9 (TP. Thủ Đức),5,5,,nhà ở,,,so hong
4000.0,93.0,"Quận 9 (TP. Thủ Đức), TP. Hồ Chí Minh",Quận 9 (TP. Thủ Đức),0,0,,nhà ở,,,so hong
5000.0,56.0,"Quận 2 (TP. Thủ Đức), TP. Hồ Chí Minh",Quận 2 (TP. Thủ Đức),4,4,,nhà ở,,,so hong
6000.0,74.0,"Quận 9 (TP. Thủ Đức), TP. Hồ Chí Minh",Quận 9 (TP. Thủ Đức),4,4,,nhà ở,,,so hong
9000.0,60.0,"Quận 2 (TP. Thủ Đức), TP. Hồ Chí Minh",Quận 2 (TP. Thủ Đức),6,6,,nhà ở,,,so hong
6000.0,82.0,"Quận 9 (TP. Thủ Đức), TP. Hồ Chí Minh",Quận 9 (TP. Thủ Đức),5,5,,nhà ở,,,so hong
5000.0,51.0,"Quận 9 (TP. Thủ Đức), TP. Hồ Chí Minh",Quận 9 (TP. Thủ Đức),5,5,,nhà ở,,,so hong
5000.0,115.0,"Quận 9 (TP. Thủ Đức), TP. Hồ Chí Minh",Quận 9 (TP. Thủ Đức),0,0,,nhà ở,,,so hong
3000.0,80.0,"Quận Thủ Đức (TP. Thủ Đức), TP. Hồ Chí Minh",Quận Thủ Đức (TP. Thủ Đức),4,3,,nhà ở,,,so hong
3900.0,80.0,"Quận 9 (TP. Thủ Đức), TP. Hồ Chí Minh",Quận 9 (TP. Thủ Đức),0,0,,nhà ở,,,so hong
5000.0,55.0,"Quận 9 (TP. Thủ Đức), TP. Hồ Chí Minh",Quận 9 (TP. Thủ Đức),4,4,,nhà ở,,,so hong
4000.0,72.0,"Quận 9 (TP. Thủ Đức), TP. Hồ Chí Minh",Quận 9 (TP. Thủ Đức),0,0,,nhà ở,,,so hong
9500.0,60.0,"Quận 2 (TP. Thủ Đức), TP. Hồ Chí Minh",Quận 2 (TP. Thủ Đức),5,4,,nhà ở,,,so hong
4750.0,62.0,"Quận 9 (TP. Thủ Đức), TP. Hồ Chí Minh",Quận 9 (TP. Thủ Đức),0,0,,nhà ở,,,so hong
10200.0,98.0,"Quận 9 (TP. Thủ Đức), TP. Hồ Chí Minh",Quận 9 (TP. Thủ Đức),4,2,,nhà ở,,,so hong
9000.0,170.0,"Quận 9 (TP. Thủ Đức), TP. Hồ Chí Minh",Quận 9 (TP. Thủ Đức),0,0,,nhà ở,,,so hong
4000.0,32.0,"Quận 9 (TP. Thủ Đức), TP. Hồ Chí Minh",Quận 9 (TP. Thủ Đức),3,2,,nhà ở,,,so hong
9500.0,179.0,"Quận 9 (TP. Thủ Đức), TP. Hồ Chí Minh",Quận 9 (TP. Thủ Đức),8,8,,nhà ở,,,so hong
7000.0,66.0,"Quận Thủ Đức (TP. Thủ Đức), TP. Hồ Chí Minh",Quận Thủ Đức (TP. Thủ Đức),10,10,,nhà phố,,,so hong
7000.0,179.0,"Quận 9 (TP. Thủ Đức), TP. Hồ Chí Minh",Quận 9 (TP. Thủ Đức),8,8,,nhà ở,,,so hong
6000.0,56.0,"Quận 9 (TP. Thủ Đức), TP. Hồ Chí Minh",Quận 9 (TP. Thủ Đức),5,5,,nhà ở,,,so hong
9600.0,98.0,"Quận 9 (TP. Thủ Đức), TP. Hồ Chí Minh",Quận 9 (TP. Thủ Đức),5,5,,biệt thự,,,so hong
5000.0,112.0,"Quận 9 (TP. Thủ Đức), TP. Hồ Chí Minh",Quận 9 (TP. Thủ Đức),0,0,,đất nền,,,so hong
4000.0,37.0,"Quận 9 (TP. Thủ Đức), TP. Hồ Chí Minh",Quận 9 (TP. Thủ Đức),3,3,,nhà ở,,,so hong
4000.0,52.0,"Quận Thủ Đức (TP. Thủ Đức), TP. Hồ Chí Minh",Quận Thủ Đức (TP. Thủ Đức),3,3,,nhà ở,,,so hong
5000.0,64.0,"Quận 9 (TP. Thủ Đức), TP. Hồ Chí Minh",Quận 9 (TP. Thủ Đức),5,4,,nhà ở,,,so hong
6000.0,71.0,"Quận 4, TP. Hồ Chí Minh",Quận 4,2,2,,nhà ở,,,so hong
2250.0,55.0,"Quận Gò Vấp, TP. Hồ Chí Minh",Quận Gò Vấp,2,2,,căn hộ,,,so hong
2200.0,53.0,"Quận Phú Nhuận, TP. Hồ Chí Minh",Quận Phú Nhuận,2,2,,căn hộ,,,so hong
2050.0,50.0,"Quận Bình Thạnh, TP. Hồ Chí Minh",Quận Bình Thạnh,2,2,,nhà ở,,,so hong
2100.0,50.0,"Quận Gò Vấp, TP. Hồ Chí Minh",Quận Gò Vấp,2,2,,nhà ở,,,so hong
1980.0,49.0,"Quận Bình Thạnh, TP. Hồ Chí Minh",Quận Bình Thạnh,2,2,,nhà ở,,,so hong
2160.0,53.0,"Quận Phú Nhuận, TP. Hồ Chí Minh",Quận Phú Nhuận,2,2,,nhà ở,,,so hong
8800.0,92.0,"Quận Gò Vấp, TP. Hồ Chí Minh",Quận Gò Vấp,1,1,,nhà ở,,,so hong
7450.0,36.0,"Quận Gò Vấp, TP. Hồ Chí Minh",Quận Gò Vấp,4,4,,nhà ở,,,so hong
7200.0,80.0,"Quận Gò Vấp, TP. Hồ Chí Minh",Quận Gò Vấp,2,2,,nhà ở,,,so hong
2968.0,100.0,"Huyện Bình Chánh, TP. Hồ Chí Minh",Huyện Bình Chánh,0,0,,nhà ở,,,so hong
8600.0,60.0,"Quận Tân Phú, TP. Hồ Chí Minh",Quận Tân Phú,6,5,,nhà ở,,,so hong
11000.0,97.0,"Quận 7, TP. Hồ Chí Minh",Quận 7,3,2,,nhà ở,,,giay to hop le
23000.0,250.0,"Quận 7, TP. Hồ Chí Minh",Quận 7,4,4,,nhà ở,,,giay to hop le
12000.0,106.0,"Quận 7, TP. Hồ Chí Minh",Quận 7,3,2,,căn hộ,,,giay to hop le
10000.0,2889.0,"Huyện Trảng Bàng, Tây Ninh",Huyện Trảng Bàng,0,0,,nhà ở,,,giay to hop le
2100.0,30.0,"Quận Sơn Trà, Đà Nẵng",Quận Sơn Trà,1,1,,nhà ở,,,hop dong mua ban
5200.0,65.0,"Quận Hải Châu, Đà Nẵng",Quận Hải Châu,3,3,,nhà phố,,,so do
5850.0,51.0,"Quận Hải Châu, Đà Nẵng",Quận Hải Châu,3,3,,nhà phố,,,so do
7800.0,88.0,"Quận Liên Chiểu, Đà Nẵng",Quận Liên Chiểu,3,4,,nhà ở,,,so do
1690.0,283.0,"Huyện Hoà Vang, Đà Nẵng",Huyện Hoà Vang,0,0,,nhà ở,,,so hong
70000.0,1261.0,"TP. Biên Hòa, Đồng Nai",TP. Biên Hòa,3,2,,nhà ở,,,so hong
7400.0,74.0,"TP. Biên Hòa, Đồng Nai",TP. Biên Hòa,0,0,,nhà ở,,,so hong
20000.0,144.0,"TP. Biên Hòa, Đồng Nai",TP. Biên Hòa,8,8,,nhà ở,,,so hong
8500.0,259.0,"TP. Biên Hòa, Đồng Nai",TP. Biên Hòa,0,0,,nhà ở,,,so hong
29000.0,202.0,"TP. Biên Hòa, Đồng Nai",TP. Biên Hòa,4,3,,nhà ở,,,so hong
4500.0,70.0,"TP. Biên Hòa, Đồng Nai",TP. Biên Hòa,5,3,,nhà ở,,,so hong
22900.0,521.0,"TP. Biên Hòa, Đồng Nai",TP. Biên Hòa,0,0,,nhà ở,,,so hong
3300.0,64.0,"TP. Biên Hòa, Đồng Nai",TP. Biên Hòa,3,2,,nhà ở,,,so hong
13500.0,250.0,"TP. Biên Hòa, Đồng Nai",TP. Biên Hòa,5,4,,nhà ở,,,so hong
5700.0,80.0,"TP. Biên Hòa, Đồng Nai",TP. Biên Hòa,5,4,,nhà ở,,,so hong
50000.0,877.0,"TP. Biên Hòa, Đồng Nai",TP. Biên Hòa,0,0,,nhà ở,,,so hong
2000.0,63.0,"TP. Biên Hòa, Đồng Nai",TP. Biên Hòa,0,0,,nhà ở,,,so hong
14000.0,604.0,"TP. Biên Hòa, Đồng Nai",TP. Biên Hòa,0,0,,nhà ở,,,so hong
3700.0,81.0,"TP. Biên Hòa, Đồng Nai",TP. Biên Hòa,3,2,,nhà ở,,,so hong
25000.0,625.0,"TP. Biên Hòa, Đồng Nai",TP. Biên Hòa,0,0,,nhà ở,,,so hong
5900.0,90.0,"TP. Biên Hòa, Đồng Nai",TP. Biên Hòa,5,3,,nhà ở,,,so hong
31000.0,852.0,"TP. Biên Hòa, Đồng Nai",TP. Biên Hòa,0,0,,đất nền,,,so hong
3800.0,100.0,"TP. Biên Hòa, Đồng Nai",TP. Biên Hòa,0,0,,nhà ở,,,so hong
25000.0,216.0,"TP. Biên Hòa, Đồng Nai",TP. Biên Hòa,0,0,,nhà ở,,,so hong
21000.0,345.0,"TP. Biên Hòa, Đồng Nai",TP. Biên Hòa,3,4,,nhà ở,,,so hong
12000.0,80.0,"TP. Biên Hòa, Đồng Nai",TP. Biên Hòa,4,4,,nhà ở,,,so hong
2800.0,630.0,"Huyện Vĩnh Cửu, Đồng Nai",Huyện Vĩnh Cửu,0,0,,nhà ở,,,so hong
35000.0,209.0,"TP. Biên Hòa, Đồng Nai",TP. Biên Hòa,0,0,,nhà ở,,,so hong
4600.0,172.0,"TP. Biên Hòa, Đồng Nai",TP. Biên Hòa,3,1,,nhà ở,,,so hong
70000.0,4369.0,"Huyện Vĩnh Cửu, Đồng Nai",Huyện Vĩnh Cửu,0,0,,nhà ở,,,so hong
27500.0,280.0,"TP. Biên Hòa, Đồng Nai",TP. Biên Hòa,0,0,,nhà ở,,,so hong
8000.0,300.0,"TP. Biên Hòa, Đồng Nai",TP. Biên Hòa,0,0,,nhà ở,,,so hong
68000.0,1450.0,"TP. Biên Hòa, Đồng Nai",TP. Biên Hòa,5,3,,nhà ở,,,so hong
6700.0,1607.0,"Huyện Vĩnh Cửu, Đồng Nai",Huyện Vĩnh Cửu,0,0,,nhà ở,,,so hong
2500.0,62.0,"TP. Biên Hòa, Đồng Nai",TP. Biên Hòa,0,0,,nhà ở,,,so hong
19000.0,201.0,"TP. Biên Hòa, Đồng Nai",TP. Biên Hòa,4,4,,biệt thự,,,so hong
5900.0,89.0,"TP. Biên Hòa, Đồng Nai",TP. Biên Hòa,5,4,,nhà ở,,,so hong
12900.0,147.0,"TP. Biên Hòa, Đồng Nai",TP. Biên Hòa,4,7,,nhà ở,,,so hong
3100.0,141.0,"TP. Biên Hòa, Đồng Nai",TP. Biên Hòa,3,1,,nhà ở,,,so hong
8500.0,528.0,"TP. Biên Hòa, Đồng Nai",TP. Biên Hòa,0,0,,nhà ở,,,so hong
6800.0,90.0,"TP. Biên Hòa, Đồng Nai",TP. Biên Hòa,0,0,,nhà ở,,,so hong
26500.0,523.0,"TP. Biên Hòa, Đồng Nai",TP. Biên Hòa,4,3,,nhà ở,,,so hong
9450.0,200.0,"TP. Biên Hòa, Đồng Nai",TP. Biên Hòa,5,4,,biệt thự,,,so hong
13500.0,188.0,"TP. Biên Hòa, Đồng Nai",TP. Biên Hòa,3,2,,nhà ở,,,so hong
5500.0,242.0,"TP. Biên Hòa, Đồng Nai",TP. Biên Hòa,0,0,,nhà ở,,,so hong
4380.0,100.0,"TP. Biên Hòa, Đồng Nai",TP. Biên Hòa,0,0,,nhà ở,,,so hong
5650.0,72.0,"TP. Biên Hòa, Đồng Nai",TP. Biên Hòa,0,0,,nhà ở,,,so hong
17000.0,373.0,"TP. Biên Hòa, Đồng Nai",TP. Biên Hòa,4,2,,nhà ở,,,so hong
3300.0,55.0,"TP. Biên Hòa, Đồng Nai",TP. Biên Hòa,3,2,,nhà ở,,,so hong
13500.0,94.0,"TP. Biên Hòa, Đồng Nai",TP. Biên Hòa,2,1,,nhà ở,,,so hong
5200.0,1000.0,"Huyện Vĩnh Cửu, Đồng Nai",Huyện Vĩnh Cửu,0,0,,nhà ở,,,so hong
10000.0,103.0,"TP. Biên Hòa, Đồng Nai",TP. Biên Hòa,4,4,,nhà ở,,,so hong
9200.0,345.0,"Huyện Vĩnh Cửu, Đồng Nai",Huyện Vĩnh Cửu,2,2,,nhà ở,,,so hong
6990.0,116.0,"TP. Biên Hòa, Đồng Nai",TP. Biên Hòa,0,0,,nhà ở,,,so hong
11500.0,110.0,"TP. Biên Hòa, Đồng Nai",TP. Biên Hòa,6,4,,biệt thự,,,so hong
10000.0,2200.0,"Huyện Trảng Bom, Đồng Nai",Huyện Trảng Bom,0,0,,nhà ở,,,so hong
28500.0,180.0,"TP. Biên Hòa, Đồng Nai",TP. Biên Hòa,12,6,,nhà ở,,,so hong
20000.0,425.0,"TP. Biên Hòa, Đồng Nai",TP. Biên Hòa,0,0,,nhà ở,,,so hong
4200.0,62.0,"TP. Biên Hòa, Đồng Nai",TP. Biên Hòa,5,3,,nhà ở,,,so hong
4500.0,95.0,"TP. Biên Hòa, Đồng Nai",TP. Biên Hòa,0,0,,nhà ở,,,so hong
65000.0,486.0,"TP. Biên Hòa, Đồng Nai",TP. Biên Hòa,15,5,,nhà ở,,,so hong
54000.0,862.0,"TP. Biên Hòa, Đồng Nai",TP. Biên Hòa,3,2,,nhà ở,,,so hong
1750.0,72.0,"TP. Biên Hòa, Đồng Nai",TP. Biên Hòa,0,0,,nhà ở,,,so hong
45000.0,694.0,"TP. Biên Hòa, Đồng Nai",TP. Biên Hòa,4,3,,nhà ở,,,so hong
46000.0,1360.0,"TP. Biên Hòa, Đồng Nai",TP. Biên Hòa,0,0,,nhà ở,,,so hong
10800.0,182.0,"TP. Biên Hòa, Đồng Nai",TP. Biên Hòa,0,0,,nhà ở,,,so hong
6900.0,1150.0,"Huyện Vĩnh Cửu, Đồng Nai",Huyện Vĩnh Cửu,0,0,,nhà ở,,,so hong
22000.0,400.0,"TP. Biên Hòa, Đồng Nai",TP. Biên Hòa,3,4,,nhà ở,,,so hong
2300.0,68.0,"TP. Biên Hòa, Đồng Nai",TP. Biên Hòa,2,2,,căn hộ,,,so hong
3400.0,93.0,"TP. Biên Hòa, Đồng Nai",TP. Biên Hòa,0,0,,nhà ở,,,so hong
17900.0,150.0,"TP. Biên Hòa, Đồng Nai",TP. Biên Hòa,0,0,,đất nền,,,so hong
6700.0,1608.0,"Huyện Vĩnh Cửu, Đồng Nai",Huyện Vĩnh Cửu,0,0,,nhà ở,,,so hong
14000.0,220.0,"TP. Biên Hòa, Đồng Nai",TP. Biên Hòa,0,0,,nhà ở,,,so hong
8300.0,220.0,"TP. Biên Hòa, Đồng Nai",TP. Biên Hòa,4,3,,biệt thự,,,so hong
5300.0,120.0,"TP. Biên Hòa, Đồng Nai",TP. Biên Hòa,0,0,,nhà ở,,,so hong
23000.0,288.0,"TP. Biên Hòa, Đồng Nai",TP. Biên Hòa,5,4,,biệt thự,,,so hong
5600.0,120.0,"TP. Biên Hòa, Đồng Nai",TP. Biên Hòa,2,1,,nhà ở,,,so hong
1700.0,66.0,"TP. Biên Hòa, Đồng Nai",TP. Biên Hòa,2,2,,căn hộ,,,so hong
80000.0,270.0,"TP. Biên Hòa, Đồng Nai",TP. Biên Hòa,2,2,,nhà ở,,,so hong
5680.0,56.0,"TP. Biên Hòa, Đồng Nai",TP. Biên Hòa,1,1,,nhà ở,,,so hong
13200.0,302.0,"TP. Biên Hòa, Đồng Nai",TP. Biên Hòa,3,2,,nhà ở,,,so hong
1800.0,72.0,"TP. Biên Hòa, Đồng Nai",TP. Biên Hòa,0,0,,nhà ở,,,so hong
2470.0,72.0,"TP. Biên Hòa, Đồng Nai",TP. Biên Hòa,0,0,,nhà ở,,,so hong
7950.0,100.0,"TP. Biên Hòa, Đồng Nai",TP. Biên Hòa,0,0,,nhà ở,,,so hong
3200.0,85.0,"TP. Biên Hòa, Đồng Nai",TP. Biên Hòa,0,0,,nhà ở,,,so hong
31000.0,3100.0,"Huyện Vĩnh Cửu, Đồng Nai",Huyện Vĩnh Cửu,0,0,,nhà ở,,,so hong
1700.0,100.0,"Huyện Vĩnh Cửu, Đồng Nai",Huyện Vĩnh Cửu,0,0,,nhà ở,,,so hong
12000.0,285.0,"TP. Biên Hòa, Đồng Nai",TP. Biên Hòa,0,0,,biệt thự,,,so hong
7300.0,74.0,"TP. Biên Hòa, Đồng Nai",TP. Biên Hòa,0,0,,nhà ở,,,so hong
6500.0,91.0,"TP. Biên Hòa, Đồng Nai",TP. Biên Hòa,0,0,,nhà ở,,,so hong
16500.0,160.0,"TP. Biên Hòa, Đồng Nai",TP. Biên Hòa,4,3,,biệt thự,,,so hong
11000.0,268.0,"TP. Biên Hòa, Đồng Nai",TP. Biên Hòa,5,4,,biệt thự,,,so hong
13000.0,130.0,"TP. Biên Hòa, Đồng Nai",TP. Biên Hòa,3,3,,nhà ở,,,so hong
8500.0,240.0,"TP. Biên Hòa, Đồng Nai",TP. Biên Hòa,0,0,,biệt thự,,,so hong
2800.0,70.0,"TP. Biên Hòa, Đồng Nai",TP. Biên Hòa,3,2,,nhà ở,,,so hong
4300.0,76.0,"TP. Biên Hòa, Đồng Nai",TP. Biên Hòa,3,2,,nhà ở,,,so hong
2400.0,61.0,"TP. Biên Hòa, Đồng Nai",TP. Biên Hòa,2,2,,nhà ở,,,so hong
8200.0,128.0,"TP. Biên Hòa, Đồng Nai",TP. Biên Hòa,4,3,,nhà ở,,,so hong
70000.0,4300.0,"Huyện Vĩnh Cửu, Đồng Nai",Huyện Vĩnh Cửu,0,0,,nhà ở,,,so hong
8500.0,68.0,"TP. Biên Hòa, Đồng Nai",TP. Biên Hòa,3,2,,nhà ở,,,so hong
6000.0,72.0,"TP. Biên Hòa, Đồng Nai",TP. Biên Hòa,3,3,,nhà ở,,,so hong
11500.0,204.0,"TP. Biên Hòa, Đồng Nai",TP. Biên Hòa,4,4,,nhà ở,,,so hong
8000.0,160.0,"TP. Biên Hòa, Đồng Nai",TP. Biên Hòa,0,0,,nhà ở,,,so hong
4200.0,72.0,"TP. Biên Hòa, Đồng Nai",TP. Biên Hòa,5,3,,nhà ở,,,so hong
5200.0,152.0,"TP. Biên Hòa, Đồng Nai",TP. Biên Hòa,4,2,,nhà ở,,,so hong
6900.0,85.0,"TP. Biên Hòa, Đồng Nai",TP. Biên Hòa,4,3,,nhà ở,,,so hong
1600.0,138.0,"Huyện Vĩnh Cửu, Đồng Nai",Huyện Vĩnh Cửu,0,0,,nhà ở,,,so hong
3200.0,72.0,"TP. Biên Hòa, Đồng Nai",TP. Biên Hòa,0,0,,nhà ở,,,so hong
6600.0,90.0,"TP. Biên Hòa, Đồng Nai",TP. Biên Hòa,5,3,,nhà ở,,,so hong
9500.0,142.0,"TP. Biên Hòa, Đồng Nai",TP. Biên Hòa,5,4,,nhà ở,,,hop dong mua ban
6300.0,51.0,"TP. Biên Hòa, Đồng Nai",TP. Biên Hòa,1,1,,nhà ở,,,so hong
7650.0,140.0,"TP. Biên Hòa, Đồng Nai",TP. Biên Hòa,5,5,,biệt thự,,,so hong
5000.0,1000.0,"Huyện Vĩnh Cửu, Đồng Nai",Huyện Vĩnh Cửu,0,0,,nhà ở,,,so hong
2550.0,72.0,"TP. Biên Hòa, Đồng Nai",TP. Biên Hòa,2,1,,nhà ở,,,so hong
4800.0,83.0,"TP. Biên Hòa, Đồng Nai",TP. Biên Hòa,3,2,,nhà ở,,,so hong
2350.0,71.0,"TP. Biên Hòa, Đồng Nai",TP. Biên Hòa,2,1,,nhà ở,,,so hong
3950.0,210.0,"TP. Biên Hòa, Đồng Nai",TP. Biên Hòa,9,9,,nhà ở,,,so hong
3450.0,57.0,"TP. Biên Hòa, Đồng Nai",TP. Biên Hòa,3,2,,nhà ở,,,so hong
15000.0,300.0,"TP. Biên Hòa, Đồng Nai",TP. Biên Hòa,6,5,,biệt thự,,,so hong
1680.0,66.0,"TP. Biên Hòa, Đồng Nai",TP. Biên Hòa,2,2,,căn hộ,,,so hong
6800.0,180.0,"TP. Biên Hòa, Đồng Nai",TP. Biên Hòa,2,1,,căn hộ,,,hop dong mua ban
5040.0,1200.0,"Huyện Vĩnh Cửu, Đồng Nai",Huyện Vĩnh Cửu,0,0,,nhà ở,,,so hong
6800.0,85.0,"TP. Biên Hòa, Đồng Nai",TP. Biên Hòa,5,3,,nhà ở,,,so hong
13000.0,900.0,"Huyện Vĩnh Cửu, Đồng Nai",Huyện Vĩnh Cửu,2,2,,nhà ở,,,so hong
4000.0,81.0,"TP. Biên Hòa, Đồng Nai",TP. Biên Hòa,2,1,,nhà ở,,,so hong
3500.0,80.0,"TP. Biên Hòa, Đồng Nai",TP. Biên Hòa,0,0,,nhà ở,,,so hong
9200.0,110.0,"TP. Biên Hòa, Đồng Nai",TP. Biên Hòa,6,3,,biệt thự,,,so hong
22500.0,268.0,"TP. Biên Hòa, Đồng Nai",TP. Biên Hòa,10,6,,nhà ở,,,so hong
4500.0,90.0,"TP. Biên Hòa, Đồng Nai",TP. Biên Hòa,3,2,,nhà ở,,,so hong
5200.0,468.0,"Huyện Thống Nhất, Đồng Nai",Huyện Thống Nhất,0,0,,nhà ở,,,so hong
5900.0,200.0,"TP. Biên Hòa, Đồng Nai",TP. Biên Hòa,2,2,,nhà ở,,,so hong
18500.0,72.0,"TP. Biên Hòa, Đồng Nai",TP. Biên Hòa,5,3,,nhà ở,,,so hong
2200.0,110.0,"Huyện Vĩnh Cửu, Đồng Nai",Huyện Vĩnh Cửu,3,2,,nhà ở,,,so hong
4750.0,118.0,"TP. Biên Hòa, Đồng Nai",TP. Biên Hòa,2,1,,nhà ở,,,so hong
3300.0,65.0,"TP. Biên Hòa, Đồng Nai",TP. Biên Hòa,0,0,,nhà ở,,,so hong
23000.0,124.0,"TP. Biên Hòa, Đồng Nai",TP. Biên Hòa,8,6,,nhà ở,,,so hong
250.0,65.0,"TP. Biên Hòa, Đồng Nai",TP. Biên Hòa,2,2,,nhà ở,,,so hong
8500.0,587.0,"Huyện Nhơn Trạch, Đồng Nai",Huyện Nhơn Trạch,0,0,,nhà ở,,,so hong
6000.0,557.0,"Huyện Nhơn Trạch, Đồng Nai",Huyện Nhơn Trạch,0,0,,nhà ở,,,so hong
3802.0,585.0,"Huyện Nhơn Trạch, Đồng Nai",Huyện Nhơn Trạch,0,0,,nhà ở,,,so hong
3600.0,403.0,"Huyện Nhơn Trạch, Đồng Nai",Huyện Nhơn Trạch,0,0,,nhà ở,,,so hong
5500.0,1100.0,"Huyện Nhơn Trạch, Đồng Nai",Huyện Nhơn Trạch,0,0,,nhà ở,,,so hong
22000.0,4600.0,"Huyện Nhơn Trạch, Đồng Nai",Huyện Nhơn Trạch,0,0,,nhà ở,,,so hong
12000.0,891.0,"Huyện Nhơn Trạch, Đồng Nai",Huyện Nhơn Trạch,0,0,,nhà ở,,,so hong
18800.0,4700.0,"Huyện Nhơn Trạch, Đồng Nai",Huyện Nhơn Trạch,0,0,,nhà ở,,,so hong
4300.0,1202.0,"Huyện Nhơn Trạch, Đồng Nai",Huyện Nhơn Trạch,3,2,,nhà ở,,,so hong
5620.0,1124.0,"Huyện Nhơn Trạch, Đồng Nai",Huyện Nhơn Trạch,0,0,,nhà ở,,,so hong
15000.0,4000.0,"Huyện Nhơn Trạch, Đồng Nai",Huyện Nhơn Trạch,0,0,,nhà ở,,,so hong
13540.0,3009.0,"Huyện Nhơn Trạch, Đồng Nai",Huyện Nhơn Trạch,0,0,,nhà ở,,,so hong
3000.0,206.0,"Huyện Nhơn Trạch, Đồng Nai",Huyện Nhơn Trạch,0,0,,nhà ở,,,so hong
8700.0,2900.0,"Huyện Nhơn Trạch, Đồng Nai",Huyện Nhơn Trạch,0,0,,nhà ở,,,so hong
10000.0,949.0,"Huyện Nhơn Trạch, Đồng Nai",Huyện Nhơn Trạch,0,0,,nhà ở,,,so hong
10500.0,1300.0,"Huyện Nhơn Trạch, Đồng Nai",Huyện Nhơn Trạch,0,0,,nhà ở,,,so hong
2950.0,330.0,"Huyện Nhơn Trạch, Đồng Nai",Huyện Nhơn Trạch,4,4,,nhà ở,,,so hong
12859.0,1169.0,"Huyện Nhơn Trạch, Đồng Nai",Huyện Nhơn Trạch,1,1,,nhà ở,,,so hong
11000.0,2000.0,"Huyện Nhơn Trạch, Đồng Nai",Huyện Nhơn Trạch,0,0,,nhà ở,,,so hong
8200.0,2400.0,"Huyện Nhơn Trạch, Đồng Nai",Huyện Nhơn Trạch,0,0,,nhà ở,,,so hong
8300.0,1700.0,"Huyện Nhơn Trạch, Đồng Nai",Huyện Nhơn Trạch,0,0,,nhà ở,,,so hong
7500.0,1300.0,"Huyện Nhơn Trạch, Đồng Nai",Huyện Nhơn Trạch,0,0,,nhà ở,,,so hong
19000.0,1200.0,"Huyện Nhơn Trạch, Đồng Nai",Huyện Nhơn Trạch,0,0,,nhà ở,,,so hong
13000.0,3597.0,"Huyện Nhơn Trạch, Đồng Nai",Huyện Nhơn Trạch,3,3,,nhà ở,,,so hong
2100.0,165.0,"Huyện Nhơn Trạch, Đồng Nai",Huyện Nhơn Trạch,0,0,,nhà ở,,,so hong
13500.0,3000.0,"Huyện Nhơn Trạch, Đồng Nai",Huyện Nhơn Trạch,0,0,,nhà ở,,,so hong
6000.0,1038.0,"Huyện Nhơn Trạch, Đồng Nai",Huyện Nhơn Trạch,0,0,,nhà ở,,,so hong
20000.0,4000.0,"Huyện Nhơn Trạch, Đồng Nai",Huyện Nhơn Trạch,0,0,,nhà ở,,,so hong
14450.0,1700.0,"Huyện Nhơn Trạch, Đồng Nai",Huyện Nhơn Trạch,0,0,,nhà ở,,,so hong
5500.0,1182.0,"Huyện Nhơn Trạch, Đồng Nai",Huyện Nhơn Trạch,2,2,,nhà ở,,,so hong
6720.0,1200.0,"Huyện Nhơn Trạch, Đồng Nai",Huyện Nhơn Trạch,0,0,,nhà ở,,,so hong
10000.0,2000.0,"Huyện Nhơn Trạch, Đồng Nai",Huyện Nhơn Trạch,0,0,,nhà ở,,,so hong
2800.0,900.0,"Huyện Nhơn Trạch, Đồng Nai",Huyện Nhơn Trạch,0,0,,nhà ở,,,so hong
5000.0,350.0,"Huyện Nhơn Trạch, Đồng Nai",Huyện Nhơn Trạch,0,0,,nhà ở,,,so hong
6000.0,2000.0,"Huyện Nhơn Trạch, Đồng Nai",Huyện Nhơn Trạch,0,0,,nhà ở,,,so hong
49400.0,3800.0,"Huyện Nhơn Trạch, Đồng Nai",Huyện Nhơn Trạch,0,0,,nhà ở,,,so hong
13000.0,1700.0,"Huyện Nhơn Trạch, Đồng Nai",Huyện Nhơn Trạch,10,10,,biệt thự,,,so hong
13950.0,3100.0,"Huyện Nhơn Trạch, Đồng Nai",Huyện Nhơn Trạch,0,0,,nhà ở,,,so hong
7600.0,1427.0,"Huyện Nhơn Trạch, Đồng Nai",Huyện Nhơn Trạch,10,10,,nhà ở,,,so hong
12441.0,4147.0,"Huyện Nhơn Trạch, Đồng Nai",Huyện Nhơn Trạch,0,0,,nhà ở,,,so hong
21700.0,3100.0,"Huyện Nhơn Trạch, Đồng Nai",Huyện Nhơn Trạch,2,2,,nhà ở,,,so hong
2250.0,273.0,"Huyện Nhơn Trạch, Đồng Nai",Huyện Nhơn Trạch,0,0,,nhà ở,,,so hong
13000.0,3500.0,"Huyện Nhơn Trạch, Đồng Nai",Huyện Nhơn Trạch,3,3,,nhà ở,,,so hong
15000.0,3000.0,"Huyện Nhơn Trạch, Đồng Nai",Huyện Nhơn Trạch,0,0,,nhà ở,,,so hong
3500.0,120.0,"Huyện Nhơn Trạch, Đồng Nai",Huyện Nhơn Trạch,2,2,,nhà ở,,,so hong
6000.0,1200.0,"Huyện Nhơn Trạch, Đồng Nai",Huyện Nhơn Trạch,2,2,,nhà ở,,,so hong
2450.0,174.0,"Huyện Nhơn Trạch, Đồng Nai",Huyện Nhơn Trạch,0,0,,nhà ở,,,so hong
6300.0,1800.0,"Huyện Nhơn Trạch, Đồng Nai",Huyện Nhơn Trạch,0,0,,nhà ở,,,so hong
15000.0,3500.0,"Huyện Nhơn Trạch, Đồng Nai",Huyện Nhơn Trạch,0,0,,nhà ở,,,so hong
7200.0,1025.0,"Huyện Nhơn Trạch, Đồng Nai",Huyện Nhơn Trạch,3,3,,nhà ở,,,so hong
16500.0,1203.0,"Huyện Nhơn Trạch, Đồng Nai",Huyện Nhơn Trạch,3,3,,nhà ở,,,so hong
9000.0,2000.0,"Huyện Nhơn Trạch, Đồng Nai",Huyện Nhơn Trạch,0,0,,nhà ở,,,so hong
6000.0,1754.0,"Huyện Nhơn Trạch, Đồng Nai",Huyện Nhơn Trạch,0,0,,nhà ở,,,so hong
12000.0,900.0,"Huyện Nhơn Trạch, Đồng Nai",Huyện Nhơn Trạch,0,0,,nhà ở,,,so hong
5000.0,890.0,"Huyện Nhơn Trạch, Đồng Nai",Huyện Nhơn Trạch,0,0,,nhà ở,,,so hong
3384.0,846.0,"Huyện Nhơn Trạch, Đồng Nai",Huyện Nhơn Trạch,0,0,,nhà ở,,,so hong
10003.0,1429.0,"Huyện Nhơn Trạch, Đồng Nai",Huyện Nhơn Trạch,0,0,,nhà ở,,,so hong
3500.0,422.0,"Huyện Nhơn Trạch, Đồng Nai",Huyện Nhơn Trạch,0,0,,nhà ở,,,so hong
4800.0,1050.0,"Huyện Nhơn Trạch, Đồng Nai",Huyện Nhơn Trạch,0,0,,nhà ở,,,so do
12000.0,3000.0,"Huyện Nhơn Trạch, Đồng Nai",Huyện Nhơn Trạch,0,0,,nhà ở,,,so hong
5900.0,1900.0,"Huyện Nhơn Trạch, Đồng Nai",Huyện Nhơn Trạch,0,0,,nhà ở,,,so hong
10034.0,2712.0,"Huyện Nhơn Trạch, Đồng Nai",Huyện Nhơn Trạch,0,0,,nhà ở,,,so hong
6000.0,580.0,"Huyện Nhơn Trạch, Đồng Nai",Huyện Nhơn Trạch,0,0,,nhà ở,,,so hong
6400.0,800.0,"Huyện Nhơn Trạch, Đồng Nai",Huyện Nhơn Trạch,0,0,,nhà ở,,,so hong
18000.0,4000.0,"Huyện Nhơn Trạch, Đồng Nai",Huyện Nhơn Trạch,0,0,,nhà ở,,,so hong
6500.0,377.0,"Huyện Nhơn Trạch, Đồng Nai",Huyện Nhơn Trạch,1,1,,nhà ở,,,so hong
3300.0,432.0,"Huyện Nhơn Trạch, Đồng Nai",Huyện Nhơn Trạch,3,3,,nhà ở,,,so hong
2500.0,502.0,"Huyện Nhơn Trạch, Đồng Nai",Huyện Nhơn Trạch,0,0,,đất nền,,,so hong
9900.0,2525.0,"Huyện Nhơn Trạch, Đồng Nai",Huyện Nhơn Trạch,0,0,,nhà ở,,,so hong
16000.0,1203.0,"Huyện Nhơn Trạch, Đồng Nai",Huyện Nhơn Trạch,0,0,,nhà ở,,,so hong
5000.0,1500.0,"Huyện Nhơn Trạch, Đồng Nai",Huyện Nhơn Trạch,0,0,,nhà ở,,,so hong
1750.0,235.0,"Huyện Nhơn Trạch, Đồng Nai",Huyện Nhơn Trạch,0,0,,đất nền,,,so hong
980.0,95.0,"TP. Biên Hòa, Đồng Nai",TP. Biên Hòa,0,0,,nhà ở,,,so hong
6500.0,409.0,"Huyện Nhơn Trạch, Đồng Nai",Huyện Nhơn Trạch,3,3,,biệt thự,,,so hong
500.0,82.0,"TP. Biên Hòa, Đồng Nai",TP. Biên Hòa,3,2,,nhà ở,,,so hong
2150.0,105.0,"TP. Biên Hòa, Đồng Nai",TP. Biên Hòa,3,2,,nhà ở,,,so hong
680.0,205.0,"TP. Long Khánh, Đồng Nai",TP. Long Khánh,0,0,,nhà ở,,,so hong
870.0,210.0,"TP. Long Khánh, Đồng Nai",TP. Long Khánh,0,0,,nhà ở,,,so hong
1850.0,95.0,"TP. Long Khánh, Đồng Nai",TP. Long Khánh,3,3,,nhà ở,,,so hong
1090.0,100.0,"TP. Long Khánh, Đồng Nai",TP. Long Khánh,0,0,,nhà ở,,,so hong
750.0,85.0,"TP. Long Khánh, Đồng Nai",TP. Long Khánh,0,0,,nhà ở,,,so hong
980.0,131.0,"TP. Long Khánh, Đồng Nai",TP. Long Khánh,0,0,,nhà ở,,,so hong
790.0,150.0,"TP. Long Khánh, Đồng Nai",TP. Long Khánh,0,0,,nhà ở,,,so hong
980.0,127.0,"TP. Long Khánh, Đồng Nai",TP. Long Khánh,0,0,,nhà ở,,,so hong
980.0,114.0,"TP. Long Khánh, Đồng Nai",TP. Long Khánh,0,0,,nhà ở,,,so hong
490.0,100.0,"Huyện Xuân Lộc, Đồng Nai",Huyện Xuân Lộc,0,0,,nhà ở,,,so hong
590.0,125.0,"TP. Long Khánh, Đồng Nai",TP. Long Khánh,0,0,,đất nền,,,so hong
890.0,120.0,"TP. Long Khánh, Đồng Nai",TP. Long Khánh,0,0,,nhà ở,,,so hong
790.0,114.0,"TP. Long Khánh, Đồng Nai",TP. Long Khánh,0,0,,nhà ở,,,so hong
1390.0,157.0,"TP. Long Khánh, Đồng Nai",TP. Long Khánh,0,0,,nhà ở,,,so hong
795.0,150.0,"Huyện Trảng Bom, Đồng Nai",Huyện Trảng Bom,0,0,,nhà ở,,,so hong
560.0,82.0,"Huyện Trảng Bom, Đồng Nai",Huyện Trảng Bom,0,0,,nhà ở,,,so hong
1250.0,118.0,"Huyện Trảng Bom, Đồng Nai",Huyện Trảng Bom,2,1,,nhà ở,,,so hong
2000.0,51.0,"TP. Biên Hòa, Đồng Nai",TP. Biên Hòa,2,2,,căn hộ,,,hop dong mua ban
1500.0,70.0,"TP. Biên Hòa, Đồng Nai",TP. Biên Hòa,2,2,,căn hộ,,,so hong
860.0,39.0,"TP. Biên Hòa, Đồng Nai",TP. Biên Hòa,1,1,,căn hộ,,,so hong
1300.0,70.0,"TP. Biên Hòa, Đồng Nai",TP. Biên Hòa,2,2,,căn hộ,,,so hong
1979.0,62.0,"TP. Biên Hòa, Đồng Nai",TP. Biên Hòa,2,2,,căn hộ,,,so hong
11000.0,400.0,"TP. Biên Hòa, Đồng Nai",TP. Biên Hòa,0,0,,nhà ở,,,so hong
2980.0,120.0,"TP. Biên Hòa, Đồng Nai",TP. Biên Hòa,3,2,,nhà phố,,,so hong
1360.0,70.0,"TP. Biên Hòa, Đồng Nai",TP. Biên Hòa,2,2,,nhà ở,,,so hong
3900.0,100.0,"TP. Biên Hòa, Đồng Nai",TP. Biên Hòa,0,0,,đất nền,,,so hong
1800.0,53.0,"TP. Biên Hòa, Đồng Nai",TP. Biên Hòa,2,1,,căn hộ,,,hop dong mua ban
1200.0,49.0,"TP. Biên Hòa, Đồng Nai",TP. Biên Hòa,1,1,,nhà ở,,,hop dong mua ban
1290.0,70.0,"TP. Biên Hòa, Đồng Nai",TP. Biên Hòa,2,2,,nhà ở,,,so hong
1700.0,51.0,"TP. Biên Hòa, Đồng Nai",TP. Biên Hòa,2,2,,căn hộ,,,hop dong mua ban
3790.0,92.0,"TP. Biên Hòa, Đồng Nai",TP. Biên Hòa,4,3,,nhà ở,,,so hong
2950.0,77.0,"TP. Biên Hòa, Đồng Nai",TP. Biên Hòa,2,2,,căn hộ,,,so hong
2800.0,78.0,"TP. Biên Hòa, Đồng Nai",TP. Biên Hòa,2,2,,nhà ở,,,hop dong mua ban
2800.0,77.0,"TP. Biên Hòa, Đồng Nai",TP. Biên Hòa,2,2,,căn hộ,,,so hong
1100.0,110.0,"Huyện Trảng Bom, Đồng Nai",Huyện Trảng Bom,0,0,,nhà ở,,,so hong
2750.0,77.0,"TP. Biên Hòa, Đồng Nai",TP. Biên Hòa,2,2,,căn hộ,,,so hong
3190.0,130.0,"TP. Biên Hòa, Đồng Nai",TP. Biên Hòa,3,2,,nhà phố,,,so hong
1890.0,52.0,"TP. Biên Hòa, Đồng Nai",TP. Biên Hòa,2,2,,căn hộ,,,hop dong mua ban
1350.0,53.0,"TP. Biên Hòa, Đồng Nai",TP. Biên Hòa,2,2,,nhà ở,,,so hong
3100.0,83.0,"TP. Biên Hòa, Đồng Nai",TP. Biên Hòa,2,2,,căn hộ,,,hop dong mua ban
830.0,37.0,"TP. Biên Hòa, Đồng Nai",TP. Biên Hòa,1,1,,nhà ở,,,so hong
1960.0,49.0,"TP. Biên Hòa, Đồng Nai",TP. Biên Hòa,2,0,,căn hộ,,,so hong
2100.0,109.0,"Huyện Nhơn Trạch, Đồng Nai",Huyện Nhơn Trạch,0,0,,đất nền,,,so hong
3230.0,323.0,"Huyện Nhơn Trạch, Đồng Nai",Huyện Nhơn Trạch,0,0,,nhà ở,,,so hong
5100.0,140.0,"Huyện Nhơn Trạch, Đồng Nai",Huyện Nhơn Trạch,0,0,,nhà ở,,,so hong
2000.0,124.0,"Huyện Long Thành, Đồng Nai",Huyện Long Thành,0,0,,nhà ở,,,so hong
65000.0,1881.0,"Huyện Long Thành, Đồng Nai",Huyện Long Thành,0,0,,nhà ở,,,so hong
2500.0,175.0,"Huyện Nhơn Trạch, Đồng Nai",Huyện Nhơn Trạch,0,0,,đất nền,,,so hong
8500.0,988.0,"Huyện Nhơn Trạch, Đồng Nai",Huyện Nhơn Trạch,0,0,,nhà ở,,,so hong
5400.0,500.0,"Huyện Nhơn Trạch, Đồng Nai",Huyện Nhơn Trạch,0,0,,nhà ở,,,so hong
64719.0,3807.0,"Huyện Nhơn Trạch, Đồng Nai",Huyện Nhơn Trạch,0,0,,nhà ở,,,so hong
12906.0,1434.0,"Huyện Nhơn Trạch, Đồng Nai",Huyện Nhơn Trạch,0,0,,nhà ở,,,so hong
42000.0,3849.0,"Huyện Nhơn Trạch, Đồng Nai",Huyện Nhơn Trạch,0,0,,nhà ở,,,so hong
2900.0,100.0,"Huyện Nhơn Trạch, Đồng Nai",Huyện Nhơn Trạch,0,0,,nhà ở,,,so do
56695.0,2465.0,"Huyện Nhơn Trạch, Đồng Nai",Huyện Nhơn Trạch,0,0,,nhà ở,,,so hong
8037.0,1786.0,"Huyện Long Thành, Đồng Nai",Huyện Long Thành,0,0,,đất nền,,,so hong
5500.0,110.0,"Huyện Nhơn Trạch, Đồng Nai",Huyện Nhơn Trạch,0,0,,nhà ở,,,so hong
3500.0,196.0,"Huyện Nhơn Trạch, Đồng Nai",Huyện Nhơn Trạch,0,0,,đất nền,,,so hong
3200.0,222.0,"Huyện Long Thành, Đồng Nai",Huyện Long Thành,0,0,,đất nền,,,so hong
1850.0,104.0,"Huyện Nhơn Trạch, Đồng Nai",Huyện Nhơn Trạch,0,0,,đất nền,,,so hong
3200.0,299.0,"Huyện Long Thành, Đồng Nai",Huyện Long Thành,0,0,,đất nền,,,so hong
25000.0,1514.0,"Huyện Nhơn Trạch, Đồng Nai",Huyện Nhơn Trạch,0,0,,nhà ở,,,so hong
9000.0,1853.0,"Huyện Nhơn Trạch, Đồng Nai",Huyện Nhơn Trạch,0,0,,nhà ở,,,so hong
19900.0,656.0,"Huyện Nhơn Trạch, Đồng Nai",Huyện Nhơn Trạch,0,0,,nhà ở,,,so hong
6600.0,140.0,"Huyện Nhơn Trạch, Đồng Nai",Huyện Nhơn Trạch,0,0,,nhà ở,,,so hong
3600.0,82.0,"TP. Biên Hòa, Đồng Nai",TP. Biên Hòa,2,2,,căn hộ,,,so hong
2700.0,62.0,"TP. Biên Hòa, Đồng Nai",TP. Biên Hòa,2,1,,căn hộ,,,so hong
1940.0,52.0,"TP. Biên Hòa, Đồng Nai",TP. Biên Hòa,2,2,,căn hộ,,,so hong
1780.0,48.0,"TP. Biên Hòa, Đồng Nai",TP. Biên Hòa,1,1,,căn hộ,,,so hong
2800.0,94.0,"TP. Biên Hòa, Đồng Nai",TP. Biên Hòa,2,2,,căn hộ,,,so hong
1760.0,48.0,"TP. Biên Hòa, Đồng Nai",TP. Biên Hòa,1,1,,căn hộ,,,so hong
1800.0,48.0,"TP. Biên Hòa, Đồng Nai",TP. Biên Hòa,1,1,,căn hộ,,,so hong
1940.0,51.0,"TP. Biên Hòa, Đồng Nai",TP. Biên Hòa,2,2,,căn hộ,,,so hong
1790.0,51.0,"TP. Biên Hòa, Đồng Nai",TP. Biên Hòa,2,2,,căn hộ,,,so hong
1295.0,52.0,"TP. Biên Hòa, Đồng Nai",TP. Biên Hòa,1,1,,căn hộ,,,so hong
2223.0,57.0,"TP. Biên Hòa, Đồng Nai",TP. Biên Hòa,2,2,,căn hộ,,,so hong
1900.0,52.0,"TP. Biên Hòa, Đồng Nai",TP. Biên Hòa,2,2,,căn hộ,,,so hong
3200.0,82.0,"TP. Biên Hòa, Đồng Nai",TP. Biên Hòa,2,2,,căn hộ,,,so hong
1800.0,52.0,"TP. Biên Hòa, Đồng Nai",TP. Biên Hòa,2,2,,nhà ở,,,so hong
1790.0,52.0,"TP. Biên Hòa, Đồng Nai",TP. Biên Hòa,2,2,,căn hộ,,,so hong
3000.0,94.0,"TP. Biên Hòa, Đồng Nai",TP. Biên Hòa,2,2,,căn hộ,,,so hong
3700.0,82.0,"TP. Biên Hòa, Đồng Nai",TP. Biên Hòa,2,2,,căn hộ,,,so hong
2550.0,68.0,"TP. Biên Hòa, Đồng Nai",TP. Biên Hòa,2,2,,căn hộ,,,so hong
1887.0,52.0,"TP. Biên Hòa, Đồng Nai",TP. Biên Hòa,2,2,,căn hộ,,,so hong
3500.0,82.0,"TP. Biên Hòa, Đồng Nai",TP. Biên Hòa,2,2,,căn hộ,,,so hong
1970.0,52.0,"TP. Biên Hòa, Đồng Nai",TP. Biên Hòa,2,2,,căn hộ,,,so hong
1999.0,52.0,"TP. Biên Hòa, Đồng Nai",TP. Biên Hòa,2,2,,căn hộ,,,so hong
1950.0,52.0,"TP. Biên Hòa, Đồng Nai",TP. Biên Hòa,2,2,,căn hộ,,,so hong
1870.0,52.0,"TP. Biên Hòa, Đồng Nai",TP. Biên Hòa,2,2,,nhà ở,,,so hong
2000.0,52.0,"TP. Biên Hòa, Đồng Nai",TP. Biên Hòa,2,2,,căn hộ,,,so hong
8600.0,102.0,"TP. Biên Hòa, Đồng Nai",TP. Biên Hòa,3,3,,nhà ở,,,so hong
3150.0,70.0,"TP. Biên Hòa, Đồng Nai",TP. Biên Hòa,2,2,,nhà ở,,,so hong
3600.0,131.0,"TP. Biên Hòa, Đồng Nai",TP. Biên Hòa,2,2,,nhà ở,,,so hong
3200.0,138.0,"TP. Biên Hòa, Đồng Nai",TP. Biên Hòa,0,0,,nhà ở,,,so hong
3500.0,100.0,"Huyện Trảng Bom, Đồng Nai",Huyện Trảng Bom,0,0,,nhà ở,,,so do
3950.0,62.0,"TP. Biên Hòa, Đồng Nai",TP. Biên Hòa,3,2,,nhà ở,,,so hong
9700.0,100.0,"TP. Biên Hòa, Đồng Nai",TP. Biên Hòa,3,4,,nhà ở,,,so hong
1980.0,51.0,"TP. Biên Hòa, Đồng Nai",TP. Biên Hòa,2,1,,nhà ở,,,hop dong mua ban
1750.0,88.0,"Huyện Vĩnh Cửu, Đồng Nai",Huyện Vĩnh Cửu,3,2,,nhà ở,,,so hong
1010.0,46.0,"TP. Biên Hòa, Đồng Nai",TP. Biên Hòa,1,1,,nhà ở,,,hop dong mua ban
4500.0,1367.0,"Huyện Nhơn Trạch, Đồng Nai",Huyện Nhơn Trạch,0,0,,nhà ở,,,so do
1600.0,70.0,"TP. Biên Hòa, Đồng Nai",TP. Biên Hòa,2,2,,căn hộ,,,so hong
