price,area,location,district,bedrooms_n,bathrooms_n,floors_n,house_type
13306046436,87.6,"152 Trần Hưng Đạo, Bình Tân, TP.HCM",Bình Tân,3.0,2.0,2.0,nhà phố
8059024920,78.9,"195 Nguyễn Huệ, Quận 12, TP.HCM",Quận 12,2.0,2.0,5.0,nhà phố
3698727762,50.5,"217 Lý Thường Kiệt, Thủ Đức, TP.HCM",Thủ Đức,2.0,1.0,3.0,nhà hẻm
38159837386,169.6,"76 Nguyễn Văn Trỗi, Quận 9, TP.HCM",Quận 9,6.0,6.0,2.0,biệt thự
4834697185,89.6,"21 Võ Văn Tần, Nhà Bè, TP.HCM",Nhà Bè,4.0,1.0,1.0,nhà hẻm
23151775014,227.3,"95 Hoàng Văn Thụ, Nhà Bè, TP.HCM",Nhà Bè,,,,đất nền
6608230733,77.6,"42 Nguyễn Thị Minh Khai, Quận 9, TP.HCM",Quận 9,4.0,3.0,1.0,nhà hẻm
103922256970,566.4,"59 Lê Lợi, Quận 12, TP.HCM",Quận 12,7.0,3.0,4.0,biệt thự
23996801716,236.5,"225 Bùi Thị Xuân, Thủ Đức, TP.HCM",Thủ Đức,,,,đất nền
18532531989,122.4,"68 Nguyễn Văn Trỗi, Gò Vấp, TP.HCM",Gò Vấp,5.0,2.0,4.0,nhà phố
14376380928,100.0,"24 Phạm Văn Đồng, Gò Vấp, TP.HCM",Gò Vấp,3.0,1.0,,căn hộ
13088117338,127.3,"17 Hai Bà Trưng, Thủ Đức, TP.HCM",Thủ Đức,,,,đất nền
14964966819,86.2,"175 Đinh Tiên Hoàng, Quận 11, TP.HCM",Quận 11,3.0,3.0,,căn hộ
5382006831,82.6,"249 Điện Biên Phủ, Hóc Môn, TP.HCM",Hóc Môn,3.0,1.0,3.0,nhà hẻm
30995408495,186.5,"236 Ngô Gia Tự, Bình Thạnh, TP.HCM",Bình Thạnh,4.0,2.0,3.0,nhà phố
10144252651,32.3,"243 Bùi Thị Xuân, Quận 1, TP.HCM",Quận 1,3.0,2.0,,căn hộ
32949599112,86.2,"68 Hoàng Văn Thụ, Quận 3, TP.HCM",Quận 3,4.0,1.0,2.0,nhà hẻm
24659770411,97.3,"167 Phó Đức Chính, Phú Nhuận, TP.HCM",Phú Nhuận,4.0,3.0,2.0,nhà hẻm
5160272592,38.1,"151 Nguyễn Thị Minh Khai, Quận 10, TP.HCM",Quận 10,1.0,1.0,1.0,nhà trọ / phòng
33246521475,142.8,"72 Nguyễn Thị Minh Khai, Quận 7, TP.HCM",Quận 7,3.0,1.0,2.0,nhà phố
9187264983,65.5,"169 Đinh Tiên Hoàng, Bình Tân, TP.HCM",Bình Tân,5.0,2.0,5.0,nhà phố
8945012726,86.0,"104 Lê Lợi, Quận 12, TP.HCM",Quận 12,1.0,3.0,,căn hộ
12685525128,108.1,"109 Cách Mạng Tháng 8, Gò Vấp, TP.HCM",Gò Vấp,,,,đất nền
20671256898,134.9,"13 Đinh Tiên Hoàng, Quận 6, TP.HCM",Quận 6,1.0,2.0,,căn hộ
2145287853,31.8,"222 Phan Xích Long, Bình Tân, TP.HCM",Bình Tân,1.0,1.0,,căn hộ
12929818862,103.7,"170 Nguyễn Văn Trỗi, Quận 12, TP.HCM",Quận 12,5.0,3.0,5.0,nhà phố
10845287315,91.0,"236 Ngô Gia Tự, Gò Vấp, TP.HCM",Gò Vấp,2.0,1.0,4.0,nhà phố
22536112528,193.9,"104 Nguyễn Thị Minh Khai, Nhà Bè, TP.HCM",Nhà Bè,2.0,2.0,2.0,nhà phố
2843557533,29.8,"134 Bùi Thị Xuân, Quận 4, TP.HCM",Quận 4,3.0,1.0,3.0,nhà trọ / phòng
74174960428,451.4,"118 Võ Văn Tần, Quận 9, TP.HCM",Quận 9,5.0,3.0,3.0,biệt thự
1701575978,30.4,"34 Điện Biên Phủ, Quận 9, TP.HCM",Quận 9,3.0,3.0,1.0,nhà hẻm
2698735189,55.2,"157 Võ Văn Tần, Bình Chánh, TP.HCM",Bình Chánh,2.0,2.0,1.0,nhà trọ / phòng
17525053567,292.7,"27 Phó Đức Chính, Cần Giờ, TP.HCM",Cần Giờ,,,,đất nền
4060408999,62.9,"53 Nam Kỳ Khởi Nghĩa, Bình Chánh, TP.HCM",Bình Chánh,2.0,2.0,4.0,nhà phố
28524714477,282.4,"24 Lê Lợi, Bình Tân, TP.HCM",Bình Tân,,,,đất nền
6438093410,79.4,"42 Điện Biên Phủ, Bình Tân, TP.HCM",Bình Tân,,,,đất nền
8043581095,81.3,"140 Cách Mạng Tháng 8, Gò Vấp, TP.HCM",Gò Vấp,1.0,1.0,,căn hộ
14342984403,96.3,"231 Lê Lợi, Quận 2, TP.HCM",Quận 2,4.0,1.0,,căn hộ
21105795602,75.0,"222 Nguyễn Thị Minh Khai, Quận 10, TP.HCM",Quận 10,3.0,3.0,4.0,nhà hẻm
4785899452,38.3,"206 Tô Hiến Thành, Quận 6, TP.HCM",Quận 6,3.0,1.0,2.0,nhà hẻm
2994130449,43.6,"57 Phạm Văn Đồng, Bình Tân, TP.HCM",Bình Tân,2.0,3.0,1.0,nhà hẻm
3130791552,34.0,"222 Điện Biên Phủ, Quận 6, TP.HCM",Quận 6,1.0,1.0,1.0,nhà trọ / phòng
17275947263,51.3,"46 Điện Biên Phủ, Quận 3, TP.HCM",Quận 3,4.0,2.0,3.0,nhà hẻm
2073635349,21.5,"131 Hai Bà Trưng, Tân Phú, TP.HCM",Tân Phú,3.0,2.0,2.0,nhà trọ / phòng
3337127179,27.6,"185 Phó Đức Chính, Quận 4, TP.HCM",Quận 4,1.0,2.0,1.0,nhà trọ / phòng
2928670065,39.8,"185 Đinh Tiên Hoàng, Bình Chánh, TP.HCM",Bình Chánh,3.0,1.0,3.0,nhà hẻm
9078566008,110.0,"108 Phan Xích Long, Hóc Môn, TP.HCM",Hóc Môn,3.0,2.0,,căn hộ
11264425442,119.8,"78 Nguyễn Huệ, Bình Tân, TP.HCM",Bình Tân,2.0,3.0,,căn hộ
10690015926,99.6,"122 Ngô Gia Tự, Quận 8, TP.HCM",Quận 8,3.0,2.0,,căn hộ
4598965189,49.4,"24 Nam Kỳ Khởi Nghĩa, Thủ Đức, TP.HCM",Thủ Đức,3.0,1.0,2.0,nhà trọ / phòng
4788357257,75.5,"157 Phạm Văn Đồng, Thủ Đức, TP.HCM",Thủ Đức,2.0,1.0,2.0,nhà hẻm
10373056455,109.2,"2 Nguyễn Đình Chiểu, Nhà Bè, TP.HCM",Nhà Bè,3.0,4.0,5.0,nhà phố
37795920767,449.6,"133 Nguyễn Đình Chiểu, Hóc Môn, TP.HCM",Hóc Môn,,,,đất nền
9354788092,140.1,"144 Ngô Gia Tự, Quận 12, TP.HCM",Quận 12,1.0,2.0,,căn hộ
4395432802,55.7,"116 Phạm Văn Đồng, Tân Phú, TP.HCM",Tân Phú,3.0,2.0,3.0,nhà trọ / phòng
21602487429,143.8,"70 Nguyễn Thị Minh Khai, Quận 8, TP.HCM",Quận 8,5.0,2.0,4.0,nhà phố
1804801960,23.2,"107 Trần Hưng Đạo, Quận 9, TP.HCM",Quận 9,1.0,1.0,2.0,nhà trọ / phòng
7439783764,79.9,"6 Nguyễn Đình Chiểu, Quận 12, TP.HCM",Quận 12,2.0,2.0,,căn hộ
5539981578,53.5,"138 Tô Hiến Thành, Nhà Bè, TP.HCM",Nhà Bè,2.0,2.0,3.0,nhà hẻm
10333138300,102.4,"100 Nguyễn Huệ, Gò Vấp, TP.HCM",Gò Vấp,2.0,2.0,,căn hộ
6176421819,55.3,"152 Trường Chinh, Quận 9, TP.HCM",Quận 9,2.0,2.0,2.0,nhà hẻm
20950436939,144.6,"117 Phan Xích Long, Tân Bình, TP.HCM",Tân Bình,3.0,4.0,3.0,nhà phố
4869401193,53.4,"244 Lê Lợi, Quận 9, TP.HCM",Quận 9,3.0,2.0,1.0,nhà hẻm
8371255543,83.6,"160 Nguyễn Huệ, Quận 9, TP.HCM",Quận 9,4.0,1.0,1.0,nhà hẻm
44364312898,148.8,"247 Hai Bà Trưng, Quận 5, TP.HCM",Quận 5,3.0,4.0,4.0,nhà phố
37036616666,172.0,"102 Trường Chinh, Gò Vấp, TP.HCM",Gò Vấp,4.0,1.0,2.0,nhà phố
14929956735,136.8,"204 Đinh Tiên Hoàng, Bình Chánh, TP.HCM",Bình Chánh,3.0,1.0,4.0,nhà phố
1728329382,51.0,"218 Nguyễn Huệ, Cần Giờ, TP.HCM",Cần Giờ,3.0,3.0,3.0,nhà hẻm
9729242009,82.0,"112 Cách Mạng Tháng 8, Quận 12, TP.HCM",Quận 12,3.0,3.0,,căn hộ
14504304053,108.1,"83 Điện Biên Phủ, Quận 6, TP.HCM",Quận 6,4.0,2.0,,căn hộ
10199091371,98.1,"146 Lê Văn Sỹ, Nhà Bè, TP.HCM",Nhà Bè,,,,đất nền
3599704648,33.4,"88 Điện Biên Phủ, Tân Phú, TP.HCM",Tân Phú,3.0,1.0,,căn hộ
14421952802,135.6,"126 Tô Hiến Thành, Quận 8, TP.HCM",Quận 8,1.0,3.0,,căn hộ
17530836165,118.8,"63 Nguyễn Đình Chiểu, Tân Bình, TP.HCM",Tân Bình,5.0,4.0,2.0,nhà phố
10527793826,86.8,"180 Lý Thường Kiệt, Quận 9, TP.HCM",Quận 9,3.0,2.0,,căn hộ
4049059495,57.7,"48 Nguyễn Đình Chiểu, Quận 12, TP.HCM",Quận 12,2.0,2.0,,căn hộ
8319414544,45.7,"59 Võ Văn Tần, Quận 6, TP.HCM",Quận 6,4.0,3.0,3.0,nhà hẻm
14371121832,115.0,"179 Võ Văn Tần, Quận 10, TP.HCM",Quận 10,2.0,2.0,,căn hộ
4849222385,81.5,"248 Hoàng Văn Thụ, Bình Chánh, TP.HCM",Bình Chánh,2.0,1.0,3.0,nhà hẻm
4756716180,39.1,"39 Lê Lợi, Quận 2, TP.HCM",Quận 2,1.0,2.0,2.0,nhà trọ / phòng
13740472385,66.5,"203 Hai Bà Trưng, Quận 5, TP.HCM",Quận 5,2.0,1.0,,căn hộ
5763253812,53.5,"246 Hai Bà Trưng, Tân Phú, TP.HCM",Tân Phú,3.0,2.0,4.0,nhà hẻm
1826727579,28.3,"20 Nguyễn Văn Trỗi, Gò Vấp, TP.HCM",Gò Vấp,1.0,2.0,3.0,nhà trọ / phòng
9883076910,112.7,"180 Võ Văn Tần, Quận 6, TP.HCM",Quận 6,4.0,2.0,,căn hộ
6487222019,81.2,"233 Cách Mạng Tháng 8, Nhà Bè, TP.HCM",Nhà Bè,4.0,2.0,5.0,nhà phố
6570548139,54.2,"104 Nguyễn Đình Chiểu, Quận 8, TP.HCM",Quận 8,4.0,3.0,5.0,nhà phố
3861507720,89.3,"155 Nam Kỳ Khởi Nghĩa, Bình Chánh, TP.HCM",Bình Chánh,1.0,3.0,,căn hộ
25759518665,194.1,"167 Ngô Gia Tự, Quận 8, TP.HCM",Quận 8,2.0,3.0,2.0,nhà phố
105367119828,598.6,"172 Nam Kỳ Khởi Nghĩa, Quận 12, TP.HCM",Quận 12,6.0,5.0,2.0,biệt thự
27490594616,108.8,"23 Lê Văn Sỹ, Quận 4, TP.HCM",Quận 4,5.0,3.0,5.0,nhà phố
13807745561,146.4,"119 Nguyễn Văn Trỗi, Quận 9, TP.HCM",Quận 9,4.0,3.0,,căn hộ
11091984388,101.1,"113 Võ Văn Tần, Quận 12, TP.HCM",Quận 12,5.0,4.0,2.0,nhà phố
1911178491,33.5,"105 Nguyễn Văn Trỗi, Hóc Môn, TP.HCM",Hóc Môn,2.0,3.0,,căn hộ
7455181701,56.5,"75 Nguyễn Đình Chiểu, Quận 4, TP.HCM",Quận 4,2.0,1.0,3.0,nhà trọ / phòng
153045630400,525.6,"131 Hai Bà Trưng, Bình Thạnh, TP.HCM",Bình Thạnh,6.0,3.0,3.0,biệt thự
11226493330,55.8,"215 Võ Văn Tần, Gò Vấp, TP.HCM",Gò Vấp,5.0,3.0,4.0,nhà phố
3196578443,39.6,"97 Nguyễn Văn Trỗi, Tân Phú, TP.HCM",Tân Phú,1.0,2.0,3.0,nhà trọ / phòng
5129209750,52.6,"12 Tô Hiến Thành, Quận 12, TP.HCM",Quận 12,2.0,3.0,,căn hộ
18934291283,139.6,"39 Bà Huyện Thanh Quan, Quận 9, TP.HCM",Quận 9,4.0,2.0,,căn hộ
22195048490,122.9,"185 Nguyễn Huệ, Bình Thạnh, TP.HCM",Bình Thạnh,4.0,1.0,5.0,nhà phố
99651774099,486.8,"87 Điện Biên Phủ, Quận 5, TP.HCM",Quận 5,,,,đất nền
4490255093,39.6,"161 Nam Kỳ Khởi Nghĩa, Bình Tân, TP.HCM",Bình Tân,3.0,3.0,,căn hộ
9818640078,90.4,"59 Võ Văn Tần, Gò Vấp, TP.HCM",Gò Vấp,2.0,3.0,1.0,nhà hẻm
3713261308,41.8,"12 Nguyễn Huệ, Gò Vấp, TP.HCM",Gò Vấp,1.0,2.0,,căn hộ
12860355440,100.6,"44 Hoàng Văn Thụ, Quận 9, TP.HCM",Quận 9,5.0,2.0,3.0,nhà phố
7172507350,53.7,"164 Lê Văn Sỹ, Quận 6, TP.HCM",Quận 6,4.0,1.0,4.0,nhà hẻm
27586534762,154.2,"151 Lý Thường Kiệt, Quận 8, TP.HCM",Quận 8,6.0,4.0,4.0,biệt thự
4791667448,47.6,"61 Đinh Tiên Hoàng, Quận 9, TP.HCM",Quận 9,2.0,2.0,1.0,nhà trọ / phòng
14690711997,65.5,"3 Điện Biên Phủ, Quận 11, TP.HCM",Quận 11,3.0,1.0,,căn hộ
15893936598,80.9,"156 Nguyễn Thị Minh Khai, Tân Bình, TP.HCM",Tân Bình,2.0,3.0,4.0,nhà hẻm
15031887678,74.5,"202 Võ Văn Tần, Thủ Đức, TP.HCM",Thủ Đức,4.0,2.0,2.0,nhà phố
8959172644,117.9,"34 Phan Xích Long, Quận 12, TP.HCM",Quận 12,1.0,2.0,,căn hộ
25696545992,221.0,"66 Hoàng Văn Thụ, Thủ Đức, TP.HCM",Thủ Đức,,,,đất nền
2445107166,58.7,"221 Nguyễn Thị Minh Khai, Bình Chánh, TP.HCM",Bình Chánh,2.0,2.0,1.0,nhà trọ / phòng
4982382463,54.8,"32 Nguyễn Văn Trỗi, Bình Tân, TP.HCM",Bình Tân,4.0,2.0,1.0,nhà hẻm
4895712095,75.4,"159 Nguyễn Huệ, Quận 12, TP.HCM",Quận 12,4.0,2.0,3.0,nhà hẻm
8100249267,139.8,"78 Nguyễn Đình Chiểu, Hóc Môn, TP.HCM",Hóc Môn,2.0,3.0,,căn hộ
4374159862,52.0,"35 Nguyễn Văn Trỗi, Bình Tân, TP.HCM",Bình Tân,2.0,3.0,5.0,nhà phố
26036245605,143.9,"168 Tô Hiến Thành, Quận 11, TP.HCM",Quận 11,4.0,3.0,,căn hộ
11406657740,79.0,"244 Lê Văn Sỹ, Quận 4, TP.HCM",Quận 4,3.0,1.0,,căn hộ
36024302300,147.7,"102 Lê Lợi, Quận 7, TP.HCM",Quận 7,3.0,3.0,,căn hộ
3991646677,58.0,"13 Nguyễn Huệ, Quận 8, TP.HCM",Quận 8,2.0,1.0,3.0,nhà trọ / phòng
10935480720,64.5,"85 Nguyễn Thị Minh Khai, Thủ Đức, TP.HCM",Thủ Đức,3.0,1.0,3.0,nhà phố
8577541995,69.7,"170 Đinh Tiên Hoàng, Thủ Đức, TP.HCM",Thủ Đức,3.0,1.0,2.0,nhà hẻm
7453090997,100.5,"135 Tô Hiến Thành, Nhà Bè, TP.HCM",Nhà Bè,3.0,3.0,2.0,nhà phố
26416051311,114.5,"187 Lê Lợi, Quận 4, TP.HCM",Quận 4,4.0,1.0,5.0,nhà phố
41483113615,289.4,"123 Lê Lợi, Thủ Đức, TP.HCM",Thủ Đức,,,,đất nền
4250600442,43.0,"17 Cách Mạng Tháng 8, Nhà Bè, TP.HCM",Nhà Bè,4.0,1.0,,căn hộ
13416808516,68.9,"130 Lê Văn Sỹ, Quận 4, TP.HCM",Quận 4,4.0,2.0,4.0,nhà hẻm
28917553999,153.8,"103 Lê Văn Sỹ, Tân Phú, TP.HCM",Tân Phú,3.0,4.0,5.0,nhà phố
15718934131,111.1,"213 Trần Hưng Đạo, Quận 12, TP.HCM",Quận 12,4.0,3.0,3.0,nhà phố
38345173770,119.4,"144 Nguyễn Văn Trỗi, Quận 3, TP.HCM",Quận 3,3.0,1.0,,căn hộ
12240583857,99.8,"130 Bùi Thị Xuân, Quận 9, TP.HCM",Quận 9,5.0,1.0,4.0,nhà phố
4839811856,41.8,"207 Nguyễn Thị Minh Khai, Quận 7, TP.HCM",Quận 7,2.0,2.0,3.0,nhà hẻm
15628853530,122.1,"8 Điện Biên Phủ, Quận 12, TP.HCM",Quận 12,1.0,3.0,,căn hộ
4087764617,48.2,"103 Phó Đức Chính, Quận 6, TP.HCM",Quận 6,3.0,2.0,1.0,nhà hẻm
26253182841,97.9,"95 Hoàng Văn Thụ, Quận 3, TP.HCM",Quận 3,2.0,3.0,2.0,nhà hẻm
9795432417,143.0,"173 Lê Lợi, Quận 9, TP.HCM",Quận 9,1.0,1.0,,căn hộ
24446495594,80.9,"89 Đinh Tiên Hoàng, Quận 3, TP.HCM",Quận 3,4.0,2.0,,căn hộ
69417887891,455.3,"15 Hai Bà Trưng, Quận 12, TP.HCM",Quận 12,6.0,6.0,4.0,biệt thự
16423184545,55.3,"192 Phạm Văn Đồng, Quận 1, TP.HCM",Quận 1,2.0,2.0,,căn hộ
15842431123,127.6,"5 Tô Hiến Thành, Quận 12, TP.HCM",Quận 12,3.0,3.0,2.0,nhà phố
10741952428,93.5,"44 Nam Kỳ Khởi Nghĩa, Quận 12, TP.HCM",Quận 12,5.0,4.0,5.0,nhà phố
10901432794,87.4,"103 Bùi Thị Xuân, Thủ Đức, TP.HCM",Thủ Đức,3.0,1.0,4.0,nhà hẻm
11905350142,67.2,"163 Ngô Gia Tự, Phú Nhuận, TP.HCM",Phú Nhuận,3.0,1.0,,căn hộ
25865518635,138.7,"61 Cách Mạng Tháng 8, Quận 4, TP.HCM",Quận 4,3.0,2.0,,căn hộ
77079351039,228.1,"194 Lê Văn Sỹ, Quận 4, TP.HCM",Quận 4,4.0,2.0,2.0,biệt thự
15022002320,111.7,"114 Phạm Văn Đồng, Tân Bình, TP.HCM",Tân Bình,3.0,3.0,,căn hộ
5517113091,69.4,"95 Lê Lợi, Bình Tân, TP.HCM",Bình Tân,3.0,3.0,1.0,nhà hẻm
24424823922,179.0,"116 Lê Lợi, Nhà Bè, TP.HCM",Nhà Bè,2.0,4.0,5.0,nhà phố
2640551126,52.6,"208 Đinh Tiên Hoàng, Hóc Môn, TP.HCM",Hóc Môn,4.0,3.0,,căn hộ
6497185566,115.7,"135 Lê Văn Sỹ, Hóc Môn, TP.HCM",Hóc Môn,2.0,1.0,,căn hộ
41167961382,102.8,"203 Lê Lợi, Phú Nhuận, TP.HCM",Phú Nhuận,4.0,4.0,5.0,nhà phố
6457691572,69.6,"224 Hai Bà Trưng, Bình Tân, TP.HCM",Bình Tân,4.0,2.0,,căn hộ
38371208590,147.9,"80 Trần Hưng Đạo, Quận 5, TP.HCM",Quận 5,4.0,3.0,5.0,nhà phố
7304469671,49.6,"5 Lý Thường Kiệt, Tân Bình, TP.HCM",Tân Bình,2.0,3.0,1.0,nhà hẻm
24211921786,78.2,"217 Võ Văn Tần, Quận 10, TP.HCM",Quận 10,5.0,2.0,3.0,nhà phố
10034250686,94.8,"153 Cách Mạng Tháng 8, Thủ Đức, TP.HCM",Thủ Đức,1.0,3.0,,căn hộ
47369231155,173.9,"249 Nguyễn Thị Minh Khai, Quận 10, TP.HCM",Quận 10,3.0,4.0,2.0,nhà phố
86829117205,486.8,"232 Phạm Văn Đồng, Quận 12, TP.HCM",Quận 12,6.0,3.0,4.0,biệt thự
16005942585,143.7,"136 Ngô Gia Tự, Nhà Bè, TP.HCM",Nhà Bè,4.0,2.0,,căn hộ
11469987288,76.0,"240 Nguyễn Văn Trỗi, Quận 12, TP.HCM",Quận 12,3.0,3.0,2.0,nhà phố
69488662199,434.5,"116 Điện Biên Phủ, Quận 4, TP.HCM",Quận 4,,,,đất nền
13502247645,112.8,"129 Trường Chinh, Hóc Môn, TP.HCM",Hóc Môn,3.0,4.0,4.0,nhà phố
5918231829,39.8,"167 Nguyễn Đình Chiểu, Quận 10, TP.HCM",Quận 10,2.0,1.0,,căn hộ
5062354942,50.9,"5 Trần Hưng Đạo, Quận 9, TP.HCM",Quận 9,5.0,2.0,5.0,nhà phố
39734911852,301.5,"199 Đinh Tiên Hoàng, Quận 8, TP.HCM",Quận 8,,,,đất nền
4528677375,35.7,"215 Đinh Tiên Hoàng, Quận 8, TP.HCM",Quận 8,4.0,3.0,,căn hộ
1727092815,32.0,"91 Hai Bà Trưng, Hóc Môn, TP.HCM",Hóc Môn,2.0,3.0,,căn hộ
20806545673,109.7,"140 Ngô Gia Tự, Quận 7, TP.HCM",Quận 7,1.0,3.0,,căn hộ
6156129738,42.2,"192 Điện Biên Phủ, Bình Thạnh, TP.HCM",Bình Thạnh,2.0,2.0,1.0,nhà trọ / phòng
25062102702,50.9,"35 Nam Kỳ Khởi Nghĩa, Quận 1, TP.HCM",Quận 1,4.0,3.0,1.0,nhà hẻm
28215830099,127.6,"47 Bà Huyện Thanh Quan, Quận 2, TP.HCM",Quận 2,2.0,3.0,,căn hộ
22455466008,165.3,"81 Lê Lợi, Thủ Đức, TP.HCM",Thủ Đức,5.0,1.0,4.0,nhà phố
7511261410,148.7,"92 Võ Văn Tần, Bình Chánh, TP.HCM",Bình Chánh,4.0,2.0,,căn hộ
15124903141,146.6,"230 Lê Văn Sỹ, Nhà Bè, TP.HCM",Nhà Bè,4.0,1.0,4.0,nhà phố
3907101398,52.4,"187 Trần Hưng Đạo, Củ Chi, TP.HCM",Củ Chi,4.0,2.0,,căn hộ
10386049924,149.4,"170 Nam Kỳ Khởi Nghĩa, Quận 12, TP.HCM",Quận 12,2.0,3.0,,căn hộ
9688385128,116.1,"158 Lý Thường Kiệt, Quận 9, TP.HCM",Quận 9,2.0,3.0,,căn hộ
50620250404,591.0,"41 Phó Đức Chính, Cần Giờ, TP.HCM",Cần Giờ,3.0,2.0,4.0,biệt thự
9806632975,139.2,"93 Lý Thường Kiệt, Bình Chánh, TP.HCM",Bình Chánh,5.0,1.0,3.0,nhà phố
18887170365,102.6,"36 Bùi Thị Xuân, Quận 11, TP.HCM",Quận 11,4.0,2.0,,căn hộ
14715083013,107.9,"100 Ngô Gia Tự, Phú Nhuận, TP.HCM",Phú Nhuận,2.0,1.0,,căn hộ
20421150153,165.1,"32 Phan Xích Long, Bình Chánh, TP.HCM",Bình Chánh,5.0,2.0,4.0,nhà phố
25005484175,71.8,"139 Nguyễn Văn Trỗi, Quận 5, TP.HCM",Quận 5,5.0,1.0,4.0,nhà phố
35219176867,220.9,"61 Cách Mạng Tháng 8, Quận 9, TP.HCM",Quận 9,4.0,4.0,4.0,biệt thự
18917631815,130.9,"102 Võ Văn Tần, Thủ Đức, TP.HCM",Thủ Đức,4.0,4.0,3.0,nhà phố
2003267406,64.4,"116 Trần Hưng Đạo, Cần Giờ, TP.HCM",Cần Giờ,3.0,3.0,1.0,nhà hẻm
4452077148,45.4,"213 Lê Lợi, Quận 12, TP.HCM",Quận 12,2.0,1.0,,căn hộ
17591539447,70.5,"217 Võ Văn Tần, Quận 4, TP.HCM",Quận 4,4.0,2.0,4.0,nhà phố
72719107344,193.2,"44 Bà Huyện Thanh Quan, Quận 3, TP.HCM",Quận 3,4.0,2.0,4.0,nhà phố
5090888667,50.5,"12 Trần Hưng Đạo, Tân Phú, TP.HCM",Tân Phú,3.0,3.0,,căn hộ
2637493020,44.8,"140 Bà Huyện Thanh Quan, Bình Chánh, TP.HCM",Bình Chánh,2.0,3.0,4.0,nhà hẻm
2856236411,39.3,"113 Hoàng Văn Thụ, Quận 9, TP.HCM",Quận 9,3.0,2.0,2.0,nhà trọ / phòng
7421519919,70.8,"250 Lý Thường Kiệt, Quận 12, TP.HCM",Quận 12,2.0,2.0,,căn hộ
9304280415,63.6,"37 Nguyễn Thị Minh Khai, Quận 11, TP.HCM",Quận 11,2.0,2.0,2.0,nhà hẻm
138874345050,322.9,"240 Nam Kỳ Khởi Nghĩa, Quận 4, TP.HCM",Quận 4,7.0,5.0,2.0,biệt thự
21370837834,121.6,"6 Phạm Văn Đồng, Tân Bình, TP.HCM",Tân Bình,4.0,3.0,,căn hộ
10459143129,84.9,"127 Võ Văn Tần, Quận 4, TP.HCM",Quận 4,2.0,1.0,,căn hộ
33369615890,355.9,"111 Đinh Tiên Hoàng, Tân Phú, TP.HCM",Tân Phú,,,,đất nền
128726458324,314.6,"93 Phan Xích Long, Quận 5, TP.HCM",Quận 5,6.0,4.0,2.0,biệt thự
28762262210,123.2,"143 Nam Kỳ Khởi Nghĩa, Tân Bình, TP.HCM",Tân Bình,4.0,1.0,3.0,nhà phố
1600144819,39.9,"206 Nam Kỳ Khởi Nghĩa, Bình Chánh, TP.HCM",Bình Chánh,4.0,2.0,1.0,nhà hẻm
17879235536,102.8,"158 Trường Chinh, Bình Thạnh, TP.HCM",Bình Thạnh,2.0,2.0,,căn hộ
84714481794,301.4,"95 Nguyễn Huệ, Gò Vấp, TP.HCM",Gò Vấp,7.0,6.0,3.0,biệt thự
11623039312,109.6,"148 Bùi Thị Xuân, Quận 9, TP.HCM",Quận 9,4.0,1.0,5.0,nhà phố
23353988987,119.5,"49 Đinh Tiên Hoàng, Quận 7, TP.HCM",Quận 7,5.0,2.0,3.0,nhà phố
19267848111,48.2,"224 Phạm Văn Đồng, Quận 1, TP.HCM",Quận 1,2.0,2.0,,căn hộ
8362659437,77.9,"81 Trường Chinh, Nhà Bè, TP.HCM",Nhà Bè,4.0,1.0,3.0,nhà hẻm
6788707019,94.0,"206 Bà Huyện Thanh Quan, Củ Chi, TP.HCM",Củ Chi,3.0,3.0,,căn hộ
4682752802,39.4,"198 Võ Văn Tần, Gò Vấp, TP.HCM",Gò Vấp,2.0,2.0,3.0,nhà hẻm
23151484891,154.3,"74 Điện Biên Phủ, Quận 9, TP.HCM",Quận 9,4.0,4.0,4.0,nhà phố
6317133151,53.5,"21 Nguyễn Đình Chiểu, Quận 4, TP.HCM",Quận 4,3.0,2.0,2.0,nhà hẻm
4476310727,60.8,"179 Nguyễn Văn Trỗi, Quận 9, TP.HCM",Quận 9,4.0,1.0,,căn hộ
23458059030,159.8,"60 Bà Huyện Thanh Quan, Quận 8, TP.HCM",Quận 8,3.0,2.0,2.0,nhà phố
22622965690,116.1,"238 Nguyễn Văn Trỗi, Quận 2, TP.HCM",Quận 2,1.0,3.0,,căn hộ
11534854822,91.0,"166 Võ Văn Tần, Quận 6, TP.HCM",Quận 6,3.0,2.0,2.0,nhà hẻm
16418137163,73.9,"240 Hoàng Văn Thụ, Quận 2, TP.HCM",Quận 2,2.0,3.0,1.0,nhà hẻm
2731315494,35.9,"3 Lê Lợi, Bình Chánh, TP.HCM",Bình Chánh,2.0,1.0,3.0,nhà trọ / phòng
11286731756,94.6,"228 Phạm Văn Đồng, Quận 9, TP.HCM",Quận 9,3.0,2.0,4.0,nhà hẻm
13512025153,265.9,"188 Hoàng Văn Thụ, Bình Chánh, TP.HCM",Bình Chánh,,,,đất nền
41760063845,233.8,"220 Hai Bà Trưng, Quận 12, TP.HCM",Quận 12,5.0,4.0,4.0,biệt thự
6021562155,81.3,"123 Cách Mạng Tháng 8, Bình Tân, TP.HCM",Bình Tân,3.0,1.0,,căn hộ
12500483176,85.4,"3 Bùi Thị Xuân, Quận 9, TP.HCM",Quận 9,3.0,4.0,4.0,nhà phố
4878358603,58.4,"237 Ngô Gia Tự, Quận 8, TP.HCM",Quận 8,1.0,2.0,,căn hộ
2776588617,48.3,"123 Cách Mạng Tháng 8, Hóc Môn, TP.HCM",Hóc Môn,2.0,3.0,3.0,nhà hẻm
19669113448,70.4,"196 Phan Xích Long, Quận 5, TP.HCM",Quận 5,3.0,3.0,4.0,nhà hẻm
8916681283,90.5,"29 Bùi Thị Xuân, Quận 8, TP.HCM",Quận 8,2.0,3.0,4.0,nhà hẻm
16524911927,90.7,"175 Đinh Tiên Hoàng, Quận 2, TP.HCM",Quận 2,2.0,1.0,,căn hộ
7221725075,40.9,"145 Lê Văn Sỹ, Quận 7, TP.HCM",Quận 7,4.0,1.0,,căn hộ
17664236371,126.8,"149 Phan Xích Long, Quận 2, TP.HCM",Quận 2,1.0,2.0,,căn hộ
40625892404,114.0,"105 Võ Văn Tần, Quận 3, TP.HCM",Quận 3,1.0,1.0,,căn hộ
28586997585,144.4,"97 Trường Chinh, Quận 6, TP.HCM",Quận 6,5.0,3.0,5.0,nhà phố
10090209563,55.0,"33 Ngô Gia Tự, Quận 3, TP.HCM",Quận 3,1.0,2.0,1.0,nhà trọ / phòng
8597378437,45.5,"98 Nguyễn Văn Trỗi, Gò Vấp, TP.HCM",Gò Vấp,2.0,3.0,5.0,nhà phố
8370222459,98.7,"197 Hai Bà Trưng, Nhà Bè, TP.HCM",Nhà Bè,4.0,2.0,2.0,nhà phố
1029198851,29.6,"224 Nguyễn Đình Chiểu, Bình Chánh, TP.HCM",Bình Chánh,1.0,1.0,3.0,nhà trọ / phòng
14263759872,55.2,"129 Cách Mạng Tháng 8, Quận 2, TP.HCM",Quận 2,2.0,3.0,2.0,nhà hẻm
8887062275,187.0,"134 Phó Đức Chính, Cần Giờ, TP.HCM",Cần Giờ,4.0,3.0,3.0,nhà phố
7528285681,37.3,"249 Lê Lợi, Quận 7, TP.HCM",Quận 7,2.0,3.0,,căn hộ
4268869905,53.6,"194 Hoàng Văn Thụ, Quận 9, TP.HCM",Quận 9,4.0,2.0,4.0,nhà hẻm
18997623007,79.9,"136 Nguyễn Văn Trỗi, Tân Bình, TP.HCM",Tân Bình,3.0,4.0,2.0,nhà phố
18423608103,76.5,"14 Phan Xích Long, Quận 5, TP.HCM",Quận 5,2.0,4.0,4.0,nhà phố
7495845998,70.2,"78 Nam Kỳ Khởi Nghĩa, Quận 8, TP.HCM",Quận 8,2.0,1.0,2.0,nhà hẻm
16502481709,190.3,"235 Trường Chinh, Củ Chi, TP.HCM",Củ Chi,2.0,4.0,3.0,nhà phố
12369031466,64.0,"132 Lý Thường Kiệt, Quận 7, TP.HCM",Quận 7,4.0,3.0,,căn hộ
11291981491,126.3,"12 Tô Hiến Thành, Hóc Môn, TP.HCM",Hóc Môn,4.0,2.0,,căn hộ
10750343621,67.6,"146 Trường Chinh, Tân Bình, TP.HCM",Tân Bình,4.0,4.0,4.0,nhà phố
10554406661,108.6,"190 Bà Huyện Thanh Quan, Nhà Bè, TP.HCM",Nhà Bè,3.0,2.0,,căn hộ
31733698253,168.2,"246 Bà Huyện Thanh Quan, Bình Thạnh, TP.HCM",Bình Thạnh,3.0,2.0,5.0,nhà phố
38381572924,176.2,"182 Trần Hưng Đạo, Quận 2, TP.HCM",Quận 2,2.0,1.0,5.0,nhà phố
24964242618,115.7,"4 Tô Hiến Thành, Quận 5, TP.HCM",Quận 5,2.0,4.0,5.0,nhà phố
33256329662,65.2,"236 Đinh Tiên Hoàng, Quận 1, TP.HCM",Quận 1,3.0,1.0,4.0,nhà hẻm
14970242597,74.7,"118 Trường Chinh, Quận 4, TP.HCM",Quận 4,4.0,3.0,4.0,nhà phố
4481516916,29.0,"24 Lê Lợi, Tân Bình, TP.HCM",Tân Bình,3.0,1.0,3.0,nhà trọ / phòng
6215693221,87.1,"166 Tô Hiến Thành, Quận 12, TP.HCM",Quận 12,1.0,3.0,,căn hộ
16895494272,133.0,"228 Nguyễn Đình Chiểu, Thủ Đức, TP.HCM",Thủ Đức,1.0,3.0,,căn hộ
160711457479,565.9,"5 Nam Kỳ Khởi Nghĩa, Tân Bình, TP.HCM",Tân Bình,5.0,6.0,4.0,biệt thự
5821209849,120.3,"214 Bùi Thị Xuân, Củ Chi, TP.HCM",Củ Chi,4.0,1.0,,căn hộ
6828286212,65.5,"129 Trần Hưng Đạo, Nhà Bè, TP.HCM",Nhà Bè,3.0,3.0,2.0,nhà hẻm
5039608127,41.7,"102 Hai Bà Trưng, Gò Vấp, TP.HCM",Gò Vấp,2.0,1.0,,căn hộ
4906844112,106.1,"111 Trường Chinh, Củ Chi, TP.HCM",Củ Chi,4.0,2.0,,căn hộ
8746801531,75.6,"98 Cách Mạng Tháng 8, Quận 6, TP.HCM",Quận 6,3.0,1.0,,căn hộ
8608589712,80.5,"93 Lê Văn Sỹ, Gò Vấp, TP.HCM",Gò Vấp,3.0,2.0,1.0,nhà hẻm
5996616999,58.5,"24 Nguyễn Văn Trỗi, Thủ Đức, TP.HCM",Thủ Đức,5.0,4.0,5.0,nhà phố
8011065127,89.8,"232 Nguyễn Văn Trỗi, Tân Phú, TP.HCM",Tân Phú,2.0,2.0,4.0,nhà hẻm
6178213922,125.8,"17 Cách Mạng Tháng 8, Cần Giờ, TP.HCM",Cần Giờ,5.0,2.0,3.0,nhà phố
85019055562,284.9,"153 Phạm Văn Đồng, Quận 6, TP.HCM",Quận 6,3.0,4.0,3.0,biệt thự
4766162850,46.3,"113 Nam Kỳ Khởi Nghĩa, Tân Phú, TP.HCM",Tân Phú,1.0,2.0,,căn hộ
49615696146,438.2,"155 Nam Kỳ Khởi Nghĩa, Quận 9, TP.HCM",Quận 9,,,,đất nền
10744354313,93.7,"201 Bùi Thị Xuân, Bình Chánh, TP.HCM",Bình Chánh,5.0,3.0,4.0,nhà phố
17998513536,128.0,"140 Bùi Thị Xuân, Quận 7, TP.HCM",Quận 7,4.0,2.0,,căn hộ
2991845854,27.0,"18 Nguyễn Đình Chiểu, Quận 6, TP.HCM",Quận 6,4.0,2.0,2.0,nhà hẻm
5288097705,55.7,"109 Nguyễn Đình Chiểu, Thủ Đức, TP.HCM",Thủ Đức,3.0,1.0,3.0,nhà hẻm
37522931106,198.6,"180 Lý Thường Kiệt, Thủ Đức, TP.HCM",Thủ Đức,5.0,4.0,5.0,nhà phố
8625873994,106.6,"43 Lý Thường Kiệt, Hóc Môn, TP.HCM",Hóc Môn,1.0,1.0,,căn hộ
17086549704,197.5,"131 Nguyễn Thị Minh Khai, Bình Tân, TP.HCM",Bình Tân,5.0,3.0,5.0,nhà phố
12789060674,112.5,"151 Phó Đức Chính, Gò Vấp, TP.HCM",Gò Vấp,2.0,2.0,,căn hộ
38727143348,199.6,"213 Đinh Tiên Hoàng, Gò Vấp, TP.HCM",Gò Vấp,5.0,1.0,4.0,nhà phố
6737914444,93.3,"116 Nguyễn Đình Chiểu, Bình Chánh, TP.HCM",Bình Chánh,5.0,2.0,5.0,nhà phố
13458654082,127.2,"205 Phó Đức Chính, Quận 9, TP.HCM",Quận 9,1.0,1.0,,căn hộ
3187717531,29.8,"205 Nguyễn Thị Minh Khai, Quận 6, TP.HCM",Quận 6,1.0,1.0,2.0,nhà trọ / phòng
25045768117,144.3,"152 Lê Văn Sỹ, Quận 12, TP.HCM",Quận 12,5.0,4.0,2.0,nhà phố
11433623090,78.3,"84 Lý Thường Kiệt, Quận 12, TP.HCM",Quận 12,4.0,1.0,2.0,nhà phố
28917032781,149.0,"91 Lý Thường Kiệt, Quận 6, TP.HCM",Quận 6,5.0,3.0,5.0,nhà phố
7361105593,86.0,"79 Nguyễn Thị Minh Khai, Nhà Bè, TP.HCM",Nhà Bè,4.0,2.0,1.0,nhà hẻm
7822970693,47.0,"48 Tô Hiến Thành, Quận 4, TP.HCM",Quận 4,4.0,2.0,,căn hộ
15910780303,140.3,"81 Hoàng Văn Thụ, Bình Thạnh, TP.HCM",Bình Thạnh,2.0,3.0,,căn hộ
5577319226,89.9,"130 Nguyễn Văn Trỗi, Nhà Bè, TP.HCM",Nhà Bè,2.0,2.0,2.0,nhà hẻm
7030727298,89.0,"75 Nguyễn Thị Minh Khai, Bình Tân, TP.HCM",Bình Tân,4.0,2.0,,căn hộ
25779529651,89.7,"211 Nguyễn Văn Trỗi, Quận 2, TP.HCM",Quận 2,5.0,4.0,2.0,nhà phố
4646170789,120.8,"193 Bà Huyện Thanh Quan, Cần Giờ, TP.HCM",Cần Giờ,4.0,3.0,,căn hộ
8372472287,74.2,"113 Trần Hưng Đạo, Quận 8, TP.HCM",Quận 8,,,,đất nền
13538980222,170.8,"209 Phan Xích Long, Nhà Bè, TP.HCM",Nhà Bè,3.0,3.0,5.0,nhà phố
29121160132,99.4,"69 Bùi Thị Xuân, Quận 7, TP.HCM",Quận 7,4.0,2.0,4.0,nhà phố
12170392732,138.0,"71 Lê Lợi, Bình Chánh, TP.HCM",Bình Chánh,1.0,1.0,,căn hộ
22106853442,179.2,"101 Phó Đức Chính, Hóc Môn, TP.HCM",Hóc Môn,3.0,2.0,4.0,nhà phố
10110550907,62.2,"104 Trần Hưng Đạo, Bình Thạnh, TP.HCM",Bình Thạnh,4.0,2.0,,căn hộ
185150778515,571.4,"188 Trần Hưng Đạo, Phú Nhuận, TP.HCM",Phú Nhuận,5.0,5.0,3.0,biệt thự
3201090237,77.3,"127 Phan Xích Long, Củ Chi, TP.HCM",Củ Chi,2.0,3.0,4.0,nhà hẻm
25767012340,208.6,"202 Phạm Văn Đồng, Quận 8, TP.HCM",Quận 8,,,,đất nền
1959265733,28.6,"113 Hoàng Văn Thụ, Quận 9, TP.HCM",Quận 9,2.0,3.0,4.0,nhà hẻm
2707410710,37.1,"24 Điện Biên Phủ, Quận 12, TP.HCM",Quận 12,3.0,1.0,3.0,nhà trọ / phòng
61819936161,317.3,"110 Nguyễn Thị Minh Khai, Bình Tân, TP.HCM",Bình Tân,4.0,2.0,3.0,biệt thự
2388899969,25.1,"3 Lê Văn Sỹ, Bình Tân, TP.HCM",Bình Tân,3.0,1.0,2.0,nhà hẻm
12884711596,44.5,"23 Trường Chinh, Quận 1, TP.HCM",Quận 1,4.0,3.0,,căn hộ
20921720374,93.6,"165 Cách Mạng Tháng 8, Gò Vấp, TP.HCM",Gò Vấp,4.0,2.0,5.0,nhà phố
6104676850,127.2,"236 Cách Mạng Tháng 8, Cần Giờ, TP.HCM",Cần Giờ,2.0,2.0,5.0,nhà phố
9239540079,89.5,"90 Trường Chinh, Quận 12, TP.HCM",Quận 12,2.0,1.0,2.0,nhà hẻm
1858248916,46.8,"185 Hai Bà Trưng, Củ Chi, TP.HCM",Củ Chi,3.0,3.0,,căn hộ
9069003758,76.8,"76 Trường Chinh, Tân Phú, TP.HCM",Tân Phú,4.0,2.0,2.0,nhà hẻm
5774443760,84.5,"19 Hai Bà Trưng, Bình Tân, TP.HCM",Bình Tân,2.0,2.0,4.0,nhà hẻm
12611358774,59.5,"140 Lý Thường Kiệt, Phú Nhuận, TP.HCM",Phú Nhuận,2.0,1.0,2.0,nhà trọ / phòng
5113716165,96.6,"243 Lê Lợi, Bình Tân, TP.HCM",Bình Tân,2.0,1.0,1.0,nhà hẻm
12082751270,105.4,"138 Nguyễn Văn Trỗi, Thủ Đức, TP.HCM",Thủ Đức,4.0,2.0,,căn hộ
64629148020,289.5,"196 Bà Huyện Thanh Quan, Tân Phú, TP.HCM",Tân Phú,7.0,3.0,2.0,biệt thự
1590743126,30.0,"30 Tô Hiến Thành, Nhà Bè, TP.HCM",Nhà Bè,4.0,2.0,2.0,nhà hẻm
3783379979,48.2,"3 Nguyễn Đình Chiểu, Quận 12, TP.HCM",Quận 12,4.0,3.0,2.0,nhà hẻm
3986002277,40.9,"188 Điện Biên Phủ, Quận 6, TP.HCM",Quận 6,3.0,2.0,1.0,nhà trọ / phòng
1867182575,27.2,"20 Bà Huyện Thanh Quan, Hóc Môn, TP.HCM",Hóc Môn,3.0,2.0,1.0,nhà hẻm
4801064220,36.7,"173 Bùi Thị Xuân, Bình Thạnh, TP.HCM",Bình Thạnh,2.0,2.0,,căn hộ
13325414144,123.9,"46 Cách Mạng Tháng 8, Gò Vấp, TP.HCM",Gò Vấp,2.0,1.0,3.0,nhà phố
31220271958,303.3,"58 Tô Hiến Thành, Bình Chánh, TP.HCM",Bình Chánh,,,,đất nền
9221143274,116.4,"231 Phó Đức Chính, Quận 9, TP.HCM",Quận 9,3.0,1.0,,căn hộ
47431931832,124.9,"84 Võ Văn Tần, Quận 2, TP.HCM",Quận 2,2.0,4.0,2.0,nhà phố
29600033554,74.3,"119 Nguyễn Thị Minh Khai, Quận 3, TP.HCM",Quận 3,3.0,3.0,,căn hộ
6132910921,59.9,"139 Nguyễn Thị Minh Khai, Quận 10, TP.HCM",Quận 10,1.0,1.0,1.0,nhà trọ / phòng
47118848133,446.0,"97 Phó Đức Chính, Quận 9, TP.HCM",Quận 9,,,,đất nền
2325661814,32.8,"183 Cách Mạng Tháng 8, Nhà Bè, TP.HCM",Nhà Bè,4.0,1.0,4.0,nhà hẻm
13015372617,80.9,"130 Đinh Tiên Hoàng, Quận 8, TP.HCM",Quận 8,5.0,3.0,5.0,nhà phố
22774021289,92.9,"61 Cách Mạng Tháng 8, Quận 5, TP.HCM",Quận 5,,,,đất nền
48110645806,467.5,"82 Nam Kỳ Khởi Nghĩa, Quận 9, TP.HCM",Quận 9,,,,đất nền
16738335669,191.3,"105 Nam Kỳ Khởi Nghĩa, Quận 12, TP.HCM",Quận 12,3.0,1.0,3.0,nhà phố
20870332109,122.4,"41 Trần Hưng Đạo, Quận 4, TP.HCM",Quận 4,4.0,2.0,,căn hộ
13801526553,114.6,"183 Trần Hưng Đạo, Thủ Đức, TP.HCM",Thủ Đức,1.0,1.0,,căn hộ
9987866053,91.6,"219 Trường Chinh, Quận 8, TP.HCM",Quận 8,3.0,2.0,,căn hộ
2503071512,43.7,"34 Nguyễn Thị Minh Khai, Quận 12, TP.HCM",Quận 12,3.0,1.0,2.0,nhà hẻm
16049066900,112.4,"6 Trần Hưng Đạo, Quận 6, TP.HCM",Quận 6,1.0,3.0,,căn hộ
7298637591,145.1,"44 Lê Lợi, Cần Giờ, TP.HCM",Cần Giờ,3.0,1.0,4.0,nhà phố
7135089231,116.9,"55 Lý Thường Kiệt, Bình Chánh, TP.HCM",Bình Chánh,4.0,1.0,,căn hộ
44108398786,350.7,"128 Võ Văn Tần, Hóc Môn, TP.HCM",Hóc Môn,4.0,2.0,4.0,biệt thự
2423821948,37.3,"64 Ngô Gia Tự, Quận 12, TP.HCM",Quận 12,3.0,2.0,,căn hộ
61740310286,409.7,"123 Lý Thường Kiệt, Bình Tân, TP.HCM",Bình Tân,,,,đất nền
15148546885,139.5,"57 Hai Bà Trưng, Tân Bình, TP.HCM",Tân Bình,3.0,2.0,,căn hộ
51002700482,183.6,"197 Lý Thường Kiệt, Quận 2, TP.HCM",Quận 2,,,,đất nền
11910954758,69.7,"196 Lê Lợi, Tân Phú, TP.HCM",Tân Phú,3.0,2.0,4.0,nhà phố
9126191052,176.2,"92 Nguyễn Đình Chiểu, Cần Giờ, TP.HCM",Cần Giờ,5.0,3.0,3.0,nhà phố
12305638387,153.6,"24 Lê Lợi, Bình Chánh, TP.HCM",Bình Chánh,3.0,2.0,5.0,nhà phố
6063101612,26.5,"88 Cách Mạng Tháng 8, Quận 2, TP.HCM",Quận 2,3.0,1.0,3.0,nhà hẻm
4279388794,53.8,"199 Cách Mạng Tháng 8, Gò Vấp, TP.HCM",Gò Vấp,2.0,1.0,1.0,nhà trọ / phòng
12037005654,73.8,"26 Bùi Thị Xuân, Quận 4, TP.HCM",Quận 4,1.0,2.0,,căn hộ
19141732536,147.1,"182 Hoàng Văn Thụ, Quận 9, TP.HCM",Quận 9,4.0,3.0,,căn hộ
4837030049,94.7,"33 Võ Văn Tần, Củ Chi, TP.HCM",Củ Chi,3.0,1.0,2.0,nhà hẻm
31217402263,153.8,"57 Hai Bà Trưng, Quận 6, TP.HCM",Quận 6,5.0,1.0,3.0,nhà phố
12632343647,121.9,"227 Bà Huyện Thanh Quan, Bình Tân, TP.HCM",Bình Tân,4.0,1.0,3.0,nhà phố
23564641262,354.8,"68 Nguyễn Huệ, Củ Chi, TP.HCM",Củ Chi,,,,đất nền
5903519195,51.3,"249 Tô Hiến Thành, Quận 7, TP.HCM",Quận 7,2.0,3.0,1.0,nhà hẻm
17938910389,135.8,"167 Bùi Thị Xuân, Quận 6, TP.HCM",Quận 6,3.0,3.0,,căn hộ
16710877474,114.9,"88 Trần Hưng Đạo, Thủ Đức, TP.HCM",Thủ Đức,2.0,3.0,2.0,nhà phố
14953489766,117.8,"181 Phạm Văn Đồng, Quận 6, TP.HCM",Quận 6,1.0,2.0,,căn hộ
2824690493,26.6,"105 Phan Xích Long, Quận 2, TP.HCM",Quận 2,2.0,1.0,1.0,nhà trọ / phòng
7692559305,79.7,"147 Trường Chinh, Gò Vấp, TP.HCM",Gò Vấp,3.0,3.0,3.0,nhà hẻm
4423272195,36.5,"154 Bà Huyện Thanh Quan, Tân Bình, TP.HCM",Tân Bình,1.0,2.0,,căn hộ
17652763731,77.1,"121 Trường Chinh, Bình Thạnh, TP.HCM",Bình Thạnh,4.0,1.0,5.0,nhà phố
4335127406,31.8,"115 Hoàng Văn Thụ, Bình Thạnh, TP.HCM",Bình Thạnh,4.0,2.0,2.0,nhà hẻm
10786107650,61.6,"25 Phó Đức Chính, Quận 2, TP.HCM",Quận 2,3.0,3.0,,căn hộ
20661162794,95.0,"108 Ngô Gia Tự, Quận 3, TP.HCM",Quận 3,2.0,3.0,,căn hộ
4284763651,95.2,"9 Nguyễn Đình Chiểu, Củ Chi, TP.HCM",Củ Chi,4.0,1.0,4.0,nhà hẻm
7524565640,52.0,"249 Hoàng Văn Thụ, Bình Thạnh, TP.HCM",Bình Thạnh,3.0,1.0,1.0,nhà trọ / phòng
16640502219,51.6,"67 Hai Bà Trưng, Quận 7, TP.HCM",Quận 7,2.0,4.0,3.0,nhà phố
8558077595,85.6,"118 Ngô Gia Tự, Quận 9, TP.HCM",Quận 9,2.0,2.0,4.0,nhà hẻm
11104163078,153.6,"195 Bùi Thị Xuân, Bình Chánh, TP.HCM",Bình Chánh,5.0,1.0,5.0,nhà phố
5023711616,61.4,"125 Bà Huyện Thanh Quan, Củ Chi, TP.HCM",Củ Chi,2.0,3.0,4.0,nhà phố
8667112030,50.7,"10 Trường Chinh, Tân Bình, TP.HCM",Tân Bình,4.0,1.0,,căn hộ
53322529562,363.8,"230 Điện Biên Phủ, Quận 11, TP.HCM",Quận 11,,,,đất nền
34128352202,125.2,"26 Phó Đức Chính, Quận 10, TP.HCM",Quận 10,3.0,2.0,,căn hộ
8546052172,91.6,"49 Trần Hưng Đạo, Củ Chi, TP.HCM",Củ Chi,5.0,3.0,4.0,nhà phố
2272338808,36.3,"182 Võ Văn Tần, Quận 12, TP.HCM",Quận 12,2.0,2.0,1.0,nhà trọ / phòng
36770218630,177.0,"64 Lê Lợi, Bình Thạnh, TP.HCM",Bình Thạnh,2.0,2.0,3.0,nhà phố
34227261815,100.9,"237 Bà Huyện Thanh Quan, Quận 2, TP.HCM",Quận 2,3.0,3.0,4.0,nhà phố
21219069096,102.7,"215 Hoàng Văn Thụ, Quận 4, TP.HCM",Quận 4,5.0,2.0,5.0,nhà phố
4352028549,76.7,"220 Phan Xích Long, Hóc Môn, TP.HCM",Hóc Môn,3.0,1.0,4.0,nhà hẻm
15581576100,77.0,"154 Hoàng Văn Thụ, Quận 7, TP.HCM",Quận 7,5.0,1.0,2.0,nhà phố
31651756951,139.3,"65 Lê Văn Sỹ, Thủ Đức, TP.HCM",Thủ Đức,4.0,3.0,5.0,nhà phố
12894357813,92.5,"248 Phó Đức Chính, Quận 7, TP.HCM",Quận 7,4.0,3.0,,căn hộ
10023644660,107.7,"71 Nam Kỳ Khởi Nghĩa, Nhà Bè, TP.HCM",Nhà Bè,3.0,2.0,,căn hộ
23640334393,174.9,"49 Võ Văn Tần, Bình Tân, TP.HCM",Bình Tân,,,,đất nền
24227742464,92.5,"128 Bà Huyện Thanh Quan, Quận 5, TP.HCM",Quận 5,4.0,2.0,3.0,nhà hẻm
35941397672,338.4,"88 Phan Xích Long, Cần Giờ, TP.HCM",Cần Giờ,6.0,2.0,4.0,biệt thự
31718977445,127.9,"47 Nguyễn Văn Trỗi, Gò Vấp, TP.HCM",Gò Vấp,5.0,3.0,4.0,nhà phố
14045253561,118.9,"91 Nguyễn Thị Minh Khai, Quận 9, TP.HCM",Quận 9,2.0,3.0,,căn hộ
58203602464,245.0,"76 Bùi Thị Xuân, Quận 7, TP.HCM",Quận 7,,,,đất nền
7379563328,53.3,"136 Trường Chinh, Quận 12, TP.HCM",Quận 12,2.0,4.0,3.0,nhà phố
19856585516,177.4,"37 Lê Văn Sỹ, Quận 9, TP.HCM",Quận 9,3.0,2.0,4.0,nhà phố
5306814978,83.4,"71 Lê Văn Sỹ, Quận 9, TP.HCM",Quận 9,3.0,2.0,2.0,nhà hẻm
8267129409,68.2,"104 Tô Hiến Thành, Quận 7, TP.HCM",Quận 7,2.0,2.0,1.0,nhà hẻm
2163168607,30.6,"194 Nam Kỳ Khởi Nghĩa, Quận 12, TP.HCM",Quận 12,2.0,3.0,,căn hộ
12542981206,149.9,"151 Ngô Gia Tự, Nhà Bè, TP.HCM",Nhà Bè,3.0,2.0,4.0,nhà phố
6627481970,52.1,"88 Cách Mạng Tháng 8, Quận 9, TP.HCM",Quận 9,4.0,4.0,4.0,nhà phố
3184495336,120.0,"55 Cách Mạng Tháng 8, Cần Giờ, TP.HCM",Cần Giờ,2.0,2.0,,căn hộ
6045981456,50.3,"66 Bà Huyện Thanh Quan, Gò Vấp, TP.HCM",Gò Vấp,3.0,3.0,,căn hộ
6852953104,69.5,"30 Nguyễn Đình Chiểu, Thủ Đức, TP.HCM",Thủ Đức,2.0,3.0,1.0,nhà hẻm
7974505663,95.7,"3 Bà Huyện Thanh Quan, Quận 12, TP.HCM",Quận 12,4.0,3.0,,căn hộ
7124994439,74.7,"185 Ngô Gia Tự, Quận 9, TP.HCM",Quận 9,3.0,3.0,2.0,nhà hẻm
86804722719,503.1,"250 Ngô Gia Tự, Tân Phú, TP.HCM",Tân Phú,6.0,3.0,4.0,biệt thự
11218297875,47.2,"85 Phạm Văn Đồng, Quận 7, TP.HCM",Quận 7,2.0,3.0,4.0,nhà hẻm
19471643878,58.8,"186 Trần Hưng Đạo, Quận 7, TP.HCM",Quận 7,2.0,4.0,3.0,nhà phố
3755897602,45.8,"224 Hoàng Văn Thụ, Gò Vấp, TP.HCM",Gò Vấp,2.0,2.0,2.0,nhà trọ / phòng
184132797823,510.7,"3 Lê Lợi, Quận 2, TP.HCM",Quận 2,5.0,5.0,4.0,biệt thự
3257799549,37.8,"47 Nam Kỳ Khởi Nghĩa, Nhà Bè, TP.HCM",Nhà Bè,3.0,2.0,3.0,nhà hẻm
17558186796,84.8,"227 Bà Huyện Thanh Quan, Quận 4, TP.HCM",Quận 4,4.0,3.0,,căn hộ
20825311245,152.9,"174 Bùi Thị Xuân, Thủ Đức, TP.HCM",Thủ Đức,2.0,2.0,2.0,nhà phố
7589675546,83.4,"113 Tô Hiến Thành, Quận 12, TP.HCM",Quận 12,4.0,1.0,2.0,nhà hẻm
159199304987,291.4,"224 Phó Đức Chính, Quận 2, TP.HCM",Quận 2,7.0,6.0,4.0,biệt thự
9583399696,114.1,"170 Lý Thường Kiệt, Quận 9, TP.HCM",Quận 9,1.0,2.0,,căn hộ
10742760750,130.7,"219 Phạm Văn Đồng, Bình Tân, TP.HCM",Bình Tân,1.0,1.0,,căn hộ
35608572992,161.5,"141 Nguyễn Thị Minh Khai, Bình Thạnh, TP.HCM",Bình Thạnh,4.0,2.0,4.0,nhà phố
6642095764,58.2,"115 Phạm Văn Đồng, Bình Tân, TP.HCM",Bình Tân,4.0,2.0,,căn hộ
3065997688,49.8,"212 Nguyễn Huệ, Quận 9, TP.HCM",Quận 9,1.0,1.0,2.0,nhà trọ / phòng
11186772684,71.4,"94 Nam Kỳ Khởi Nghĩa, Quận 4, TP.HCM",Quận 4,3.0,3.0,2.0,nhà hẻm
39857647086,431.5,"122 Hai Bà Trưng, Nhà Bè, TP.HCM",Nhà Bè,,,,đất nền
8116669038,84.3,"247 Bà Huyện Thanh Quan, Gò Vấp, TP.HCM",Gò Vấp,1.0,3.0,,căn hộ
9918597796,74.9,"191 Nguyễn Đình Chiểu, Thủ Đức, TP.HCM",Thủ Đức,1.0,1.0,,căn hộ
21432173313,139.7,"184 Phan Xích Long, Gò Vấp, TP.HCM",Gò Vấp,3.0,1.0,5.0,nhà phố
2975069508,28.5,"151 Phó Đức Chính, Quận 9, TP.HCM",Quận 9,4.0,3.0,1.0,nhà hẻm
12775197787,122.3,"178 Hoàng Văn Thụ, Củ Chi, TP.HCM",Củ Chi,2.0,4.0,5.0,nhà phố
3877516191,34.6,"235 Hai Bà Trưng, Tân Phú, TP.HCM",Tân Phú,3.0,3.0,3.0,nhà hẻm
19701336762,106.7,"180 Hai Bà Trưng, Gò Vấp, TP.HCM",Gò Vấp,4.0,3.0,5.0,nhà phố
11293102705,131.2,"52 Phan Xích Long, Hóc Môn, TP.HCM",Hóc Môn,3.0,3.0,,căn hộ
14357104319,76.5,"182 Nam Kỳ Khởi Nghĩa, Quận 7, TP.HCM",Quận 7,4.0,1.0,2.0,nhà hẻm
17545440427,87.6,"225 Võ Văn Tần, Quận 4, TP.HCM",Quận 4,4.0,3.0,,căn hộ
17047852437,290.0,"15 Phó Đức Chính, Nhà Bè, TP.HCM",Nhà Bè,,,,đất nền
3105300267,37.1,"53 Võ Văn Tần, Quận 6, TP.HCM",Quận 6,3.0,3.0,3.0,nhà hẻm
26025013979,171.2,"74 Nguyễn Đình Chiểu, Gò Vấp, TP.HCM",Gò Vấp,2.0,2.0,5.0,nhà phố
11828515632,104.1,"223 Hai Bà Trưng, Gò Vấp, TP.HCM",Gò Vấp,5.0,3.0,2.0,nhà phố
74279950281,425.2,"95 Bà Huyện Thanh Quan, Thủ Đức, TP.HCM",Thủ Đức,,,,đất nền
14539596307,102.4,"48 Trần Hưng Đạo, Gò Vấp, TP.HCM",Gò Vấp,2.0,2.0,,căn hộ
1584161461,34.0,"217 Bùi Thị Xuân, Củ Chi, TP.HCM",Củ Chi,2.0,2.0,3.0,nhà hẻm
8528323386,115.2,"199 Lê Lợi, Quận 8, TP.HCM",Quận 8,2.0,1.0,,căn hộ
3842122645,74.6,"57 Ngô Gia Tự, Bình Chánh, TP.HCM",Bình Chánh,3.0,3.0,3.0,nhà hẻm
6539405362,124.4,"57 Lý Thường Kiệt, Củ Chi, TP.HCM",Củ Chi,2.0,2.0,,căn hộ
5087066204,49.8,"3 Bà Huyện Thanh Quan, Hóc Môn, TP.HCM",Hóc Môn,3.0,1.0,4.0,nhà hẻm
8510763828,58.8,"99 Đinh Tiên Hoàng, Quận 4, TP.HCM",Quận 4,2.0,1.0,,căn hộ
2634719528,26.9,"50 Bà Huyện Thanh Quan, Quận 8, TP.HCM",Quận 8,4.0,2.0,4.0,nhà hẻm
7959224773,59.9,"109 Phó Đức Chính, Quận 9, TP.HCM",Quận 9,2.0,1.0,3.0,nhà phố
15257880636,173.5,"23 Lê Lợi, Nhà Bè, TP.HCM",Nhà Bè,5.0,1.0,3.0,nhà phố
30266633010,84.0,"111 Trường Chinh, Quận 3, TP.HCM",Quận 3,2.0,2.0,4.0,nhà phố
3643696055,44.2,"12 Bùi Thị Xuân, Quận 9, TP.HCM",Quận 9,1.0,3.0,,căn hộ
30748821360,188.8,"98 Lê Văn Sỹ, Gò Vấp, TP.HCM",Gò Vấp,2.0,3.0,4.0,nhà phố
12846410489,60.5,"76 Nguyễn Văn Trỗi, Quận 11, TP.HCM",Quận 11,4.0,1.0,2.0,nhà hẻm
6356116574,150.0,"101 Hai Bà Trưng, Củ Chi, TP.HCM",Củ Chi,4.0,1.0,3.0,nhà phố
3731910195,32.2,"37 Ngô Gia Tự, Tân Bình, TP.HCM",Tân Bình,3.0,2.0,1.0,nhà trọ / phòng
30567783120,174.4,"218 Lê Lợi, Quận 6, TP.HCM",Quận 6,3.0,1.0,3.0,nhà phố
4192244098,42.0,"186 Phan Xích Long, Gò Vấp, TP.HCM",Gò Vấp,3.0,1.0,2.0,nhà trọ / phòng
2261981437,34.3,"82 Phan Xích Long, Tân Phú, TP.HCM",Tân Phú,3.0,1.0,1.0,nhà trọ / phòng
19162223073,109.1,"44 Tô Hiến Thành, Bình Thạnh, TP.HCM",Bình Thạnh,2.0,3.0,,căn hộ
39398902121,79.3,"119 Phạm Văn Đồng, Quận 1, TP.HCM",Quận 1,5.0,3.0,4.0,nhà phố
7189547738,61.5,"229 Cách Mạng Tháng 8, Quận 12, TP.HCM",Quận 12,2.0,1.0,1.0,nhà hẻm
171873866981,548.9,"149 Bùi Thị Xuân, Tân Bình, TP.HCM",Tân Bình,3.0,2.0,2.0,biệt thự
16960063261,138.8,"199 Bà Huyện Thanh Quan, Quận 12, TP.HCM",Quận 12,3.0,3.0,,căn hộ
28871005042,137.0,"94 Trường Chinh, Quận 5, TP.HCM",Quận 5,3.0,1.0,,căn hộ
13905138035,88.6,"46 Hoàng Văn Thụ, Bình Thạnh, TP.HCM",Bình Thạnh,4.0,3.0,2.0,nhà hẻm
25807932338,134.7,"57 Lê Lợi, Tân Bình, TP.HCM",Tân Bình,2.0,3.0,,căn hộ
13820102940,86.0,"121 Trường Chinh, Thủ Đức, TP.HCM",Thủ Đức,3.0,1.0,3.0,nhà phố
1285145980,21.6,"214 Điện Biên Phủ, Bình Chánh, TP.HCM",Bình Chánh,3.0,2.0,1.0,nhà trọ / phòng
12819199272,98.4,"133 Trần Hưng Đạo, Gò Vấp, TP.HCM",Gò Vấp,4.0,3.0,,căn hộ
2257457105,28.9,"2 Hai Bà Trưng, Quận 8, TP.HCM",Quận 8,2.0,2.0,2.0,nhà trọ / phòng
9642008191,70.7,"184 Hai Bà Trưng, Bình Thạnh, TP.HCM",Bình Thạnh,2.0,3.0,3.0,nhà phố
6117303002,56.1,"152 Phan Xích Long, Thủ Đức, TP.HCM",Thủ Đức,3.0,3.0,1.0,nhà hẻm
7339037551,69.9,"35 Hoàng Văn Thụ, Quận 6, TP.HCM",Quận 6,,,,đất nền
20225620738,133.7,"154 Trường Chinh, Bình Tân, TP.HCM",Bình Tân,2.0,2.0,4.0,nhà phố
6091717982,90.9,"121 Hai Bà Trưng, Củ Chi, TP.HCM",Củ Chi,4.0,3.0,3.0,nhà hẻm
13772875632,173.7,"153 Lê Văn Sỹ, Hóc Môn, TP.HCM",Hóc Môn,3.0,2.0,4.0,nhà phố
17265842629,104.7,"108 Phó Đức Chính, Tân Phú, TP.HCM",Tân Phú,2.0,1.0,3.0,nhà phố
4024616768,38.3,"24 Đinh Tiên Hoàng, Nhà Bè, TP.HCM",Nhà Bè,4.0,3.0,1.0,nhà hẻm
21866079730,138.5,"110 Ngô Gia Tự, Bình Thạnh, TP.HCM",Bình Thạnh,2.0,4.0,5.0,nhà phố
76660485858,407.4,"148 Nguyễn Đình Chiểu, Quận 7, TP.HCM",Quận 7,,,,đất nền
24134109722,119.0,"49 Điện Biên Phủ, Quận 4, TP.HCM",Quận 4,3.0,1.0,4.0,nhà phố
8217397719,25.5,"105 Nam Kỳ Khởi Nghĩa, Quận 1, TP.HCM",Quận 1,4.0,1.0,1.0,nhà hẻm
44311269569,146.0,"102 Phó Đức Chính, Quận 10, TP.HCM",Quận 10,4.0,3.0,5.0,nhà phố
15242094280,124.1,"79 Điện Biên Phủ, Gò Vấp, TP.HCM",Gò Vấp,4.0,1.0,,căn hộ
8552646242,54.9,"244 Nguyễn Đình Chiểu, Tân Bình, TP.HCM",Tân Bình,2.0,3.0,1.0,nhà hẻm
17007368030,107.1,"211 Trần Hưng Đạo, Quận 6, TP.HCM",Quận 6,4.0,1.0,3.0,nhà phố
5711319816,37.4,"239 Trường Chinh, Quận 5, TP.HCM",Quận 5,1.0,2.0,1.0,nhà trọ / phòng
4509267483,64.1,"127 Bà Huyện Thanh Quan, Cần Giờ, TP.HCM",Cần Giờ,4.0,3.0,1.0,nhà hẻm
21497955047,146.8,"60 Nguyễn Đình Chiểu, Quận 12, TP.HCM",Quận 12,4.0,2.0,2.0,nhà phố
4210410088,52.0,"91 Trường Chinh, Tân Phú, TP.HCM",Tân Phú,4.0,1.0,2.0,nhà hẻm
6319620222,54.0,"73 Nguyễn Văn Trỗi, Bình Tân, TP.HCM",Bình Tân,1.0,3.0,,căn hộ
12537054943,100.0,"239 Lê Văn Sỹ, Gò Vấp, TP.HCM",Gò Vấp,3.0,2.0,,căn hộ
6496064563,72.1,"245 Ngô Gia Tự, Quận 12, TP.HCM",Quận 12,2.0,1.0,4.0,nhà phố
12345454998,125.2,"198 Phạm Văn Đồng, Quận 8, TP.HCM",Quận 8,3.0,3.0,,căn hộ
28680248269,123.1,"18 Điện Biên Phủ, Quận 7, TP.HCM",Quận 7,4.0,3.0,,căn hộ
6467997281,41.5,"3 Nguyễn Văn Trỗi, Quận 11, TP.HCM",Quận 11,4.0,1.0,3.0,nhà hẻm
63642861386,279.3,"91 Nam Kỳ Khởi Nghĩa, Gò Vấp, TP.HCM",Gò Vấp,6.0,4.0,2.0,biệt thự
9405719382,51.9,"224 Nguyễn Thị Minh Khai, Quận 7, TP.HCM",Quận 7,2.0,2.0,,căn hộ
15832764064,174.4,"127 Phó Đức Chính, Quận 8, TP.HCM",Quận 8,4.0,2.0,2.0,nhà phố
7709100828,65.6,"223 Bùi Thị Xuân, Tân Phú, TP.HCM",Tân Phú,2.0,2.0,3.0,nhà hẻm
23282708078,163.5,"205 Ngô Gia Tự, Quận 8, TP.HCM",Quận 8,4.0,4.0,3.0,nhà phố
1786996342,21.3,"179 Đinh Tiên Hoàng, Quận 12, TP.HCM",Quận 12,2.0,2.0,3.0,nhà trọ / phòng
6736683437,31.0,"221 Hai Bà Trưng, Phú Nhuận, TP.HCM",Phú Nhuận,2.0,2.0,,căn hộ
5198159569,58.5,"54 Tô Hiến Thành, Quận 8, TP.HCM",Quận 8,4.0,3.0,,căn hộ
3387841494,52.4,"176 Bùi Thị Xuân, Quận 12, TP.HCM",Quận 12,3.0,2.0,4.0,nhà hẻm
18778887830,86.8,"122 Cách Mạng Tháng 8, Quận 7, TP.HCM",Quận 7,3.0,4.0,5.0,nhà phố
18216932223,122.4,"102 Lê Lợi, Thủ Đức, TP.HCM",Thủ Đức,4.0,4.0,4.0,nhà phố
14579648427,78.4,"93 Lý Thường Kiệt, Quận 4, TP.HCM",Quận 4,4.0,4.0,2.0,nhà phố
3200384701,30.3,"51 Hai Bà Trưng, Tân Bình, TP.HCM",Tân Bình,1.0,2.0,1.0,nhà trọ / phòng
10366480891,65.4,"228 Lê Văn Sỹ, Tân Bình, TP.HCM",Tân Bình,3.0,2.0,3.0,nhà hẻm
16933707422,59.8,"218 Trường Chinh, Quận 3, TP.HCM",Quận 3,2.0,1.0,3.0,nhà hẻm
11367590747,98.3,"70 Trường Chinh, Hóc Môn, TP.HCM",Hóc Môn,4.0,3.0,4.0,nhà phố
6011536773,95.4,"33 Nguyễn Huệ, Hóc Môn, TP.HCM",Hóc Môn,4.0,3.0,4.0,nhà hẻm
9828952668,95.5,"17 Đinh Tiên Hoàng, Gò Vấp, TP.HCM",Gò Vấp,4.0,3.0,1.0,nhà hẻm
2583755485,36.5,"159 Điện Biên Phủ, Bình Chánh, TP.HCM",Bình Chánh,4.0,3.0,,căn hộ
20916563984,91.4,"34 Cách Mạng Tháng 8, Quận 5, TP.HCM",Quận 5,3.0,1.0,2.0,nhà hẻm
17730108537,50.4,"141 Điện Biên Phủ, Phú Nhuận, TP.HCM",Phú Nhuận,4.0,3.0,5.0,nhà phố
4413018801,47.9,"135 Tô Hiến Thành, Quận 12, TP.HCM",Quận 12,1.0,2.0,3.0,nhà trọ / phòng
9782706179,139.1,"94 Võ Văn Tần, Bình Tân, TP.HCM",Bình Tân,4.0,3.0,,căn hộ
4711336218,46.6,"243 Phạm Văn Đồng, Quận 12, TP.HCM",Quận 12,3.0,3.0,4.0,nhà phố
149472493869,494.6,"106 Phan Xích Long, Gò Vấp, TP.HCM",Gò Vấp,5.0,6.0,2.0,biệt thự
3137221302,60.0,"62 Bà Huyện Thanh Quan, Hóc Môn, TP.HCM",Hóc Môn,4.0,2.0,,căn hộ
15799008702,71.0,"106 Điện Biên Phủ, Phú Nhuận, TP.HCM",Phú Nhuận,4.0,3.0,3.0,nhà hẻm
9929825787,66.2,"83 Phan Xích Long, Quận 6, TP.HCM",Quận 6,2.0,4.0,5.0,nhà phố
61706017379,127.9,"60 Nguyễn Huệ, Quận 1, TP.HCM",Quận 1,3.0,1.0,4.0,nhà phố
20891313430,78.7,"85 Lê Lợi, Quận 4, TP.HCM",Quận 4,5.0,3.0,5.0,nhà phố
9590346922,36.0,"210 Điện Biên Phủ, Quận 3, TP.HCM",Quận 3,3.0,2.0,1.0,nhà hẻm
47813820830,196.1,"118 Phan Xích Long, Quận 11, TP.HCM",Quận 11,3.0,4.0,5.0,nhà phố
27157899875,148.2,"41 Nam Kỳ Khởi Nghĩa, Gò Vấp, TP.HCM",Gò Vấp,3.0,4.0,5.0,nhà phố
22637175776,190.3,"222 Lê Lợi, Bình Tân, TP.HCM",Bình Tân,2.0,3.0,5.0,nhà phố
1511615431,29.4,"102 Đinh Tiên Hoàng, Bình Tân, TP.HCM",Bình Tân,2.0,2.0,1.0,nhà trọ / phòng
8806810535,51.5,"24 Phạm Văn Đồng, Thủ Đức, TP.HCM",Thủ Đức,5.0,2.0,4.0,nhà phố
10013006602,146.4,"203 Nguyễn Văn Trỗi, Bình Tân, TP.HCM",Bình Tân,1.0,1.0,,căn hộ
9441373989,68.0,"92 Trường Chinh, Quận 4, TP.HCM",Quận 4,3.0,2.0,,căn hộ
44808332420,167.8,"48 Bùi Thị Xuân, Gò Vấp, TP.HCM",Gò Vấp,6.0,6.0,3.0,biệt thự
12122249343,86.2,"139 Điện Biên Phủ, Tân Bình, TP.HCM",Tân Bình,2.0,1.0,,căn hộ
40128216378,143.9,"62 Hai Bà Trưng, Quận 10, TP.HCM",Quận 10,5.0,2.0,2.0,nhà phố
25151643567,194.9,"83 Võ Văn Tần, Quận 9, TP.HCM",Quận 9,5.0,2.0,5.0,nhà phố
3752707722,41.6,"52 Lê Lợi, Quận 12, TP.HCM",Quận 12,1.0,1.0,,căn hộ
7306547958,49.9,"19 Nguyễn Đình Chiểu, Quận 4, TP.HCM",Quận 4,5.0,4.0,4.0,nhà phố
10868261815,46.2,"211 Tô Hiến Thành, Quận 1, TP.HCM",Quận 1,1.0,2.0,3.0,nhà trọ / phòng
21718055137,86.8,"242 Trần Hưng Đạo, Quận 10, TP.HCM",Quận 10,3.0,3.0,1.0,nhà hẻm
6118708103,42.1,"64 Phó Đức Chính, Quận 7, TP.HCM",Quận 7,2.0,3.0,,căn hộ
4157780424,42.3,"173 Lý Thường Kiệt, Tân Bình, TP.HCM",Tân Bình,3.0,2.0,3.0,nhà trọ / phòng
8559181980,91.2,"154 Nguyễn Văn Trỗi, Quận 12, TP.HCM",Quận 12,2.0,1.0,4.0,nhà hẻm
6342931812,67.8,"156 Nam Kỳ Khởi Nghĩa, Quận 12, TP.HCM",Quận 12,3.0,2.0,,căn hộ
17227659577,75.0,"1 Trường Chinh, Quận 7, TP.HCM",Quận 7,3.0,2.0,,căn hộ
3558837218,43.8,"220 Phan Xích Long, Gò Vấp, TP.HCM",Gò Vấp,3.0,1.0,2.0,nhà trọ / phòng
6073117865,95.8,"36 Cách Mạng Tháng 8, Quận 9, TP.HCM",Quận 9,3.0,3.0,2.0,nhà hẻm
2498975940,30.0,"188 Phan Xích Long, Quận 8, TP.HCM",Quận 8,2.0,2.0,1.0,nhà trọ / phòng
35653180789,87.9,"153 Đinh Tiên Hoàng, Quận 3, TP.HCM",Quận 3,4.0,3.0,,căn hộ
25388849520,170.3,"107 Tô Hiến Thành, Bình Tân, TP.HCM",Bình Tân,5.0,1.0,2.0,nhà phố
10238841243,164.4,"145 Nguyễn Văn Trỗi, Bình Chánh, TP.HCM",Bình Chánh,2.0,4.0,2.0,nhà phố
12755951014,56.5,"193 Lê Văn Sỹ, Quận 5, TP.HCM",Quận 5,1.0,3.0,,căn hộ
5016404642,56.7,"147 Phạm Văn Đồng, Tân Phú, TP.HCM",Tân Phú,3.0,2.0,,căn hộ
8629132069,61.5,"124 Cách Mạng Tháng 8, Gò Vấp, TP.HCM",Gò Vấp,4.0,3.0,,căn hộ
18366850851,108.3,"63 Nguyễn Thị Minh Khai, Tân Bình, TP.HCM",Tân Bình,2.0,3.0,,căn hộ
15676643356,49.3,"49 Lý Thường Kiệt, Quận 3, TP.HCM",Quận 3,4.0,1.0,1.0,nhà hẻm
3979022112,32.9,"160 Lê Văn Sỹ, Quận 9, TP.HCM",Quận 9,3.0,1.0,,căn hộ
63262662894,171.8,"190 Đinh Tiên Hoàng, Quận 5, TP.HCM",Quận 5,3.0,3.0,3.0,nhà phố
8697626041,57.1,"121 Lê Văn Sỹ, Quận 2, TP.HCM",Quận 2,2.0,1.0,2.0,nhà trọ / phòng
46557686199,128.4,"179 Nguyễn Đình Chiểu, Quận 2, TP.HCM",Quận 2,3.0,3.0,5.0,nhà phố
8916090679,138.7,"159 Nguyễn Đình Chiểu, Bình Tân, TP.HCM",Bình Tân,1.0,2.0,,căn hộ
16124642230,143.4,"93 Phó Đức Chính, Quận 8, TP.HCM",Quận 8,1.0,2.0,,căn hộ
22937500571,179.4,"125 Nam Kỳ Khởi Nghĩa, Nhà Bè, TP.HCM",Nhà Bè,5.0,2.0,5.0,nhà phố
4172177468,52.4,"237 Nguyễn Thị Minh Khai, Hóc Môn, TP.HCM",Hóc Môn,4.0,3.0,,căn hộ
14317232611,77.2,"78 Bà Huyện Thanh Quan, Phú Nhuận, TP.HCM",Phú Nhuận,2.0,1.0,,căn hộ
7363788961,40.1,"242 Nguyễn Huệ, Quận 7, TP.HCM",Quận 7,1.0,2.0,2.0,nhà trọ / phòng
69724948119,218.3,"157 Phó Đức Chính, Tân Bình, TP.HCM",Tân Bình,6.0,3.0,2.0,biệt thự
6027567611,56.3,"115 Nam Kỳ Khởi Nghĩa, Hóc Môn, TP.HCM",Hóc Môn,4.0,1.0,4.0,nhà hẻm
16207760747,66.5,"111 Cách Mạng Tháng 8, Tân Bình, TP.HCM",Tân Bình,3.0,2.0,4.0,nhà phố
645633623,25.8,"48 Đinh Tiên Hoàng, Cần Giờ, TP.HCM",Cần Giờ,3.0,1.0,2.0,nhà trọ / phòng
50325061084,379.9,"247 Tô Hiến Thành, Quận 9, TP.HCM",Quận 9,,,,đất nền
13262184393,142.1,"7 Hoàng Văn Thụ, Quận 12, TP.HCM",Quận 12,3.0,1.0,,căn hộ
5048475643,45.0,"92 Nguyễn Huệ, Thủ Đức, TP.HCM",Thủ Đức,4.0,3.0,2.0,nhà hẻm
8547909908,35.1,"36 Phạm Văn Đồng, Quận 3, TP.HCM",Quận 3,4.0,2.0,3.0,nhà hẻm
15682656449,108.3,"194 Phan Xích Long, Quận 6, TP.HCM",Quận 6,2.0,3.0,5.0,nhà phố
70345490781,193.0,"104 Tô Hiến Thành, Quận 7, TP.HCM",Quận 7,5.0,4.0,4.0,nhà phố
11885685363,86.8,"138 Hai Bà Trưng, Thủ Đức, TP.HCM",Thủ Đức,4.0,2.0,4.0,nhà hẻm
102258774142,406.2,"225 Lê Lợi, Phú Nhuận, TP.HCM",Phú Nhuận,,,,đất nền
3503634536,77.5,"49 Lê Lợi, Cần Giờ, TP.HCM",Cần Giờ,1.0,3.0,,căn hộ
4289116176,66.5,"177 Lê Lợi, Quận 9, TP.HCM",Quận 9,3.0,2.0,,căn hộ
43670735359,173.6,"140 Nguyễn Đình Chiểu, Phú Nhuận, TP.HCM",Phú Nhuận,5.0,1.0,2.0,nhà phố
20075505819,84.1,"226 Phan Xích Long, Quận 5, TP.HCM",Quận 5,2.0,2.0,,căn hộ
56487122422,461.3,"22 Lý Thường Kiệt, Quận 12, TP.HCM",Quận 12,4.0,2.0,2.0,biệt thự
23773864429,124.9,"234 Hoàng Văn Thụ, Phú Nhuận, TP.HCM",Phú Nhuận,2.0,2.0,,căn hộ
29401941098,439.6,"14 Nguyễn Đình Chiểu, Quận 9, TP.HCM",Quận 9,,,,đất nền
11121501154,122.2,"246 Cách Mạng Tháng 8, Quận 12, TP.HCM",Quận 12,4.0,2.0,,căn hộ
6589921599,44.0,"61 Phạm Văn Đồng, Quận 7, TP.HCM",Quận 7,3.0,2.0,4.0,nhà hẻm
8321726514,59.0,"161 Hai Bà Trưng, Quận 7, TP.HCM",Quận 7,3.0,1.0,1.0,nhà hẻm
11531052897,81.5,"38 Lê Lợi, Tân Bình, TP.HCM",Tân Bình,,,,đất nền
5045652294,87.9,"42 Hoàng Văn Thụ, Nhà Bè, TP.HCM",Nhà Bè,3.0,2.0,1.0,nhà hẻm
10424563103,76.9,"239 Lý Thường Kiệt, Bình Tân, TP.HCM",Bình Tân,4.0,3.0,2.0,nhà hẻm
10387714634,49.2,"35 Phạm Văn Đồng, Quận 2, TP.HCM",Quận 2,3.0,1.0,4.0,nhà hẻm
28877594355,204.9,"157 Phan Xích Long, Quận 4, TP.HCM",Quận 4,,,,đất nền
34626048000,147.5,"74 Nguyễn Đình Chiểu, Quận 2, TP.HCM",Quận 2,1.0,2.0,,căn hộ
19919593482,174.3,"158 Cách Mạng Tháng 8, Quận 12, TP.HCM",Quận 12,,,,đất nền
17406889368,105.8,"50 Võ Văn Tần, Tân Bình, TP.HCM",Tân Bình,4.0,1.0,,căn hộ
64637747840,141.9,"207 Nguyễn Văn Trỗi, Quận 1, TP.HCM",Quận 1,2.0,2.0,5.0,nhà phố
8466418065,76.2,"197 Nam Kỳ Khởi Nghĩa, Bình Tân, TP.HCM",Bình Tân,4.0,3.0,2.0,nhà phố
21001478552,50.6,"237 Nam Kỳ Khởi Nghĩa, Quận 1, TP.HCM",Quận 1,4.0,3.0,1.0,nhà hẻm
2903750758,51.9,"230 Nguyễn Văn Trỗi, Bình Tân, TP.HCM",Bình Tân,3.0,1.0,2.0,nhà trọ / phòng
5510568823,56.0,"138 Nguyễn Văn Trỗi, Quận 9, TP.HCM",Quận 9,4.0,1.0,3.0,nhà hẻm
15800000000.0,100 m 2,"Huyện Bình Chánh, TPHCM",6,7,nhà ở,,nha-dat
27000000000.0,160 m 2,"Huyện Nhà Bè, TPHCM",4,3,nhà ở,,nha-dat
39000000000.0,200 m 2,"Quận 11, TPHCM",2,2,nhà ở,,nha-dat
10900000000.0,114 m 2,"Quận Tân Phú, TPHCM",7,5,nhà ở,,nha-dat
16500000000.0,138 m 2,"Quận Gò Vấp, TPHCM",16,16,nhà ở,,nha-dat
14000000000.0,135 m 2,"Quận 7, TPHCM",3,2,nhà ở,,nha-dat
55000000000.0,245 m 2,"Quận Tân Bình, TPHCM",3,3,nhà ở,,nha-dat
75000000000.0,160 m 2,"Quận 2 (TP. Thủ Đức), TPHCM",5,5,nhà ở,,nha-dat
4380000000.0,100 m 2,"TP. Biên Hoà, Đồng Nai",0,0,nhà ở,,nha-dat
130000000000.0,200 m 2,"Quận 1, TPHCM",9,9,nhà ở,,nha-dat
9200000000.0,345 m 2,"Huyện Vĩnh Cửu, Đồng Nai",2,2,nhà ở,,nha-dat
4200000000.0,75 m 2,"Quận Tân Phú, TPHCM",2,2,căn hộ,,nha-dat
2715000000.0,30 m 2,"Huyện Bình Chánh, TPHCM",4,4,nhà ở,,nha-dat
48000000000.0,624 m 2,"Huyện Hóc Môn, TPHCM",4,6,nhà ở,,nha-dat
16500000000.0,92 m 2,"Quận Phú Nhuận, TPHCM",2,1,nhà ở,,nha-dat
12500000000.0,135 m 2,"Quận 7, TPHCM",3,2,nhà ở,,nha-dat
23900000000.0,94 m 2,"Quận 10, TPHCM",3,2,nhà ở,,nha-dat
28000000.0,184 m 2,"Quận 2 (TP. Thủ Đức), TPHCM",5,5,biệt thự,,nha-dat
7700000000.0,171 m 2,"TP. Biên Hoà, Đồng Nai",8,9,nhà ở,,nha-dat
23800000000.0,2057 m 2,"Huyện Châu Đức, Bà Rịa - Vũng Tàu",0,0,nhà ở,,nha-dat
6900000000.0,1150 m 2,"Huyện Vĩnh Cửu, Đồng Nai",0,0,nhà ở,,nha-dat
120000000000.0,245 m 2,"Quận 3, TPHCM",7,7,nhà ở,,nha-dat
4795000000.0,46 m 2,"Quận Bình Tân, TPHCM",5,5,nhà ở,,nha-dat
21000000000.0,151 m 2,"Quận Gò Vấp, TPHCM",5,5,nhà ở,,nha-dat
16000000000.0,125 m 2,"Quận Bình Thạnh, TPHCM",5,6,nhà ở,,nha-dat
26000000000.0,119 m 2,"Quận 2 (TP. Thủ Đức), TPHCM",4,4,biệt thự,,nha-dat
8500000000.0,135 m 2,"TP. Biên Hoà, Đồng Nai",5,4,nhà ở,,nha-dat
23800000000.0,2057 m 2,"Huyện Châu Đức, Bà Rịa - Vũng Tàu",0,0,nhà ở,,nha-dat
5650000000.0,72 m 2,"TP. Biên Hoà, Đồng Nai",0,0,nhà ở,,nha-dat
90000000000.0,240 m 2,"Quận 3, TPHCM",7,7,nhà ở,,nha-dat
3985000000.0,44 m 2,"Quận Gò Vấp, TPHCM",3,3,nhà ở,,nha-dat
26000000000.0,124 m 2,"Quận Bình Thạnh, TPHCM",5,6,nhà ở,,nha-dat
21000000000.0,175 m 2,"Quận Bình Thạnh, TPHCM",12,12,nhà ở,,nha-dat
9550000000.0,100 m 2,"Quận 7, TPHCM",3,2,nhà ở,,nha-dat
8500000000.0,188 m 2,"TP. Biên Hoà, Đồng Nai",0,0,nhà ở,,nha-dat
18000000000.0,920 m 2,"Thị Xã Phú Mỹ, Bà Rịa - Vũng Tàu",0,0,nhà ở,,nha-dat
100000000000.0,220 m 2,"Quận 3, TPHCM",2,2,nhà ở,,nha-dat
40000000000.0,850 m 2,"TP. Biên Hoà, Đồng Nai",0,0,nhà ở,,nha-dat
4390000000.0,65 m 2,"Quận Tân Phú, TPHCM",2,1,căn hộ,,nha-dat
4195000000.0,40 m 2,"Quận Gò Vấp, TPHCM",3,3,nhà ở,,nha-dat
21900000000.0,108 m 2,"Quận Gò Vấp, TPHCM",17,17,nhà ở,,nha-dat
49990000000.0,186 m 2,"Quận Phú Nhuận, TPHCM",5,5,nhà ở,,nha-dat
102000000000.0,393 m 2,"Quận 2 (TP. Thủ Đức), TPHCM",1,1,nhà ở,,nha-dat
6800000000.0,104 m 2,"TP. Biên Hoà, Đồng Nai",4,3,nhà ở,,nha-dat
23700000000.0,2057 m 2,"Huyện Châu Đức, Bà Rịa - Vũng Tàu",0,0,nhà ở,,nha-dat
65000000000.0,160 m 2,"Quận 1, TPHCM",5,5,nhà ở,,nha-dat
70000000000.0,4300 m 2,"Huyện Vĩnh Cửu, Đồng Nai",0,0,nhà ở,,nha-dat
3950000000.0,68 m 2,"Quận Bình Tân, TPHCM",2,2,căn hộ,,nha-dat
2730000000.0,36 m 2,"Quận Gò Vấp, TPHCM",2,2,nhà ở,,nha-dat
12199000000.0,64 m 2,"Quận Gò Vấp, TPHCM",5,5,nhà ở,,nha-dat
76000000000.0,90 m 2,"Quận 1, TPHCM",8,8,nhà ở,,nha-dat
13000000000.0,55 m 2,"Quận 2 (TP. Thủ Đức), TPHCM",0,0,nhà ở,,nha-dat
29000000000.0,144 m 2,"TP. Biên Hoà, Đồng Nai",16,6,nhà ở,,nha-dat
23800000000.0,5057 m 2,"Huyện Châu Đức, Bà Rịa - Vũng Tàu",0,0,nhà ở,,nha-dat
140000000000.0,331 m 2,"Quận 3, TPHCM",3,3,nhà ở,,nha-dat
6900000000.0,85 m 2,"TP. Biên Hoà, Đồng Nai",4,3,nhà ở,,nha-dat
3150000000.0,53 m 2,"Quận Tân Phú, TPHCM",2,1,căn hộ,,nha-dat
4719000000.0,40 m 2,"Quận Tân Bình, TPHCM",4,5,nhà ở,,nha-dat
13500000000.0,132 m 2,"Quận Gò Vấp, TPHCM",8,7,nhà ở,,nha-dat
58000000000.0,215 m 2,"Quận Phú Nhuận, TPHCM",6,6,nhà ở,,nha-dat
25499000000.0,140 m 2,"Quận 2 (TP. Thủ Đức), TPHCM",4,4,nhà ở,,nha-dat
7000000000.0,237 m 2,"TP. Biên Hoà, Đồng Nai",0,0,nhà ở,,nha-dat
350000000000.0,450 m 2,"Quận 3, TPHCM",11,11,nhà ở,,nha-dat
6000000000.0,72 m 2,"TP. Biên Hoà, Đồng Nai",3,3,nhà ở,,nha-dat
3000000000.0,50 m 2,"Quận Tân Bình, TPHCM",1,1,căn hộ,,nha-dat
2174000000.0,27 m 2,"Quận Phú Nhuận, TPHCM",4,4,nhà ở,,nha-dat
24000000000.0,120 m 2,"Quận Gò Vấp, TPHCM",10,10,nhà ở,,nha-dat
32900000000.0,70 m 2,"Quận 1, TPHCM",10,11,nhà ở,,nha-dat
81999000000.0,448 m 2,"Quận 2 (TP. Thủ Đức), TPHCM",5,5,biệt thự,,nha-dat
80000000000.0,925 m 2,"TP. Biên Hoà, Đồng Nai",0,0,nhà ở,,nha-dat
165000000000.0,350 m 2,"Quận 3, TPHCM",8,8,nhà ở,,nha-dat
8500000000.0,68 m 2,"TP. Biên Hoà, Đồng Nai",3,2,nhà ở,,nha-dat
3400000000.0,61 m 2,"Quận Tân Bình, TPHCM",2,2,căn hộ,,nha-dat
2938000000.0,27 m 2,"Quận Bình Thạnh, TPHCM",3,3,nhà ở,,nha-dat
16500000000.0,90 m 2,"Quận Tân Bình, TPHCM",5,6,nhà ở,,nha-dat
369900000000.0,643 m 2,"Quận 3, TPHCM",6,6,nhà ở,,nha-dat
37000000000.0,210 m 2,"Quận 2 (TP. Thủ Đức), TPHCM",4,3,nhà phố,,nha-dat
19000000000.0,72 m 2,"TP. Biên Hoà, Đồng Nai",5,4,nhà ở,,nha-dat
1800000000.0,72 m 2,"TP. Biên Hoà, Đồng Nai",0,0,nhà ở,,nha-dat
107000000000.0,92 m 2,"Quận 1, TPHCM",15,15,nhà ở,,nha-dat
4190000000.0,86 m 2,"Quận Tân Phú, TPHCM",3,2,căn hộ,,nha-dat
3410000000.0,66 m 2,"Quận Gò Vấp, TPHCM",3,2,nhà ở,,nha-dat
15300000000.0,115 m 2,"Quận Gò Vấp, TPHCM",4,6,nhà ở,,nha-dat
45000000000.0,160 m 2,"Quận Bình Thạnh, TPHCM",6,6,nhà ở,,nha-dat
37000000000.0,200 m 2,"Quận 2 (TP. Thủ Đức), TPHCM",0,0,đất nền,,nha-dat
3200000000.0,85 m 2,"TP. Biên Hoà, Đồng Nai",0,0,nhà ở,,nha-dat
15200000000.0,82 m 2,"Quận 6, TPHCM",1,1,nhà ở,,nha-dat
6500000000.0,91 m 2,"TP. Biên Hoà, Đồng Nai",0,0,nhà ở,,nha-dat
210000000000.0,350 m 2,"Quận 1, TPHCM",50,50,nhà ở,,nha-dat
3800000000.0,83 m 2,"Quận Tân Bình, TPHCM",2,2,căn hộ,,nha-dat
2980000000.0,24 m 2,"Quận Phú Nhuận, TPHCM",2,2,nhà ở,,nha-dat
12500000000.0,80 m 2,"Quận Gò Vấp, TPHCM",6,6,nhà ở,,nha-dat
39000000000.0,270 m 2,"Quận 10, TPHCM",39,39,nhà ở,,nha-dat
35000000000.0,160 m 2,"Quận 2 (TP. Thủ Đức), TPHCM",3,3,biệt thự,,nha-dat
3750000000.0,79 m 2,"TP. Biên Hoà, Đồng Nai",4,2,nhà ở,,nha-dat
21000000000.0,128 m 2,"Quận 6, TPHCM",10,4,nhà ở,,nha-dat
11000000000.0,268 m 2,"TP. Biên Hoà, Đồng Nai",5,4,biệt thự,,nha-dat
115000000000.0,220 m 2,"Quận 1, TPHCM",5,5,nhà ở,,nha-dat
6500000000.0,71 m 2,"Quận Tân Bình, TPHCM",2,2,căn hộ,,nha-dat
3785000000.0,35 m 2,"Quận 4, TPHCM",2,2,nhà ở,,nha-dat
17800000000.0,105 m 2,"Quận Gò Vấp, TPHCM",17,17,nhà ở,,nha-dat
115000000000.0,260 m 2,"Quận Phú Nhuận, TPHCM",1,1,nhà ở,,nha-dat
23500000000.0,80 m 2,"Quận 2 (TP. Thủ Đức), TPHCM",4,4,nhà phố,,nha-dat
10500000000.0,158 m 2,"TP. Biên Hoà, Đồng Nai",6,3,nhà ở,,nha-dat
14500000000.0,99 m 2,"Quận Bình Tân, TPHCM",0,0,nhà ở,,nha-dat
2400000000.0,61 m 2,"TP. Biên Hoà, Đồng Nai",2,2,nhà ở,,nha-dat
209000000000.0,126 m 2,"Quận 1, TPHCM",9,9,nhà ở,,nha-dat
3680000000.0,67 m 2,"Quận Tân Phú, TPHCM",2,1,căn hộ,,nha-dat
2810000000.0,66 m 2,"Quận 7, TPHCM",2,2,nhà ở,,nha-dat
13200000000.0,135 m 2,"Quận 7, TPHCM",3,2,nhà ở,,nha-dat
15800000000.0,153 m 2,"Quận Gò Vấp, TPHCM",15,15,nhà ở,,nha-dat
85000000000.0,130 m 2,"Quận 3, TPHCM",7,7,nhà ở,,nha-dat
18000000000.0,80 m 2,"Quận 2 (TP. Thủ Đức), TPHCM",4,4,nhà phố,,nha-dat
7900000000.0,82 m 2,"TP. Biên Hoà, Đồng Nai",0,0,nhà ở,,nha-dat
12200000000.0,90 m 2,"Quận 6, TPHCM",5,6,nhà ở,,nha-dat
115000000000.0,330 m 2,"Quận 2 (TP. Thủ Đức), TPHCM",6,6,nhà ở,,nha-dat
13000000000.0,130 m 2,"TP. Biên Hoà, Đồng Nai",3,3,nhà ở,,nha-dat
5100000000.0,95 m 2,"Quận Tân Bình, TPHCM",3,2,căn hộ,,nha-dat
3190000000.0,42 m 2,"Quận Gò Vấp, TPHCM",3,3,nhà ở,,nha-dat
9500000000.0,80 m 2,"Quận Gò Vấp, TPHCM",4,5,nhà ở,,nha-dat
350000000000.0,465 m 2,"Quận Phú Nhuận, TPHCM",2,2,nhà ở,,nha-dat
50000000000.0,303 m 2,"TP. Biên Hoà, Đồng Nai",0,0,nhà ở,,nha-dat
15000000000.0,84 m 2,"Quận 6, TPHCM",4,5,nhà ở,,nha-dat
64000000000.0,180 m 2,"Quận 3, TPHCM",3,3,nhà ở,,nha-dat
4300000000.0,76 m 2,"TP. Biên Hoà, Đồng Nai",3,2,nhà ở,,nha-dat
5900000000.0,112 m 2,"Quận Tân Phú, TPHCM",3,2,căn hộ,,nha-dat
2625000000.0,27 m 2,"Quận Gò Vấp, TPHCM",3,2,nhà ở,,nha-dat
15700000000.0,80 m 2,"Quận Gò Vấp, TPHCM",7,7,nhà hẻm,,nha-dat
69900000000.0,230 m 2,"Quận Tân Bình, TPHCM",45,44,nhà ở,,nha-dat
26800000000.0,569 m 2,"TP. Biên Hoà, Đồng Nai",17,17,nhà ở,,nha-dat
9150000000.0,80 m 2,"Quận Bình Tân, TPHCM",0,0,nhà ở,,nha-dat
8500000000.0,240 m 2,"TP. Biên Hoà, Đồng Nai",0,0,biệt thự,,nha-dat
62000000000.0,230 m 2,"Quận Bình Thạnh, TPHCM",5,5,nhà ở,,nha-dat
3950000000.0,74 m 2,"Quận Tân Phú, TPHCM",2,2,căn hộ,,nha-dat
1995000000.0,21 m 2,"Quận Gò Vấp, TPHCM",2,2,nhà ở,,nha-dat
23000000000.0,100 m 2,"Quận Tân Bình, TPHCM",4,6,nhà ở,,nha-dat
69900000000.0,145 m 2,"Quận 1, TPHCM",5,5,nhà ở,,nha-dat
55000000000.0,200 m 2,"Quận 2 (TP. Thủ Đức), TPHCM",6,6,nhà ở,,nha-dat
28500000000.0,190 m 2,"TP. Biên Hoà, Đồng Nai",6,6,nhà ở,,nha-dat
15500000000.0,80 m 2,"Quận Bình Tân, TPHCM",5,4,nhà ở,,nha-dat
6150000000.0,95 m 2,"TP. Biên Hoà, Đồng Nai",5,4,nhà ở,,nha-dat
92000000000.0,245 m 2,"Quận 1, TPHCM",3,3,nhà ở,,nha-dat
4000000000.0,86 m 2,"Quận Tân Phú, TPHCM",3,2,căn hộ,,nha-dat
2719000000.0,32 m 2,"Quận Gò Vấp, TPHCM",2,2,nhà ở,,nha-dat
16000000000.0,110 m 2,"Quận Gò Vấp, TPHCM",14,14,nhà ở,,nha-dat
55000000000.0,230 m 2,"Quận 10, TPHCM",5,5,nhà ở,,nha-dat
15000000000.0,82 m 2,"Quận 2 (TP. Thủ Đức), TPHCM",2,2,nhà ở,,nha-dat
13500000000.0,250 m 2,"TP. Biên Hoà, Đồng Nai",5,4,nhà ở,,nha-dat
9200000000.0,70 m 2,"Quận 6, TPHCM",3,3,nhà ở,,nha-dat
45900000000.0,230 m 2,"Quận 2 (TP. Thủ Đức), TPHCM",0,0,nhà ở,,nha-dat
2300000000.0,92 m 2,"TP. Biên Hoà, Đồng Nai",3,1,nhà ở,,nha-dat
5500000000.0,107 m 2,"Quận Tân Phú, TPHCM",3,3,căn hộ,,nha-dat
22500000000.0,150 m 2,"Quận Gò Vấp, TPHCM",4,3,nhà ở,,nha-dat
65000000000.0,300 m 2,"Quận Tân Bình, TPHCM",8,8,nhà ở,,nha-dat
22900000000.0,521 m 2,"TP. Biên Hoà, Đồng Nai",0,0,nhà ở,,nha-dat
30000000000.0,240 m 2,"Quận Bình Tân, TPHCM",4,5,biệt thự,,nha-dat
3100000000.0,77 m 2,"TP. Biên Hoà, Đồng Nai",3,2,nhà ở,,nha-dat
58000000000.0,289 m 2,"Quận 2 (TP. Thủ Đức), TPHCM",0,0,nhà ở,,nha-dat
3300000000.0,50 m 2,"Quận Tân Phú, TPHCM",1,1,căn hộ,,nha-dat
17319000000.0,110 m 2,"Quận Gò Vấp, TPHCM",13,13,nhà ở,,nha-dat
55000000000.0,100 m 2,"Quận 3, TPHCM",6,6,nhà ở,,nha-dat
33000000000.0,240 m 2,"Quận 2 (TP. Thủ Đức), TPHCM",0,0,nhà ở,,nha-dat
20000000000.0,144 m 2,"TP. Biên Hoà, Đồng Nai",8,8,nhà ở,,nha-dat
31200000000.0,200 m 2,"Quận Bình Tân, TPHCM",5,4,biệt thự,,nha-dat
31000000000.0,3100 m 2,"Huyện Vĩnh Cửu, Đồng Nai",0,0,nhà ở,,nha-dat
330000000000.0,602 m 2,"Quận Bình Thạnh, TPHCM",15,15,nhà ở,,nha-dat
3800000000.0,75 m 2,"Quận Tân Phú, TPHCM",2,2,căn hộ,,nha-dat
15000000000.0,84 m 2,"Quận Phú Nhuận, TPHCM",6,3,nhà ở,,nha-dat
35000000000.0,88 m 2,"Quận 1, TPHCM",8,8,nhà hẻm,,nha-dat
35000000000.0,125 m 2,"Quận 2 (TP. Thủ Đức), TPHCM",4,4,nhà phố,,nha-dat
8500000000.0,259 m 2,"TP. Biên Hoà, Đồng Nai",0,0,nhà ở,,nha-dat
33000000000.0,200 m 2,"Quận Bình Tân, TPHCM",12,14,nhà ở,,nha-dat
1700000000.0,100 m 2,"Huyện Vĩnh Cửu, Đồng Nai",0,0,nhà ở,,nha-dat
219000000000.0,1120 m 2,"Quận Phú Nhuận, TPHCM",1,1,nhà ở,,nha-dat
3100000000.0,78 m 2,"Quận Tân Phú, TPHCM",2,2,căn hộ,,nha-dat
16700000000.0,170 m 2,"Quận Gò Vấp, TPHCM",4,2,nhà ở,,nha-dat
85000000000.0,106 m 2,"Quận 1, TPHCM",3,2,nhà ở,,nha-dat
14000000000.0,134 m 2,"TP. Biên Hoà, Đồng Nai",7,4,nhà ở,,nha-dat
14000000000.0,76 m 2,"Quận 6, TPHCM",10,11,nhà ở,,nha-dat
7300000000.0,74 m 2,"TP. Biên Hoà, Đồng Nai",0,0,nhà ở,,nha-dat
300000000000.0,1800 m 2,"Quận 2 (TP. Thủ Đức), TPHCM",4,4,nhà ở,,nha-dat
3900000000.0,91 m 2,"Quận Tân Bình, TPHCM",2,2,căn hộ,,nha-dat
46500000000.0,1309 m 2,"Quận 12, TPHCM",5,7,nhà ở,,nha-dat
35000000000.0,176 m 2,"Quận Phú Nhuận, TPHCM",6,6,nhà ở,,nha-dat
7400000000.0,74 m 2,"TP. Biên Hoà, Đồng Nai",0,0,nhà ở,,nha-dat
5500000000.0,41 m 2,"Quận Bình Tân, TPHCM",2,3,nhà ở,,nha-dat
35000000000.0,260 m 2,"TP. Biên Hoà, Đồng Nai",36,36,nhà ở,,nha-dat
100000000000.0,160 m 2,"Quận 1, TPHCM",4,4,nhà ở,,nha-dat
3350000000.0,75 m 2,"Quận Tân Phú, TPHCM",2,2,căn hộ,,nha-dat
21000000000.0,168 m 2,"Quận Gò Vấp, TPHCM",10,8,nhà hẻm,,nha-dat
29000000000.0,83 m 2,"Quận 1, TPHCM",5,5,nhà ở,,nha-dat
13800000000.0,89 m 2,"TP. Biên Hoà, Đồng Nai",4,3,nhà ở,,nha-dat
7380000000.0,40 m 2,"Quận Bình Tân, TPHCM",4,3,nhà ở,,nha-dat
360000000000.0,252 m 2,"Quận 1, TPHCM",2,2,nhà ở,,nha-dat
5000000000.0,58 m 2,"Quận Tân Bình, TPHCM",1,1,căn hộ,,nha-dat
19500000000.0,102 m 2,"Quận Gò Vấp, TPHCM",3,3,nhà hẻm,,nha-dat
50000000000.0,250 m 2,"Quận Tân Bình, TPHCM",3,3,nhà ở,,nha-dat
10000000000.0,167 m 2,"TP. Biên Hoà, Đồng Nai",4,3,nhà ở,,nha-dat
10000000000.0,68 m 2,"Quận Bình Tân, TPHCM",4,4,nhà ở,,nha-dat
250000000000.0,1028 m 2,"Quận 2 (TP. Thủ Đức), TPHCM",2,2,nhà ở,,nha-dat
3550000000.0,68 m 2,"Quận Tân Phú, TPHCM",2,2,căn hộ,,nha-dat
34900000000.0,176 m 2,"Quận Bình Thạnh, TPHCM",6,6,nhà ở,,nha-dat
32900000000.0,66 m 2,"Quận 1, TPHCM",10,11,nhà ở,,nha-dat
21000000000.0,346 m 2,"TP. Biên Hoà, Đồng Nai",3,3,nhà ở,,nha-dat
8100000000.0,72 m 2,"Quận Bình Tân, TPHCM",1,1,nhà ở,,nha-dat
200000000000.0,260 m 2,"Quận 3, TPHCM",11,11,nhà ở,,nha-dat
5100000000.0,118 m 2,"Quận Tân Bình, TPHCM",3,2,căn hộ,,nha-dat
22400000000.0,192 m 2,"Quận Gò Vấp, TPHCM",6,6,nhà ở,,nha-dat
60000000000.0,144 m 2,"Quận Tân Bình, TPHCM",4,4,nhà ở,,nha-dat
12500000000.0,404 m 2,"TP. Biên Hoà, Đồng Nai",5,3,nhà ở,,nha-dat
12200000000.0,76 m 2,"Quận 6, TPHCM",5,5,nhà ở,,nha-dat
112000000000.0,223 m 2,"Quận 10, TPHCM",4,4,nhà ở,,nha-dat
5000000000.0,104 m 2,"Quận Tân Bình, TPHCM",3,2,căn hộ,,nha-dat
25000000000.0,100 m 2,"Quận Gò Vấp, TPHCM",5,4,nhà phố,,nha-dat
14990000000.0,90 m 2,"Quận 3, TPHCM",5,5,nhà ở,,nha-dat
16000000000.0,118 m 2,"TP. Biên Hoà, Đồng Nai",6,6,nhà ở,,nha-dat
16000000000.0,123 m 2,"Quận 6, TPHCM",1,1,nhà ở,,nha-dat
320000000000.0,428 m 2,"Quận 1, TPHCM",3,3,nhà ở,,nha-dat
5200000000.0,70 m 2,"Quận Phú Nhuận, TPHCM",2,2,căn hộ,,nha-dat
5200000000.0,100 m 2,"Quận Tân Phú, TPHCM",3,2,căn hộ,,nha-dat
26000000000.0,134 m 2,"Quận Gò Vấp, TPHCM",21,22,nhà ở,,nha-dat
29000000000.0,200 m 2,"TP. Biên Hoà, Đồng Nai",4,2,nhà ở,,nha-dat
9800000000.0,72 m 2,"Quận Bình Tân, TPHCM",4,5,nhà ở,,nha-dat
170000000000.0,170 m 2,"Quận 1, TPHCM",8,8,nhà ở,,nha-dat
6290000000.0,40 m 2,"Quận Gò Vấp, TPHCM",4,0,nhà ở,,nha-dat
24900000000.0,148 m 2,"Quận Gò Vấp, TPHCM",17,18,nhà ở,,nha-dat
125000000000.0,230 m 2,"Quận 1, TPHCM",2,2,nhà ở,,nha-dat
36000000000.0,173 m 2,"TP. Biên Hoà, Đồng Nai",3,2,nhà ở,,nha-dat
13000000000.0,68 m 2,"Quận 6, TPHCM",4,4,nhà ở,,nha-dat
235000000000.0,204 m 2,"Quận 1, TPHCM",10,10,nhà ở,,nha-dat
5000000000.0,103 m 2,"Quận Tân Phú, TPHCM",3,2,căn hộ,,nha-dat
6900000000.0,44 m 2,"Quận Bình Thạnh, TPHCM",2,2,nhà ở,,nha-dat
31000000000.0,150 m 2,"Quận Gò Vấp, TPHCM",0,8,nhà ở,,nha-dat
14800000000.0,52 m 2,"Quận Phú Nhuận, TPHCM",10,10,nhà ở,,nha-dat
50000000000.0,877 m 2,"TP. Biên Hoà, Đồng Nai",0,0,nhà ở,,nha-dat
47000000000.0,200 m 2,"Quận Bình Tân, TPHCM",9,9,biệt thự,,nha-dat
74500000000.0,250 m 2,"Quận 3, TPHCM",7,7,nhà ở,,nha-dat
15000000000.0,100 m 2,"Quận 7, TPHCM",16,16,nhà ở,,nha-dat
33900000000.0,180 m 2,"Quận Gò Vấp, TPHCM",27,27,nhà ở,,nha-dat
24990000000.0,68 m 2,"Quận 3, TPHCM",15,15,nhà ở,,nha-dat
11200000000.0,195 m 2,"TP. Biên Hoà, Đồng Nai",4,5,nhà ở,,nha-dat
27000000000.0,180 m 2,"Quận Bình Tân, TPHCM",9,9,nhà ở,,nha-dat
3980000000.0,75 m 2,"Quận Tân Phú, TPHCM",2,2,căn hộ,,nha-dat
4500000000.0,92 m 2,"Quận 12, TPHCM",3,2,nhà ở,,nha-dat
17000000000.0,158 m 2,"Quận Gò Vấp, TPHCM",5,5,nhà ở,,nha-dat
24900000000.0,132 m 2,"Quận 3, TPHCM",5,5,nhà ở,,nha-dat
7200000000.0,150 m 2,"TP. Biên Hoà, Đồng Nai",2,2,nhà ở,,nha-dat
8500000000.0,48 m 2,"Quận 6, TPHCM",4,3,nhà ở,,nha-dat
7800000000.0,68 m 2,"Quận 4, TPHCM",3,3,nhà ở,,nha-dat
23000000000.0,190 m 2,"Quận Tân Bình, TPHCM",4,2,nhà ở,,nha-dat
134000000000.0,1339 m 2,"TP. Biên Hoà, Đồng Nai",0,0,nhà ở,,nha-dat
10800000000.0,144 m 2,"Quận 6, TPHCM",4,5,nhà ở,,nha-dat
7900000000.0,157 m 2,"Quận Thủ Đức (TP. Thủ Đức), TPHCM",0,0,nhà ở,,nha-dat
32000000000.0,198 m 2,"Quận Bình Thạnh, TPHCM",3,4,biệt thự,,nha-dat
23000000000.0,240 m 2,"Quận Bình Thạnh, TPHCM",5,5,nhà ở,,nha-dat
29000000000.0,202 m 2,"TP. Biên Hoà, Đồng Nai",4,3,nhà ở,,nha-dat
10500000000.0,64 m 2,"Quận 6, TPHCM",5,5,nhà ở,,nha-dat
4600000000.0,88 m 2,"Quận Tân Phú, TPHCM",3,2,căn hộ,,nha-dat
4950000000.0,60 m 2,"Quận 12, TPHCM",2,2,nhà hẻm,,nha-dat
12600000000.0,95 m 2,"Quận Gò Vấp, TPHCM",12,12,nhà ở,,nha-dat
35000000000.0,120 m 2,"Quận 5, TPHCM",5,5,nhà ở,,nha-dat
10800000000.0,198 m 2,"TP. Biên Hoà, Đồng Nai",4,4,nhà ở,,nha-dat
23900000000.0,168 m 2,"Quận Bình Tân, TPHCM",4,4,biệt thự,,nha-dat
3100000000.0,50 m 2,"Quận Tân Phú, TPHCM",1,1,căn hộ,,nha-dat
17500000000.0,130 m 2,"Quận 12, TPHCM",24,25,nhà ở,,nha-dat
22300000000.0,220 m 2,"Quận Gò Vấp, TPHCM",4,4,nhà ở,,nha-dat
130000000000.0,80 m 2,"Quận 1, TPHCM",8,8,nhà ở,,nha-dat
19000000000.0,144 m 2,"TP. Biên Hoà, Đồng Nai",26,25,nhà ở,,nha-dat
8700000000.0,60 m 2,"Quận 6, TPHCM",4,3,nhà ở,,nha-dat
3900000000.0,92 m 2,"Quận Tân Bình, TPHCM",2,2,căn hộ,,nha-dat
13500000000.0,120 m 2,"Quận Gò Vấp, TPHCM",5,5,nhà ở,,nha-dat
39000000000.0,110 m 2,"Quận 1, TPHCM",12,13,nhà ở,,nha-dat
11500000000.0,72 m 2,"TP. Biên Hoà, Đồng Nai",6,4,nhà ở,,nha-dat
13500000000.0,78 m 2,"Quận 6, TPHCM",5,6,nhà ở,,nha-dat
25000000000.0,144 m 2,"Quận Gò Vấp, TPHCM",4,6,biệt thự,,nha-dat
45000000000.0,165 m 2,"Quận Bình Thạnh, TPHCM",5,5,nhà ở,,nha-dat
12500000000.0,171 m 2,"TP. Biên Hoà, Đồng Nai",3,1,nhà ở,,nha-dat
25000000000.0,80 m 2,"Quận 6, TPHCM",4,3,nhà ở,,nha-dat
24700000000.0,120 m 2,"Quận Bình Thạnh, TPHCM",2,2,nhà ở,,nha-dat
46900000000.0,80 m 2,"Quận 1, TPHCM",18,18,nhà ở,,nha-dat
8000000000.0,119 m 2,"TP. Biên Hoà, Đồng Nai",0,0,nhà ở,,nha-dat
8800000000.0,85 m 2,"Quận Bình Tân, TPHCM",3,3,nhà ở,,nha-dat
25000000000.0,180 m 2,"Quận 12, TPHCM",26,26,nhà ở,,nha-dat
18000000000.0,88 m 2,"Quận 1, TPHCM",7,7,nhà hẻm,,nha-dat
70000000000.0,1261 m 2,"TP. Biên Hoà, Đồng Nai",3,2,nhà ở,,nha-dat
12000000000.0,72 m 2,"Quận 6, TPHCM",3,3,nhà ở,,nha-dat
15500000000.0,93 m 2,"Quận Gò Vấp, TPHCM",11,11,nhà ở,,nha-dat
123000000000.0,610 m 2,"Quận Bình Thạnh, TPHCM",3,3,nhà ở,,nha-dat
8000000000.0,300 m 2,"TP. Biên Hoà, Đồng Nai",0,0,nhà ở,,nha-dat
8200000000.0,64 m 2,"Quận 6, TPHCM",2,2,nhà ở,,nha-dat
4800000000.0,73 m 2,"Quận Tân Bình, TPHCM",2,2,căn hộ,,nha-dat
33000000000.0,156 m 2,"Quận Gò Vấp, TPHCM",18,18,nhà ở,,nha-dat
105000000000.0,225 m 2,"Quận 10, TPHCM",10,10,nhà ở,,nha-dat
19000000000.0,179 m 2,"TP. Biên Hoà, Đồng Nai",4,2,nhà ở,,nha-dat
9200000000.0,92 m 2,"Quận Bình Tân, TPHCM",4,4,nhà ở,,nha-dat
7300000000.0,240 m 2,"Quận Tân Bình, TPHCM",4,3,căn hộ,,nha-dat
15500000000.0,94 m 2,"Quận Tân Bình, TPHCM",5,6,nhà ở,,nha-dat
25000000000.0,110 m 2,"Quận 1, TPHCM",6,6,nhà ở,,nha-dat
87000000000.0,8700 m 2,"TP. Biên Hoà, Đồng Nai",0,0,nhà ở,,nha-dat
12000000000.0,96 m 2,"Quận 6, TPHCM",0,0,nhà ở,,nha-dat
4100000000.0,74 m 2,"Quận Tân Phú, TPHCM",2,2,căn hộ,,nha-dat
16900000000.0,110 m 2,"Quận Gò Vấp, TPHCM",4,3,nhà ở,,nha-dat
23500000000.0,68 m 2,"Quận 1, TPHCM",8,8,nhà ở,,nha-dat
58000000000.0,615 m 2,"TP. Biên Hoà, Đồng Nai",0,0,nhà ở,,nha-dat
13800000000.0,100 m 2,"Quận Bình Tân, TPHCM",4,5,nhà ở,,nha-dat
3650000000.0,71 m 2,"Quận Tân Phú, TPHCM",2,2,căn hộ,,nha-dat
24500000000.0,115 m 2,"Quận Bình Thạnh, TPHCM",5,6,nhà ở,,nha-dat
35000000000.0,209 m 2,"TP. Biên Hoà, Đồng Nai",0,0,nhà ở,,nha-dat
14200000000.0,100 m 2,"Quận Bình Tân, TPHCM",4,5,nhà ở,,nha-dat
3000000000.0,50 m 2,"Quận Tân Phú, TPHCM",1,1,căn hộ,,nha-dat
49500000000.0,355 m 2,"Quận Gò Vấp, TPHCM",70,70,nhà ở,,nha-dat
65000000000.0,182 m 2,"Quận Bình Thạnh, TPHCM",3,3,nhà ở,,nha-dat
32000000000.0,284 m 2,"TP. Biên Hoà, Đồng Nai",0,0,nhà ở,,nha-dat
8200000000.0,42 m 2,"Quận 6, TPHCM",3,4,nhà ở,,nha-dat
11000000000.0,105 m 2,"Huyện Bình Chánh, TPHCM",0,0,nhà phố,,nha-dat
3200000000.0,65 m 2,"Quận 12, TPHCM",2,2,căn hộ,,nha-dat
12500000000.0,121 m 2,"Quận Gò Vấp, TPHCM",11,11,nhà ở,,nha-dat
37000000000.0,182 m 2,"Quận 1, TPHCM",2,2,nhà ở,,nha-dat
32000000000.0,200 m 2,"TP. Biên Hoà, Đồng Nai",3,2,nhà ở,,nha-dat
38000000000.0,183 m 2,"Quận 6, TPHCM",8,9,biệt thự,,nha-dat
5750000000.0,97 m 2,"Quận Tân Phú, TPHCM",3,2,căn hộ,,nha-dat
37000000000.0,600 m 2,"Quận Thủ Đức (TP. Thủ Đức), TPHCM",10,10,nhà ở,,nha-dat
29000000000.0,112 m 2,"Quận 2 (TP. Thủ Đức), TPHCM",8,8,nhà ở,,nha-dat
70000000000.0,1445 m 2,"TP. Biên Hoà, Đồng Nai",3,2,nhà ở,,nha-dat
9500000000.0,66 m 2,"Quận 6, TPHCM",5,5,nhà ở,,nha-dat
3200000000.0,60 m 2,"Quận Tân Bình, TPHCM",2,2,căn hộ,,nha-dat
14500000000.0,82 m 2,"Quận Gò Vấp, TPHCM",5,6,nhà ở,,nha-dat
16000000000.0,72 m 2,"Quận 6, TPHCM",5,6,nhà ở,,nha-dat
14500000000.0,122 m 2,"Quận Gò Vấp, TPHCM",10,11,nhà ở,,nha-dat
37900000000.0,210 m 2,"Quận Phú Nhuận, TPHCM",3,3,nhà ở,,nha-dat
21500000000.0,217 m 2,"TP. Biên Hoà, Đồng Nai",3,2,nhà ở,,nha-dat
9200000000.0,85 m 2,"Quận Bình Tân, TPHCM",0,0,nhà ở,,nha-dat
3200000000.0,79 m 2,"Quận Tân Phú, TPHCM",2,2,căn hộ,,nha-dat
15000000000.0,125 m 2,"Quận Gò Vấp, TPHCM",2,2,nhà ở,,nha-dat
39000000000.0,53 m 2,"Quận 1, TPHCM",8,9,nhà ở,,nha-dat
20000000000.0,112 m 2,"TP. Biên Hoà, Đồng Nai",10,6,nhà ở,,nha-dat
55000000000.0,400 m 2,"Quận Bình Tân, TPHCM",5,5,biệt thự,,nha-dat
17000000000.0,80 m 2,"Quận Gò Vấp, TPHCM",4,5,nhà ở,,nha-dat
162000000000.0,483 m 2,"Quận Phú Nhuận, TPHCM",3,3,nhà ở,,nha-dat
17900000000.0,150 m 2,"TP. Biên Hoà, Đồng Nai",0,0,đất nền,,nha-dat
13500000000.0,97 m 2,"Quận 6, TPHCM",4,5,nhà ở,,nha-dat
8700000000.0,87 m 2,"Quận 7, TPHCM",3,2,căn hộ,,nha-dat
3930000000.0,73 m 2,"Quận Tân Phú, TPHCM",2,2,căn hộ,,nha-dat
24900000000.0,68 m 2,"Quận 3, TPHCM",13,14,nhà ở,,nha-dat
4500000000.0,90 m 2,"TP. Biên Hoà, Đồng Nai",0,0,nhà ở,,nha-dat
24000000000.0,180 m 2,"Quận 6, TPHCM",0,0,biệt thự,,nha-dat
4950000000.0,73 m 2,"Quận 11, TPHCM",2,2,căn hộ,,nha-dat
22900000000.0,88 m 2,"Quận Gò Vấp, TPHCM",7,7,nhà ở,,nha-dat
29900000000.0,72 m 2,"Quận 1, TPHCM",3,2,nhà ở,,nha-dat
23000000000.0,288 m 2,"TP. Biên Hoà, Đồng Nai",5,5,biệt thự,,nha-dat
15700000000.0,90 m 2,"Quận Bình Tân, TPHCM",4,5,nhà ở,,nha-dat
103000000000.0,800 m 2,"Quận Bình Thạnh, TPHCM",52,55,nhà ở,,nha-dat
105000000000.0,362 m 2,"Quận Bình Thạnh, TPHCM",3,3,nhà ở,,nha-dat
8200000000.0,64 m 2,"Quận Bình Tân, TPHCM",4,5,nhà ở,,nha-dat
6500000000.0,94 m 2,"Quận Tân Bình, TPHCM",3,2,căn hộ,,nha-dat
12400000000.0,88 m 2,"Quận Gò Vấp, TPHCM",5,5,nhà ở,,nha-dat
27000000000.0,120 m 2,"Quận 3, TPHCM",24,25,nhà ở,,nha-dat
14800000000.0,67 m 2,"Quận 6, TPHCM",4,3,nhà ở,,nha-dat
7600000000.0,155 m 2,"Quận Tân Bình, TPHCM",3,3,căn hộ,,can-ho
9400000000.0,100 m 2,"Quận 7, TPHCM",3,2,căn hộ,,can-ho
4850000000.0,73 m 2,"Quận Tân Bình, TPHCM",2,2,căn hộ,,can-ho
14700000000.0,127 m 2,"Quận 7, TPHCM",3,2,căn hộ,,can-ho
5000000000.0,106 m 2,"Quận Tân Phú, TPHCM",3,3,căn hộ,,can-ho
2300000000.0,68 m 2,"TP. Biên Hoà, Đồng Nai",2,2,căn hộ,,can-ho
4100000000.0,83 m 2,"Quận Tân Phú, TPHCM",3,2,căn hộ,,can-ho
8200000000.0,125 m 2,"Quận 7, TPHCM",3,2,căn hộ,,can-ho
5550000000.0,82 m 2,"Quận Tân Phú, TPHCM",3,2,căn hộ,,can-ho
13500000000.0,120 m 2,"Quận 7, TPHCM",3,2,căn hộ,,can-ho
5250000000.0,105 m 2,"Quận Tân Phú, TPHCM",3,2,căn hộ,,can-ho
4150000000.0,94 m 2,"Quận Tân Phú, TPHCM",3,3,căn hộ,,can-ho
3980000000.0,86 m 2,"Quận Tân Phú, TPHCM",3,2,căn hộ,,can-ho
3850000000.0,65 m 2,"Quận Tân Bình, TPHCM",2,2,căn hộ,,can-ho
4350000000.0,90 m 2,"Quận Tân Phú, TPHCM",3,2,căn hộ,,can-ho
5200000000.0,73 m 2,"Quận 11, TPHCM",2,2,căn hộ,,can-ho
2680000000.0,54 m 2,"Quận Tân Bình, TPHCM",2,1,căn hộ,,can-ho
7100000000.0,72 m 2,"Quận 10, TPHCM",2,2,căn hộ,,can-ho
4300000000.0,93 m 2,"Quận Tân Bình, TPHCM",2,2,căn hộ,,can-ho
4760000000.0,88 m 2,"Quận Tân Phú, TPHCM",3,2,căn hộ,,can-ho
5300000000.0,104 m 2,"Quận Tân Phú, TPHCM",3,2,căn hộ,,can-ho
2150000000.0,60 m 2,"Quận Tân Phú, TPHCM",2,2,căn hộ,,can-ho
5100000000.0,56 m 2,"Quận 7, TPHCM",1,1,căn hộ,,can-ho
2750000000.0,64 m 2,"Quận 12, TPHCM",2,2,căn hộ,,can-ho
16000000000.0,135 m 2,"Quận 7, TPHCM",3,2,căn hộ,,can-ho
8200000000.0,84 m 2,"Quận 7, TPHCM",2,2,căn hộ,,can-ho
16500000000.0,124 m 2,"Quận 7, TPHCM",3,2,căn hộ,,can-ho
8800000000.0,115 m 2,"Quận 7, TPHCM",3,2,căn hộ,,can-ho
7000000000.0,77 m 2,"Quận 7, TPHCM",2,2,căn hộ,,can-ho
10000000000.0,113 m 2,"Quận 7, TPHCM",3,2,căn hộ,,can-ho
1600000000.0,53 m 2,"Quận 12, TPHCM",2,1,căn hộ,,can-ho
2750000000.0,52 m 2,"Quận Tân Phú, TPHCM",1,1,căn hộ,,can-ho
3100000000.0,54 m 2,"Quận Tân Phú, TPHCM",2,1,căn hộ,,can-ho
8600000000.0,70 m 2,"Quận 7, TPHCM",2,2,căn hộ,,can-ho
3700000000.0,80 m 2,"Quận Tân Phú, TPHCM",2,2,căn hộ,,can-ho
3800000000.0,76 m 2,"Quận Tân Bình, TPHCM",2,2,căn hộ,,can-ho
12000000000.0,79 m 2,"Quận 7, TPHCM",2,2,căn hộ,,can-ho
5900000000.0,78 m 2,"Quận 7, TPHCM",2,2,căn hộ,,can-ho
19000000000.0,178 m 2,"Quận 7, TPHCM",3,3,căn hộ,,can-ho
3350000000.0,75 m 2,"Quận Bình Tân, TPHCM",3,2,căn hộ,,can-ho
5500000000.0,73 m 2,"Quận 11, TPHCM",2,2,căn hộ,,can-ho
2390000000.0,51 m 2,"Quận Tân Phú, TPHCM",2,1,căn hộ,,can-ho
2650000000.0,54 m 2,"Quận Tân Bình, TPHCM",1,1,căn hộ,,can-ho
4200000000.0,103 m 2,"Quận Tân Phú, TPHCM",3,2,căn hộ,,can-ho
3800000000.0,61 m 2,"Quận 4, TPHCM",2,1,căn hộ,,can-ho
3700000000.0,61 m 2,"Quận 4, TPHCM",2,1,căn hộ,,can-ho
2750000000.0,37 m 2,"Quận Tân Bình, TPHCM",1,1,căn hộ,,can-ho
2900000000.0,43 m 2,"Quận 4, TPHCM",1,1,căn hộ,,can-ho
9500000000.0,135 m 2,"Quận 4, TPHCM",4,2,căn hộ,,can-ho
5500000000.0,92 m 2,"Quận 4, TPHCM",2,2,căn hộ,,can-ho
5500000000.0,92 m 2,"Quận 4, TPHCM",2,2,căn hộ,,can-ho
4600000000.0,80 m 2,"Quận 4, TPHCM",2,2,căn hộ,,can-ho
6000000000.0,70 m 2,"Quận 4, TPHCM",2,1,căn hộ,,can-ho
22000000000.0,121 m 2,"Quận 7, TPHCM",3,3,căn hộ,,can-ho
5300000000.0,83 m 2,"Quận 4, TPHCM",2,2,căn hộ,,can-ho
6500000000.0,100 m 2,"Quận 4, TPHCM",3,2,căn hộ,,can-ho
7650000000.0,81 m 2,"Quận 4, TPHCM",2,2,căn hộ,,can-ho
12200000000.0,128 m 2,"Quận 7, TPHCM",3,2,căn hộ,,can-ho
11000000000.0,128 m 2,"Quận 7, TPHCM",3,2,căn hộ,,can-ho
4900000000.0,77 m 2,"Quận 4, TPHCM",2,2,căn hộ,,can-ho
23000000000.0,218 m 2,"Quận 7, TPHCM",3,3,căn hộ,,can-ho
6900000000.0,80 m 2,"Quận 4, TPHCM",2,2,căn hộ,,can-ho
6500000000.0,80 m 2,"Quận 4, TPHCM",2,2,căn hộ,,can-ho
3700000000.0,60 m 2,"Quận 4, TPHCM",2,1,căn hộ,,can-ho
9200000000.0,100 m 2,"Quận 4, TPHCM",3,2,căn hộ,,can-ho
7500000000.0,80 m 2,"Quận 4, TPHCM",2,2,căn hộ,,can-ho
9000000000.0,135 m 2,"Quận 4, TPHCM",4,2,căn hộ,,can-ho
13600000000.0,135 m 2,"Quận 7, TPHCM",3,2,căn hộ,,can-ho
14000000000.0,120 m 2,"Quận 7, TPHCM",3,2,căn hộ,,can-ho
5600000000.0,71 m 2,"Quận 4, TPHCM",2,2,căn hộ,,can-ho
5300000000.0,75 m 2,"Quận 4, TPHCM",2,2,căn hộ,,can-ho
22200000000.0,218 m 2,"Quận 7, TPHCM",3,3,căn hộ,,can-ho
5100000000.0,94 m 2,"Quận Tân Phú, TPHCM",3,2,căn hộ,,can-ho
5000000000.0,91 m 2,"Quận Tân Phú, TPHCM",3,2,căn hộ,,can-ho
3700000000.0,62 m 2,"Quận 4, TPHCM",2,1,căn hộ,,can-ho
2700000000.0,54 m 2,"Quận Tân Bình, TPHCM",1,1,căn hộ,,can-ho
8100000000.0,80 m 2,"Quận 7, TPHCM",2,2,căn hộ,,can-ho
4450000000.0,60 m 2,"Quận Tân Bình, TPHCM",2,1,căn hộ,,can-ho
13500000000.0,110 m 2,"Quận 7, TPHCM",3,2,căn hộ,,can-ho
3400000000.0,39 m 2,"Quận Phú Nhuận, TPHCM",1,1,căn hộ,,can-ho
8200000000.0,90 m 2,"Quận 4, TPHCM",2,2,căn hộ,,can-ho
2900000000.0,45 m 2,"Quận 4, TPHCM",2,2,căn hộ,,can-ho
6000000000.0,105 m 2,"Quận 4, TPHCM",3,2,căn hộ,,can-ho
7300000000.0,111 m 2,"Quận 4, TPHCM",3,2,căn hộ,,can-ho
7700000000.0,110 m 2,"Quận 7, TPHCM",2,2,căn hộ,,can-ho
7600000000.0,110 m 2,"Quận 7, TPHCM",2,2,căn hộ,,can-ho
2370000000.0,72 m 2,"Quận 7, TPHCM",2,2,căn hộ,,can-ho
9200000000.0,145 m 2,"Quận 7, TPHCM",3,3,căn hộ,,can-ho
1450000000.0,45 m 2,"Quận Bình Thạnh, TPHCM",1,1,căn hộ,,can-ho
2450000000.0,70 m 2,"Quận 7, TPHCM",2,2,căn hộ,,can-ho
4800000000.0,83 m 2,"Quận 4, TPHCM",2,2,căn hộ,,can-ho
2560000000.0,78 m 2,"Quận Thủ Đức (TP. Thủ Đức), TPHCM",2,2,căn hộ,,can-ho
3800000000.0,57 m 2,"Quận 4, TPHCM",1,1,căn hộ,,can-ho
1150000000.0,49 m 2,"Quận 6, TPHCM",1,1,căn hộ,,can-ho
1030000000.0,47 m 2,"Quận 2 (TP. Thủ Đức), TPHCM",1,1,căn hộ,,can-ho
2970000000.0,82 m 2,"Quận 1, TPHCM",2,2,căn hộ,,can-ho
2240000000.0,85 m 2,"Quận 2 (TP. Thủ Đức), TPHCM",2,2,căn hộ,,can-ho
5000000000.0,72 m 2,"Quận 4, TPHCM",2,2,căn hộ,,can-ho
2390000000.0,88 m 2,"Quận 2 (TP. Thủ Đức), TPHCM",2,2,căn hộ,,can-ho
2460000000.0,78 m 2,"Quận Tân Phú, TPHCM",2,2,căn hộ,,can-ho
11000000000.0,117 m 2,"Quận 4, TPHCM",3,2,căn hộ,,can-ho
1800000000.0,74 m 2,"Quận 9 (TP. Thủ Đức), TPHCM",2,2,căn hộ,,can-ho
5800000000.0,99 m 2,"Quận 4, TPHCM",3,3,căn hộ,,can-ho
2160000000.0,47 m 2,"Quận 7, TPHCM",2,2,căn hộ,,can-ho
9500000000.0,139 m 2,"Quận 4, TPHCM",4,2,căn hộ,,can-ho
2190000000.0,77 m 2,"Quận 6, TPHCM",2,2,căn hộ,,can-ho
2450000000.0,83 m 2,"Quận Bình Thạnh, TPHCM",2,2,căn hộ,,can-ho
2640000000.0,82 m 2,"Quận 10, TPHCM",2,2,căn hộ,,can-ho
2950000000.0,68 m 2,"Quận Long Biên, Hà Nội",2,1,căn hộ,,can-ho
2540000000.0,79 m 2,"Quận 2 (TP. Thủ Đức), TPHCM",2,2,căn hộ,,can-ho
2370000000.0,45 m 2,"Quận 1, TPHCM",1,1,căn hộ,,can-ho
4500000000.0,60 m 2,"Quận 4, TPHCM",2,1,căn hộ,,can-ho
1250000000.0,68 m 2,"Quận Bình Tân, TPHCM",2,2,căn hộ,,can-ho
3470000000.0,81 m 2,"Quận 1, TPHCM",2,2,căn hộ,,can-ho
4200000000.0,49 m 2,"Quận 4, TPHCM",1,1,căn hộ,,can-ho
2320000000.0,78 m 2,"Quận 5, TPHCM",2,2,căn hộ,,can-ho
6500000000.0,83 m 2,"Quận 4, TPHCM",3,2,căn hộ,,can-ho
1130000000.0,47 m 2,"Quận 9 (TP. Thủ Đức), TPHCM",1,1,căn hộ,,can-ho
2300000000.0,51 m 2,"Quận Phú Nhuận, TPHCM",2,2,căn hộ,,can-ho
980000000.0,78 m 2,"Quận Thủ Đức (TP. Thủ Đức), TPHCM",2,2,căn hộ,,can-ho
7200000000.0,170 m 2,"Quận 4, TPHCM",3,3,căn hộ,,can-ho
2250000000.0,50 m 2,"Quận Bình Thạnh, TPHCM",2,2,căn hộ,,can-ho
1890000000.0,72 m 2,"Quận 9 (TP. Thủ Đức), TPHCM",2,2,căn hộ,,can-ho
2050000000.0,51 m 2,"Quận Gò Vấp, TPHCM",2,2,căn hộ,,can-ho
2100000000.0,76 m 2,"Quận Bình Thạnh, TPHCM",2,2,căn hộ,,can-ho
5500000000.0,75 m 2,"Quận 4, TPHCM",2,2,căn hộ,,can-ho
2350000000.0,52 m 2,"Quận Gò Vấp, TPHCM",2,2,căn hộ,,can-ho
1650000000.0,52 m 2,"Quận 2 (TP. Thủ Đức), TPHCM",1,1,căn hộ,,can-ho
5800000000.0,100 m 2,"Quận 4, TPHCM",3,2,căn hộ,,can-ho
2300000000.0,51 m 2,"Quận Bình Thạnh, TPHCM",2,2,căn hộ,,can-ho
2360000000.0,72 m 2,"Quận 4, TPHCM",2,2,căn hộ,,can-ho
2300000000.0,51 m 2,"Quận Bình Thạnh, TPHCM",2,2,căn hộ,,can-ho
1980000000.0,83 m 2,"Quận Thủ Đức (TP. Thủ Đức), TPHCM",2,2,căn hộ,,can-ho
2750000000.0,127 m 2,"Quận 2 (TP. Thủ Đức), TPHCM",3,2,căn hộ,,can-ho
5300000000.0,85 m 2,"Quận 4, TPHCM",2,2,căn hộ,,can-ho
1460000000.0,47 m 2,"Quận 2 (TP. Thủ Đức), TPHCM",1,1,căn hộ,,can-ho
2560000000.0,80 m 2,"Quận 2 (TP. Thủ Đức), TPHCM",2,2,căn hộ,,can-ho
1980000000.0,76 m 2,"Quận 2 (TP. Thủ Đức), TPHCM",2,2,căn hộ,,can-ho
2320000000.0,78 m 2,"Quận 2 (TP. Thủ Đức), TPHCM",2,2,căn hộ,,can-ho
4800000000.0,73 m 2,"Quận 4, TPHCM",2,1,căn hộ,,can-ho
2210000000.0,76 m 2,"Quận 7, TPHCM",2,2,căn hộ,,can-ho
4800000000.0,72 m 2,"Quận 4, TPHCM",2,1,căn hộ,,can-ho
1620000000.0,79 m 2,"Quận Thủ Đức (TP. Thủ Đức), TPHCM",2,2,căn hộ,,can-ho
1670000000.0,76 m 2,"Quận 4, TPHCM",2,1,căn hộ,,can-ho
21000000000.0,222 m 2,"Quận 4, TPHCM",4,4,căn hộ,,can-ho
5750000000.0,56 m 2,"Quận 4, TPHCM",1,1,căn hộ,,can-ho
1240000000.0,56 m 2,"Quận 7, TPHCM",2,2,căn hộ,,can-ho
5600000000.0,87 m 2,"Quận 4, TPHCM",2,2,căn hộ,,can-ho
2350000000.0,79 m 2,"Quận 4, TPHCM",2,2,căn hộ,,can-ho
13500000000.0,184 m 2,"Quận 4, TPHCM",4,4,căn hộ,,can-ho
2640000000.0,89 m 2,"Quận 2 (TP. Thủ Đức), TPHCM",2,2,căn hộ,,can-ho
13000000000.0,137 m 2,"Quận 7, TPHCM",3,2,căn hộ,,can-ho
1650000000.0,76 m 2,"Quận Thủ Đức (TP. Thủ Đức), TPHCM",2,2,căn hộ,,can-ho
8600000000.0,98 m 2,"Huyện Thanh Trì, Hà Nội",3,2,căn hộ,,can-ho
8900000000.0,100 m 2,"Quận Ba Đình, Hà Nội",3,2,căn hộ,,can-ho
19000000000.0,152 m 2,"Quận Cầu Giấy, Hà Nội",3,3,căn hộ,,can-ho
10800000000.0,80 m 2,"Quận Ba Đình, Hà Nội",3,2,căn hộ,,can-ho
13600000000.0,160 m 2,"Quận Cầu Giấy, Hà Nội",4,3,căn hộ,,can-ho
10944000000.0,152 m 2,"Quận Cầu Giấy, Hà Nội",3,3,căn hộ,,can-ho
14000000000.0,133 m 2,"Quận Cầu Giấy, Hà Nội",3,4,căn hộ,,can-ho
6850000000.0,76 m 2,"Quận Cầu Giấy, Hà Nội",3,2,căn hộ,,can-ho
2250000000.0,50 m 2,"Quận Gò Vấp, TPHCM",2,1,căn hộ,,can-ho
11800000000.0,100 m 2,"Quận Cầu Giấy, Hà Nội",2,2,căn hộ,,can-ho
1800000000.0,45 m 2,"Quận Thủ Đức (TP. Thủ Đức), TPHCM",2,2,căn hộ,,can-ho
5200000000.0,72 m 2,"Quận Cầu Giấy, Hà Nội",2,2,căn hộ,,can-ho
2150000000.0,76 m 2,"Quận Thủ Đức (TP. Thủ Đức), TPHCM",2,2,căn hộ,,can-ho
6600000000.0,70 m 2,"Quận Cầu Giấy, Hà Nội",2,2,căn hộ,,can-ho
2350000000.0,80 m 2,"Quận 2 (TP. Thủ Đức), TPHCM",2,2,căn hộ,,can-ho
7500000000.0,78 m 2,"Quận Cầu Giấy, Hà Nội",3,2,căn hộ,,can-ho
2230000000.0,79 m 2,"Quận 7, TPHCM",2,2,căn hộ,,can-ho
2950000000.0,64 m 2,"Quận Long Biên, Hà Nội",2,1,căn hộ,,can-ho
10600000000.0,112 m 2,"Quận Cầu Giấy, Hà Nội",3,2,căn hộ,,can-ho
8800000000.0,81 m 2,"Quận Cầu Giấy, Hà Nội",2,2,căn hộ,,can-ho
2330000000.0,79 m 2,"Quận 7, TPHCM",2,2,căn hộ,,can-ho
13000000000.0,120 m 2,"Quận 7, TPHCM",3,2,căn hộ,,can-ho
2430000000.0,79 m 2,"Quận 7, TPHCM",2,2,căn hộ,,can-ho
3500000000000.0,52 m 2,"Quận Long Biên, Hà Nội",2,0,căn hộ,,can-ho
13000000000.0,122 m 2,"Quận 7, TPHCM",3,2,căn hộ,,can-ho
1780000000.0,41 m 2,"Quận 5, TPHCM",1,1,căn hộ,,can-ho
8184000000.0,124 m 2,"Quận Cầu Giấy, Hà Nội",3,2,căn hộ,,can-ho
5850000000.0,71 m 2,"Quận 7, TPHCM",3,2,căn hộ,,can-ho
2630000000.0,79 m 2,"Quận Bình Thạnh, TPHCM",2,2,căn hộ,,can-ho
12800000000.0,105 m 2,"Quận Thanh Xuân, Hà Nội",3,2,căn hộ,,can-ho
6600000000.0,74 m 2,"Quận 7, TPHCM",3,2,căn hộ,,can-ho
2430000000.0,76 m 2,"Quận 7, TPHCM",2,2,căn hộ,,can-ho
8150000000.0,86 m 2,"Quận Nam Từ Liêm, Hà Nội",3,2,căn hộ,,can-ho
6100000000.0,68 m 2,"Quận Thanh Xuân, Hà Nội",3,1,căn hộ,,can-ho
6800000000.0,76 m 2,"Quận Cầu Giấy, Hà Nội",3,2,căn hộ,,can-ho
15000000000.0,115 m 2,"Quận Cầu Giấy, Hà Nội",3,2,căn hộ,,can-ho
8600000000.0,100 m 2,"Quận Cầu Giấy, Hà Nội",3,2,căn hộ,,can-ho
4600000000.0,56 m 2,"Quận 7, TPHCM",2,1,căn hộ,,can-ho
8450000000.0,94 m 2,"Quận Cầu Giấy, Hà Nội",2,2,căn hộ,,can-ho
4650000000.0,56 m 2,"Quận 7, TPHCM",2,1,căn hộ,,can-ho
4600000000.0,45 m 2,"Quận Cầu Giấy, Hà Nội",1,1,căn hộ,,can-ho
2100000000.0,68 m 2,"Quận Thủ Đức (TP. Thủ Đức), TPHCM",2,2,căn hộ,,can-ho
5500000000.0,84 m 2,"Quận Long Biên, Hà Nội",3,2,căn hộ,,can-ho
7000000000.0,45 m 2,"Quận Ba Đình, Hà Nội",1,1,căn hộ,,can-ho
2540000000.0,69 m 2,"Quận 7, TPHCM",2,2,căn hộ,,can-ho
9900000000.0,119 m 2,"Quận Cầu Giấy, Hà Nội",3,2,căn hộ,,can-ho
11900000000.0,121 m 2,"Quận Cầu Giấy, Hà Nội",3,3,căn hộ,,can-ho
14700000000.0,110 m 2,"Quận Cầu Giấy, Hà Nội",3,2,căn hộ,,can-ho
9500000000.0,100 m 2,"Quận 7, TPHCM",3,2,căn hộ,,can-ho
7500000000.0,79 m 2,"Quận Nam Từ Liêm, Hà Nội",3,2,căn hộ,,can-ho
18000000000.0,123 m 2,"Quận 7, TPHCM",3,2,căn hộ,,can-ho
13500000000.0,135 m 2,"Quận 7, TPHCM",3,2,căn hộ,,can-ho
2350000000.0,75 m 2,"Quận 4, TPHCM",2,2,căn hộ,,can-ho
3290000000.0,76 m 2,"Quận 4, TPHCM",2,2,căn hộ,,can-ho
1690000000.0,64 m 2,"Quận Thủ Đức (TP. Thủ Đức), TPHCM",2,2,căn hộ,,can-ho
2230000000.0,76 m 2,"Quận Bình Thạnh, TPHCM",2,2,căn hộ,,can-ho
2480000000.0,76 m 2,"Quận 7, TPHCM",2,2,căn hộ,,can-ho
10000000000.0,103 m 2,"Quận 7, TPHCM",3,2,căn hộ,,can-ho
2890000000.0,70 m 2,"Quận 4, TPHCM",2,1,căn hộ,,can-ho
2360000000.0,82 m 2,"Huyện Nhà Bè, TPHCM",2,2,căn hộ,,can-ho
1940000000.0,52 m 2,"TP. Biên Hoà, Đồng Nai",2,2,căn hộ,,can-ho
3100000000.0,91 m 2,"Quận 2 (TP. Thủ Đức), TPHCM",2,2,căn hộ,,can-ho
1340000000.0,46 m 2,"Quận Bình Thạnh, TPHCM",1,1,căn hộ,,can-ho
3000000000.0,94 m 2,"TP. Biên Hoà, Đồng Nai",2,2,căn hộ,,can-ho
13500000000.0,131 m 2,"Quận 7, TPHCM",3,2,căn hộ,,can-ho
1990000000.0,67 m 2,"Quận 7, TPHCM",2,2,căn hộ,,can-ho
2200000000.0,55 m 2,"Quận Bình Thạnh, TPHCM",2,2,căn hộ,,can-ho
1760000000.0,48 m 2,"TP. Biên Hoà, Đồng Nai",1,1,căn hộ,,can-ho
2820000000.0,70 m 2,"Quận 7, TPHCM",3,2,căn hộ,,can-ho
1960000000.0,49 m 2,"Quận Tân Bình, TPHCM",2,2,căn hộ,,can-ho
22500000000.0,218 m 2,"Quận 7, TPHCM",3,3,căn hộ,,can-ho
2655000000.0,65 m 2,"Quận 7, TPHCM",2,2,căn hộ,,can-ho
2200000000.0,55 m 2,"Quận Gò Vấp, TPHCM",2,2,căn hộ,,can-ho
1790000000.0,52 m 2,"TP. Biên Hoà, Đồng Nai",2,2,căn hộ,,can-ho
9750000000.0,104 m 2,"Quận 7, TPHCM",3,2,căn hộ,,can-ho
2200000000.0,55 m 2,"Quận Bình Thạnh, TPHCM",2,2,căn hộ,,can-ho
2000000000.0,52 m 2,"TP. Biên Hoà, Đồng Nai",2,2,căn hộ,,can-ho
22000000000.0,218 m 2,"Quận 7, TPHCM",3,3,căn hộ,,can-ho
3700000000.0,82 m 2,"TP. Biên Hoà, Đồng Nai",2,2,căn hộ,,can-ho
7600000000.0,81 m 2,"Quận 7, TPHCM",2,2,căn hộ,,can-ho
1900000000.0,52 m 2,"TP. Biên Hoà, Đồng Nai",2,2,căn hộ,,can-ho
9650000000.0,100 m 2,"Quận 7, TPHCM",3,2,căn hộ,,can-ho
1295000000.0,52 m 2,"TP. Biên Hoà, Đồng Nai",1,1,căn hộ,,can-ho
13000000000.0,135 m 2,"Quận 7, TPHCM",3,2,căn hộ,,can-ho
22000000000.0,218 m 2,"Quận 7, TPHCM",3,3,căn hộ,,can-ho
3200000000.0,82 m 2,"TP. Biên Hoà, Đồng Nai",2,2,căn hộ,,can-ho
9600000000.0,100 m 2,"Quận 7, TPHCM",3,2,căn hộ,,can-ho
1800000000.0,52 m 2,"TP. Biên Hoà, Đồng Nai",2,2,căn hộ,,can-ho
10800000000.0,100 m 2,"Quận 7, TPHCM",3,2,căn hộ,,can-ho
2105000000.0,68 m 2,"Quận 7, TPHCM",2,2,căn hộ,,can-ho
2410000000.0,60 m 2,"Quận Tân Bình, TPHCM",2,2,căn hộ,,can-ho
9100000000.0,115 m 2,"Quận 7, TPHCM",3,2,căn hộ,,can-ho
2050000000.0,76 m 2,"Quận 7, TPHCM",2,2,căn hộ,,can-ho
2480000000.0,62 m 2,"Quận Gò Vấp, TPHCM",2,2,căn hộ,,can-ho
2800000000.0,94 m 2,"TP. Biên Hoà, Đồng Nai",2,2,căn hộ,,can-ho
7500000000.0,77 m 2,"Quận 7, TPHCM",2,2,căn hộ,,can-ho
2440000000.0,83 m 2,"Quận Phú Nhuận, TPHCM",2,2,căn hộ,,can-ho
2510000000.0,62 m 2,"Quận Tân Bình, TPHCM",2,2,căn hộ,,can-ho
17500000000.0,137 m 2,"Quận 7, TPHCM",3,2,căn hộ,,can-ho
2230000000.0,67 m 2,"Quận Tân Bình, TPHCM",2,2,căn hộ,,can-ho
2330000000.0,57 m 2,"Quận Bình Thạnh, TPHCM",2,2,căn hộ,,can-ho
1889000000.0,58 m 2,"Quận 11, TPHCM",2,1,căn hộ,,can-ho
2200000000.0,54 m 2,"Quận Gò Vấp, TPHCM",2,2,căn hộ,,can-ho
8500000000.0,89 m 2,"Quận 7, TPHCM",2,2,căn hộ,,can-ho
7600000000.0,77 m 2,"Quận 7, TPHCM",2,2,căn hộ,,can-ho
2000000000.0,50 m 2,"Quận Gò Vấp, TPHCM",2,2,căn hộ,,can-ho
2700000000.0,62 m 2,"TP. Biên Hoà, Đồng Nai",2,2,căn hộ,,can-ho
2410000000.0,60 m 2,"Quận Gò Vấp, TPHCM",2,2,căn hộ,,can-ho
2690000000.0,130 m 2,"Quận 7, TPHCM",2,2,căn hộ,,can-ho
1900000000.0,46 m 2,"Quận Gò Vấp, TPHCM",3,2,căn hộ,,can-ho
1995000000.0,77 m 2,"Quận 7, TPHCM",2,2,căn hộ,,can-ho
2641000000.0,66 m 2,"Quận Phú Nhuận, TPHCM",2,2,căn hộ,,can-ho
3140000000.0,88 m 2,"Quận 4, TPHCM",2,2,căn hộ,,can-ho
2510000000.0,62 m 2,"Quận 1, TPHCM",2,2,căn hộ,,can-ho
14000000000.0,110 m 2,"Quận 7, TPHCM",3,2,căn hộ,,can-ho
2000000000.0,50 m 2,"Quận Phú Nhuận, TPHCM",2,2,căn hộ,,can-ho
1940000000000.0,52 m 2,"TP. Biên Hoà, Đồng Nai",2,2,căn hộ,,can-ho
2100000000.0,59 m 2,"Quận 3, TPHCM",1,1,căn hộ,,can-ho
2330000000.0,58 m 2,"Quận Gò Vấp, TPHCM",2,2,căn hộ,,can-ho
1940000000.0,51 m 2,"TP. Biên Hoà, Đồng Nai",2,2,căn hộ,,can-ho
2400000000.0,60 m 2,"Quận Gò Vấp, TPHCM",2,2,căn hộ,,can-ho
1790000000.0,51 m 2,"TP. Biên Hoà, Đồng Nai",2,2,căn hộ,,can-ho
2200000000.0,55 m 2,"Quận Phú Nhuận, TPHCM",2,2,căn hộ,,can-ho
2040000000.0,51 m 2,"Quận Bình Thạnh, TPHCM",2,2,căn hộ,,can-ho
1800000000.0,48 m 2,"TP. Biên Hoà, Đồng Nai",1,1,căn hộ,,can-ho
2000000000.0,50 m 2,"Quận Tân Bình, TPHCM",2,2,căn hộ,,can-ho
1355000000.0,32 m 2,"Quận 4, TPHCM",1,1,căn hộ,,can-ho
8050000000.0,85 m 2,"Quận 7, TPHCM",2,2,căn hộ,,can-ho
1040000000.0,68 m 2,"Quận Bình Tân, TPHCM",2,2,căn hộ,,can-ho
3125000000.0,152 m 2,"Quận 2 (TP. Thủ Đức), TPHCM",3,2,căn hộ,,can-ho
1520000000.0,67 m 2,"Quận 7, TPHCM",2,2,căn hộ,,can-ho
3600000000.0,82 m 2,"TP. Biên Hoà, Đồng Nai",2,2,căn hộ,,can-ho
9800000000.0,103 m 2,"Quận 7, TPHCM",3,2,căn hộ,,can-ho
1805000000.0,81 m 2,"Quận 4, TPHCM",2,2,căn hộ,,can-ho
80000000000.0,216 m 2,"Quận 7, TPHCM",6,6,nhà phố,,can-ho
1385000000.0,62 m 2,"Quận 7, TPHCM",2,2,căn hộ,,can-ho
40000000000.0,108 m 2,"Quận 7, TPHCM",6,6,nhà phố,,can-ho
1440000000.0,71 m 2,"Quận Bình Thạnh, TPHCM",2,2,căn hộ,,can-ho
1860000000.0,92 m 2,"Quận 4, TPHCM",2,2,căn hộ,,can-ho
13800000000.0,135 m 2,"Quận 7, TPHCM",3,2,căn hộ,,can-ho
12500000000.0,128 m 2,"Quận 7, TPHCM",3,2,căn hộ,,can-ho
2390000000.0,71 m 2,"Quận 2 (TP. Thủ Đức), TPHCM",2,2,căn hộ,,can-ho
13600000000.0,120 m 2,"Quận 7, TPHCM",3,2,căn hộ,,can-ho
1520000000.0,76 m 2,"Quận 7, TPHCM",2,2,căn hộ,,can-ho
8200000000.0,85 m 2,"Quận 7, TPHCM",2,2,căn hộ,,can-ho
10750000000.0,118 m 2,"Quận 7, TPHCM",3,2,căn hộ,,can-ho
2075000000.0,122 m 2,"Quận 2 (TP. Thủ Đức), TPHCM",4,3,căn hộ,,can-ho
10300000000.0,100 m 2,"Quận 7, TPHCM",3,2,căn hộ,,can-ho
1085000000.0,80 m 2,"Quận 2 (TP. Thủ Đức), TPHCM",2,2,căn hộ,,can-ho
15500000000.0,145 m 2,"Quận 7, TPHCM",3,2,căn hộ,,can-ho
9000000000.0,103 m 2,"Quận 7, TPHCM",2,2,căn hộ,,can-ho
8000000.0,48 m 2,"TP. Biên Hoà, Đồng Nai",1,1,căn hộ,,can-ho
7600000000.0,80 m 2,"Quận 7, TPHCM",2,2,căn hộ,,can-ho
1660000000.0,93 m 2,"Quận Tân Bình, TPHCM",2,2,căn hộ,,can-ho
2010000000.0,60 m 2,"Quận 2 (TP. Thủ Đức), TPHCM",2,1,căn hộ,,can-ho
2500000000.0,102 m 2,"Quận 7, TPHCM",3,2,biệt thự,,can-ho
2550000000.0,68 m 2,"TP. Biên Hoà, Đồng Nai",2,2,căn hộ,,can-ho
1435000000.0,84 m 2,"Quận Gò Vấp, TPHCM",2,2,căn hộ,,can-ho
1990000000.0,80 m 2,"Quận Phú Nhuận, TPHCM",2,2,căn hộ,,can-ho
1195000000.0,93 m 2,"Quận Bình Tân, TPHCM",3,2,căn hộ,,can-ho
1795000000.0,80 m 2,"Quận 4, TPHCM",2,2,căn hộ,,can-ho
995000000.0,89 m 2,"Quận 9 (TP. Thủ Đức), TPHCM",3,2,căn hộ,,can-ho
3525000000.0,74 m 2,"Quận 1, TPHCM",2,2,căn hộ,,can-ho
1530000000.0,75 m 2,"Quận 4, TPHCM",2,2,căn hộ,,can-ho
2555000000.0,107 m 2,"Quận 10, TPHCM",2,2,căn hộ,,can-ho
1280000000.0,100 m 2,"Quận Tân Phú, TPHCM",3,2,căn hộ,,can-ho
1435000000.0,68 m 2,"Quận 7, TPHCM",2,2,căn hộ,,can-ho
1335000000.0,76 m 2,"Quận Tân Phú, TPHCM",2,2,căn hộ,,can-ho
1255000000.0,70 m 2,"Quận 2 (TP. Thủ Đức), TPHCM",2,2,căn hộ,,can-ho
6135000000.0,72 m 2,"Quận 1, TPHCM",2,2,căn hộ,,can-ho
1440000000.0,70 m 2,"Quận Bình Thạnh, TPHCM",2,1,căn hộ,,can-ho
1940000000.0,100 m 2,"Quận 7, TPHCM",3,2,căn hộ,,can-ho
2135000000.0,154 m 2,"Quận Bình Thạnh, TPHCM",3,2,căn hộ,,can-ho
1280000000.0,65 m 2,"Quận 8, TPHCM",2,2,căn hộ,,can-ho
1630000000.0,75 m 2,"Quận Phú Nhuận, TPHCM",2,2,căn hộ,,can-ho
1865000000.0,74 m 2,"Quận 4, TPHCM",2,2,căn hộ,,can-ho
1605000000.0,84 m 2,"Quận 2 (TP. Thủ Đức), TPHCM",3,2,căn hộ,,can-ho
1660000000.0,100 m 2,"Quận Tân Bình, TPHCM",3,3,căn hộ,,can-ho
1771000000.0,66 m 2,"Quận Phú Nhuận, TPHCM",2,2,căn hộ,,can-ho
1780000000.0,58 m 2,"Quận 2 (TP. Thủ Đức), TPHCM",1,1,căn hộ,,can-ho
1705000000.0,73 m 2,"Quận Phú Nhuận, TPHCM",2,2,căn hộ,,can-ho
1875000000.0,80 m 2,"Quận 2 (TP. Thủ Đức), TPHCM",2,2,căn hộ,,can-ho
1620000000.0,69 m 2,"Quận Phú Nhuận, TPHCM",2,2,căn hộ,,can-ho
1665000000.0,70 m 2,"Quận Phú Nhuận, TPHCM",2,2,căn hộ,,can-ho
3550000000.0,63 m 2,"Quận Bình Thạnh, TPHCM",2,1,căn hộ,,can-ho
2735000000.0,138 m 2,"Quận Bình Thạnh, TPHCM",3,2,căn hộ,,can-ho
1275000000.0,54 m 2,"Quận Tân Bình, TPHCM",1,1,căn hộ,,can-ho
2040000000.0,71 m 2,"Quận Bình Thạnh, TPHCM",2,2,căn hộ,,can-ho
2400000000.0,65 m 2,"Quận 4, TPHCM",2,2,căn hộ,,can-ho
1485000000.0,77 m 2,"Quận Tân Bình, TPHCM",2,2,căn hộ,,can-ho
1620000000.0,70 m 2,"Quận Tân Bình, TPHCM",2,2,căn hộ,,can-ho
1760000000.0,95 m 2,"Quận Tân Bình, TPHCM",2,2,căn hộ,,can-ho
2150000000.0,100 m 2,"Quận 4, TPHCM",3,2,căn hộ,,can-ho
1905000000.0,107 m 2,"Quận Bình Thạnh, TPHCM",2,2,căn hộ,,can-ho
1560000000.0,74 m 2,"Quận Tân Bình, TPHCM",2,2,căn hộ,,can-ho
1200000000.0,70 m 2,"Quận Bình Thạnh, TPHCM",2,2,căn hộ,,can-ho
2335000000.0,71 m 2,"Quận 2 (TP. Thủ Đức), TPHCM",2,2,căn hộ,,can-ho
3350000000.0,101 m 2,"Quận 2 (TP. Thủ Đức), TPHCM",2,2,căn hộ,,can-ho
3780000000.0,98 m 2,"Quận 4, TPHCM",3,2,căn hộ,,can-ho
1550000000.0,70 m 2,"Quận 7, TPHCM",2,2,căn hộ,,can-ho
1335000000.0,81 m 2,"Quận 8, TPHCM",3,2,căn hộ,,can-ho
2085000000.0,101 m 2,"Quận Bình Thạnh, TPHCM",3,2,căn hộ,,can-ho
2680000000.0,100 m 2,"Quận Bình Thạnh, TPHCM",3,2,căn hộ,,can-ho
2295000000.0,90 m 2,"Quận Bình Thạnh, TPHCM",2,2,căn hộ,,can-ho
2340000000.0,90 m 2,"Quận Bình Thạnh, TPHCM",3,2,căn hộ,,can-ho
1350000000.0,86 m 2,"Quận 6, TPHCM",2,2,căn hộ,,can-ho
2305000000.0,205 m 2,"Quận Bình Thạnh, TPHCM",4,4,căn hộ,,can-ho
1430000000.0,72 m 2,"Quận Bình Thạnh, TPHCM",2,2,căn hộ,,can-ho
1430000000.0,70 m 2,"Quận Tân Bình, TPHCM",2,2,căn hộ,,can-ho
1850000000.0,90 m 2,"Quận Thủ Đức (TP. Thủ Đức), TPHCM",3,2,căn hộ,,can-ho
1770000000.0,60 m 2,"Quận Bình Thạnh, TPHCM",2,1,căn hộ,,can-ho
2270000000.0,80 m 2,"Quận 2 (TP. Thủ Đức), TPHCM",2,2,căn hộ,,can-ho
1690000000.0,73 m 2,"Quận Tân Bình, TPHCM",2,2,căn hộ,,can-ho
2180000000.0,75 m 2,"Quận 2 (TP. Thủ Đức), TPHCM",2,2,căn hộ,,can-ho
1740000000.0,73 m 2,"Quận Phú Nhuận, TPHCM",2,2,căn hộ,,can-ho
2745000000.0,83 m 2,"Quận 2 (TP. Thủ Đức), TPHCM",2,2,căn hộ,,can-ho
2505000000.0,105 m 2,"Quận 2 (TP. Thủ Đức), TPHCM",3,2,căn hộ,,can-ho
36500000000.0,324 m 2,"Quận Bình Thạnh, TPHCM",0,0,biệt thự,,biet-thu
14000000000.0,280 m 2,"TP. Biên Hoà, Đồng Nai",6,5,biệt thự,,biet-thu
69900000000.0,184 m 2,"Quận 2 (TP. Thủ Đức), TPHCM",5,3,biệt thự,,biet-thu
22500000000.0,266 m 2,"Quận Gò Vấp, TPHCM",4,4,biệt thự,,biet-thu
15500000000.0,205 m 2,"Quận Bình Tân, TPHCM",3,3,biệt thự,,biet-thu
22000000000.0,400 m 2,"TP. Biên Hoà, Đồng Nai",3,4,biệt thự,,biet-thu
57500000000.0,150 m 2,"Quận 7, TPHCM",4,4,biệt thự,,biet-thu
25200000000.0,203 m 2,"Quận Bình Tân, TPHCM",4,5,biệt thự,,biet-thu
62000000000.0,339 m 2,"Quận 2 (TP. Thủ Đức), TPHCM",3,3,biệt thự,,biet-thu
50000000000.0,136 m 2,"Quận 1, TPHCM",4,4,biệt thự,,biet-thu
20000000000.0,100 m 2,"Quận 7, TPHCM",3,3,biệt thự,,biet-thu
105000000000.0,316 m 2,"Quận 1, TPHCM",4,3,biệt thự,,biet-thu
160000000000.0,614 m 2,"Quận 2 (TP. Thủ Đức), TPHCM",4,4,biệt thự,,biet-thu
50000000000.0,180 m 2,"Quận 1, TPHCM",5,4,biệt thự,,biet-thu
220000000000.0,508 m 2,"Quận 2 (TP. Thủ Đức), TPHCM",3,3,biệt thự,,biet-thu
135000000000.0,224 m 2,"Quận 1, TPHCM",4,3,biệt thự,,biet-thu
95000000000.0,129 m 2,"Quận 2 (TP. Thủ Đức), TPHCM",5,4,biệt thự,,biet-thu
95000000000.0,127 m 2,"Quận 1, TPHCM",4,4,biệt thự,,biet-thu
45000000000.0,124 m 2,"Quận Nam Từ Liêm, Hà Nội",5,5,biệt thự,,biet-thu
170000000000.0,344 m 2,"Quận 3, TPHCM",4,4,biệt thự,,biet-thu
15800000000.0,50 m 2,"Quận Hà Đông, Hà Nội",6,4,biệt thự,,biet-thu
21000000000.0,75 m 2,"Huyện Gia Lâm, Hà Nội",8,8,biệt thự,,biet-thu
7500000000.0,216 m 2,"TP. Pleiku, Gia Lai",3,3,biệt thự,,biet-thu
7000000000.0,94 m 2,"TP. Pleiku, Gia Lai",12,11,biệt thự,,biet-thu
160000000000.0,613 m 2,"Quận 2 (TP. Thủ Đức), TPHCM",5,4,biệt thự,,biet-thu
160000000000.0,613 m 2,"Quận 2 (TP. Thủ Đức), TPHCM",4,4,biệt thự,,biet-thu
22000000000.0,168 m 2,"Quận Bình Tân, TPHCM",6,5,biệt thự,,biet-thu
88000000000.0,805 m 2,"Quận Thủ Đức (TP. Thủ Đức), TPHCM",4,4,biệt thự,,biet-thu
14900000000.0,150 m 2,"Quận 7, TPHCM",4,5,nhà phố,,biet-thu
9800000000.0,80 m 2,"Huyện Nhà Bè, TPHCM",4,5,nhà phố,,biet-thu
69000000000.0,303 m 2,"Quận 2 (TP. Thủ Đức), TPHCM",4,4,biệt thự,,biet-thu
25990000000.0,173 m 2,"Quận 7, TPHCM",4,6,biệt thự,,biet-thu
8350000000.0,63 m 2,"Huyện Nhà Bè, TPHCM",4,5,nhà phố,,biet-thu
9200000000.0,85 m 2,"Huyện Nhà Bè, TPHCM",4,5,nhà phố,,biet-thu
17500000000.0,80 m 2,"Quận 7, TPHCM",4,5,nhà phố,,biet-thu
18900000000.0,90 m 2,"Quận 7, TPHCM",4,5,nhà phố,,biet-thu
10800000000.0,80 m 2,"Huyện Nhà Bè, TPHCM",4,5,nhà phố,,biet-thu
15990000000.0,95 m 2,"Quận 7, TPHCM",4,5,nhà phố,,biet-thu
7390000000.0,64 m 2,"Quận 7, TPHCM",4,5,nhà phố,,biet-thu
9100000000.0,85 m 2,"Huyện Nhà Bè, TPHCM",4,5,nhà phố,,biet-thu
5700000000.0,50 m 2,"Huyện Nhà Bè, TPHCM",4,5,nhà phố,,biet-thu
10800000000.0,95 m 2,"Huyện Nhà Bè, TPHCM",4,5,nhà phố,,biet-thu
150000000000.0,140 m 2,"Quận 7, TPHCM",6,8,biệt thự,,biet-thu
18600000000.0,90 m 2,"Quận 7, TPHCM",4,5,nhà phố,,biet-thu
18600000000.0,90 m 2,"Quận 7, TPHCM",4,5,nhà phố,,biet-thu
11060000000.0,75 m 2,"Huyện Cần Giờ, TPHCM",4,4,biệt thự,,biet-thu
27500000000.0,101 m 2,"Quận Tân Bình, TPHCM",5,6,biệt thự,,biet-thu
16000000000.0,75 m 2,"Huyện Gia Lâm, Hà Nội",5,5,biệt thự,,biet-thu
280000000000.0,800 m 2,"Quận 3, TPHCM",1,1,biệt thự,,biet-thu
15800000000.0,80 m 2,"Quận Thanh Xuân, Hà Nội",6,6,biệt thự,,biet-thu
15600000000.0,82 m 2,"Quận Thanh Xuân, Hà Nội",5,5,biệt thự,,biet-thu
17500000000.0,63 m 2,"Quận Cầu Giấy, Hà Nội",4,5,biệt thự,,biet-thu
34000000000.0,120 m 2,"Quận Cầu Giấy, Hà Nội",6,6,biệt thự,,biet-thu
32000000000.0,120 m 2,"Quận Bắc Từ Liêm, Hà Nội",6,5,biệt thự,,biet-thu
19000000000.0,100 m 2,"Quận Cầu Giấy, Hà Nội",5,5,biệt thự,,biet-thu
16800000000.0,70 m 2,"Quận Thanh Xuân, Hà Nội",6,6,biệt thự,,biet-thu
15000000000.0,60 m 2,"Quận Cầu Giấy, Hà Nội",6,6,biệt thự,,biet-thu
8300000000.0,45 m 2,"Quận Bắc Từ Liêm, Hà Nội",4,4,biệt thự,,biet-thu
10500000000.0,60 m 2,"Quận Bắc Từ Liêm, Hà Nội",5,6,biệt thự,,biet-thu
21000000000.0,100 m 2,"Quận Cầu Giấy, Hà Nội",5,5,biệt thự,,biet-thu
24000000000.0,120 m 2,"Quận Ba Đình, Hà Nội",8,6,biệt thự,,biet-thu
12500000000.0,85 m 2,"Quận Ba Đình, Hà Nội",6,5,biệt thự,,biet-thu
28000000000.0,82 m 2,"Quận Cầu Giấy, Hà Nội",4,4,biệt thự,,biet-thu
15000000000.0,68 m 2,"Quận Cầu Giấy, Hà Nội",6,6,biệt thự,,biet-thu
13000000000.0,62 m 2,"Quận Cầu Giấy, Hà Nội",5,6,biệt thự,,biet-thu
22500000000.0,80 m 2,"Quận Tây Hồ, Hà Nội",4,4,biệt thự,,biet-thu
28999000000.0,130 m 2,"Quận Bắc Từ Liêm, Hà Nội",5,5,biệt thự,,biet-thu
33000000000.0,176 m 2,"Quận Tây Hồ, Hà Nội",5,5,biệt thự,,biet-thu
100000000000.0,660 m 2,"Quận 1, TPHCM",10,9,biệt thự,,biet-thu
64000000000.0,300 m 2,"Quận Bắc Từ Liêm, Hà Nội",5,5,biệt thự,,biet-thu
64000000000.0,300 m 2,"Quận Tây Hồ, Hà Nội",4,4,biệt thự,,biet-thu
25000000000.0,110 m 2,"Quận Tây Hồ, Hà Nội",4,4,biệt thự,,biet-thu
9800000000.0,55 m 2,"Quận Bắc Từ Liêm, Hà Nội",4,5,biệt thự,,biet-thu
14600000000.0,62 m 2,"Quận Cầu Giấy, Hà Nội",4,5,biệt thự,,biet-thu
30000000000.0,115 m 2,"Quận Cầu Giấy, Hà Nội",6,6,biệt thự,,biet-thu
29000000000.0,70 m 2,"Quận Tây Hồ, Hà Nội",5,5,biệt thự,,biet-thu
24800000000.0,100 m 2,"Quận Ba Đình, Hà Nội",4,4,biệt thự,,biet-thu
37000000000.0,187 m 2,"Quận Tân Bình, TPHCM",7,7,biệt thự,,biet-thu
18000000000.0,70 m 2,"Quận Ba Đình, Hà Nội",5,5,biệt thự,,biet-thu
25000000000.0,169 m 2,"Quận Tây Hồ, Hà Nội",5,5,biệt thự,,biet-thu
24000000000.0,70 m 2,"Quận Cầu Giấy, Hà Nội",4,5,biệt thự,,biet-thu
9000000000.0,50 m 2,"Quận Bắc Từ Liêm, Hà Nội",4,5,biệt thự,,biet-thu
16000000000.0,60 m 2,"Quận Cầu Giấy, Hà Nội",5,5,biệt thự,,biet-thu
15300000000.0,60 m 2,"Quận Cầu Giấy, Hà Nội",4,5,biệt thự,,biet-thu
13999000000.0,63 m 2,"Quận Bắc Từ Liêm, Hà Nội",4,5,biệt thự,,biet-thu
68000000000.0,144 m 2,"Quận 5, TPHCM",8,8,biệt thự,,biet-thu
1000000000000.0,513 m 2,"Quận 1, TPHCM",14,13,biệt thự,,biet-thu
130000000000.0,740 m 2,"Quận Tân Bình, TPHCM",9,12,biệt thự,,biet-thu
9900000000.0,85 m 2,"Quận Gò Vấp, TPHCM",4,4,biệt thự,,biet-thu
80000000000.0,270 m 2,"Quận Tân Bình, TPHCM",6,5,biệt thự,,biet-thu
125000000000.0,252 m 2,"Quận Phú Nhuận, TPHCM",8,8,biệt thự,,biet-thu
12000000000.0,105 m 2,"Quận Gò Vấp, TPHCM",4,4,biệt thự,,biet-thu
9900000000.0,85 m 2,"Quận Gò Vấp, TPHCM",4,4,biệt thự,,biet-thu
14300000000.0,300 m 2,"Huyện Hóc Môn, TPHCM",4,6,biệt thự,,biet-thu
33000000000.0,240 m 2,"Quận Bình Thạnh, TPHCM",5,5,biệt thự,,biet-thu
50000000000.0,117 m 2,"Quận 10, TPHCM",5,5,biệt thự,,biet-thu
7500000000.0,80 m 2,"Quận Gò Vấp, TPHCM",5,4,biệt thự,,biet-thu
9500000000.0,84 m 2,"Quận Gò Vấp, TPHCM",3,3,biệt thự,,biet-thu
60000000000.0,137 m 2,"Quận 10, TPHCM",5,5,biệt thự,,biet-thu
26500000000.0,184 m 2,"Quận Bình Tân, TPHCM",4,5,biệt thự,,biet-thu
22000000000.0,160 m 2,"Quận Bình Tân, TPHCM",6,5,biệt thự,,biet-thu
110000000000.0,255 m 2,"Quận 10, TPHCM",5,5,biệt thự,,biet-thu
7200000000.0,1025 m 2,"Huyện Nhơn Trạch, Đồng Nai",3,3,biệt thự,,biet-thu
33800000000.0,192 m 2,"Quận Tân Bình, TPHCM",7,6,biệt thự,,biet-thu
6000000000.0,1200 m 2,"Huyện Nhơn Trạch, Đồng Nai",2,2,biệt thự,,biet-thu
13000000000.0,1700 m 2,"Huyện Nhơn Trạch, Đồng Nai",10,10,biệt thự,,biet-thu
13000000000.0,3597 m 2,"Huyện Nhơn Trạch, Đồng Nai",3,3,biệt thự,,biet-thu
4300000000.0,1202 m 2,"Huyện Nhơn Trạch, Đồng Nai",3,2,biệt thự,,biet-thu
38000000000.0,150 m 2,"Quận 10, TPHCM",5,5,biệt thự,,biet-thu
6500000000.0,409 m 2,"Huyện Nhơn Trạch, Đồng Nai",3,3,biệt thự,,biet-thu
26500000000.0,310 m 2,"Quận 2 (TP. Thủ Đức), TPHCM",4,4,biệt thự,,biet-thu
30000000000.0,170 m 2,"TP. Vũng Tàu, Bà Rịa - Vũng Tàu",6,8,biệt thự,,biet-thu
,100 m 2,"Quận Tây Hồ, Hà Nội",8,10,biệt thự,,biet-thu
,235 m 2,"Quận Bắc Từ Liêm, Hà Nội",4,5,biệt thự,,biet-thu
,153 m 2,"Quận Cầu Giấy, Hà Nội",16,18,biệt thự,,biet-thu
52000000000.0,100 m 2,"Quận Cầu Giấy, Hà Nội",8,16,biệt thự,,biet-thu
,83 m 2,"Quận Ba Đình, Hà Nội",4,4,biệt thự,,biet-thu
68000000000.0,250 m 2,"Quận 3, TPHCM",3,3,biệt thự,,biet-thu
110000000000.0,268 m 2,"Quận 3, TPHCM",6,6,biệt thự,,biet-thu
138000000000.0,534 m 2,"Quận 2 (TP. Thủ Đức), TPHCM",3,3,biệt thự,,biet-thu
9900000000.0,95 m 2,"TP. Biên Hoà, Đồng Nai",4,4,biệt thự,,biet-thu
8300000000.0,220 m 2,"TP. Biên Hoà, Đồng Nai",4,3,biệt thự,,biet-thu
22500000000.0,268 m 2,"TP. Biên Hoà, Đồng Nai",10,6,biệt thự,,biet-thu
11500000000.0,110 m 2,"TP. Biên Hoà, Đồng Nai",6,4,biệt thự,,biet-thu
9450000000.0,200 m 2,"TP. Biên Hoà, Đồng Nai",5,4,biệt thự,,biet-thu
6800000000.0,85 m 2,"TP. Biên Hoà, Đồng Nai",5,3,biệt thự,,biet-thu
41344000000.0,5168 m 2,"Huyện Vĩnh Cửu, Đồng Nai",6,5,biệt thự,,biet-thu
9200000000.0,110 m 2,"TP. Biên Hoà, Đồng Nai",6,3,biệt thự,,biet-thu
16500000000.0,160 m 2,"TP. Biên Hoà, Đồng Nai",4,3,biệt thự,,biet-thu
9500000000.0,142 m 2,"TP. Biên Hoà, Đồng Nai",5,4,biệt thự,,biet-thu
7650000000.0,140 m 2,"TP. Biên Hoà, Đồng Nai",5,5,biệt thự,,biet-thu
4200000000.0,72 m 2,"TP. Biên Hoà, Đồng Nai",5,3,biệt thự,,biet-thu
12800000000.0,107 m 2,"Quận Gò Vấp, TPHCM",4,5,biệt thự,,biet-thu
13500000000.0,118 m 2,"Quận Gò Vấp, TPHCM",6,6,biệt thự,,biet-thu
45000000000.0,149 m 2,"Quận 2 (TP. Thủ Đức), TPHCM",4,5,nhà phố,,biet-thu
12800000000.0,107 m 2,"Quận Gò Vấp, TPHCM",4,5,biệt thự,,biet-thu
65000000000.0,200 m 2,"Quận 2 (TP. Thủ Đức), TPHCM",4,5,biệt thự,,biet-thu
65000000000.0,216 m 2,"Quận 2 (TP. Thủ Đức), TPHCM",4,4,biệt thự,,biet-thu
24000000000.0,130 m 2,"Quận 2 (TP. Thủ Đức), TPHCM",4,4,nhà phố,,biet-thu
51000000000.0,845 m 2,"Quận 12, TPHCM",8,8,biệt thự,,biet-thu
100000000000.0,350 m 2,"Quận 2 (TP. Thủ Đức), TPHCM",5,5,biệt thự,,biet-thu
55000000000.0,232 m 2,"Quận 2 (TP. Thủ Đức), TPHCM",5,6,biệt thự,,biet-thu
22000000000.0,180 m 2,"Quận 9 (TP. Thủ Đức), TPHCM",5,6,biệt thự,,biet-thu
170000000000.0,312 m 2,"Quận 2 (TP. Thủ Đức), TPHCM",6,7,biệt thự,,biet-thu
58000000000.0,294 m 2,"Quận 2 (TP. Thủ Đức), TPHCM",4,5,biệt thự,,biet-thu
105000000000.0,338 m 2,"Quận 2 (TP. Thủ Đức), TPHCM",4,5,biệt thự,,biet-thu
248220000000.0,591 m 2,"Quận 2 (TP. Thủ Đức), TPHCM",5,5,biệt thự,,biet-thu
65000000000.0,270 m 2,"Quận 2 (TP. Thủ Đức), TPHCM",5,5,biệt thự,,biet-thu
40000000000.0,102 m 2,"Quận 2 (TP. Thủ Đức), TPHCM",6,6,biệt thự,,biet-thu
139000000000.0,347 m 2,"Quận 2 (TP. Thủ Đức), TPHCM",5,5,biệt thự,,biet-thu
53000000000.0,223 m 2,"Quận 2 (TP. Thủ Đức), TPHCM",5,5,biệt thự,,biet-thu
60000000000.0,270 m 2,"Quận 2 (TP. Thủ Đức), TPHCM",5,4,biệt thự,,biet-thu
97000000000.0,550 m 2,"Quận 2 (TP. Thủ Đức), TPHCM",4,4,biệt thự,,biet-thu
60000000000.0,212 m 2,"Quận 2 (TP. Thủ Đức), TPHCM",4,4,biệt thự,,biet-thu
200000000000.0,533 m 2,"Quận 2 (TP. Thủ Đức), TPHCM",4,4,biệt thự,,biet-thu
12800000000.0,200 m 2,"Quận Tân Phú, TPHCM",4,4,biệt thự,,biet-thu
45000000000.0,150 m 2,"Quận 5, TPHCM",5,6,biệt thự,,biet-thu
16500000000.0,135 m 2,"Quận Tân Phú, TPHCM",4,4,biệt thự,,biet-thu
85000000.0,147 m 2,"Quận Bình Thạnh, TPHCM",6,7,biệt thự,,biet-thu
300000000000.0,1200 m 2,"Quận 6, TPHCM",6,7,biệt thự,,biet-thu
330000000000.0,313 m 2,"Quận 1, TPHCM",5,7,biệt thự,,biet-thu
98000000000.0,146 m 2,"Quận Bình Thạnh, TPHCM",5,5,biệt thự,,biet-thu
300000000000.0,357 m 2,"Quận Bình Thạnh, TPHCM",5,5,biệt thự,,biet-thu
50000000000.0,377 m 2,"Quận 12, TPHCM",6,4,biệt thự,,biet-thu
50000000000.0,750 m 2,"Quận 12, TPHCM",5,3,biệt thự,,biet-thu
43800000000.0,160 m 2,"Quận 5, TPHCM",5,5,biệt thự,,biet-thu
21900000000.0,270 m 2,"Quận 7, TPHCM",6,6,biệt thự,,biet-thu
16000000000.0,95 m 2,"Quận 7, TPHCM",4,4,nhà phố,,biet-thu
24000000000.0,300 m 2,"Quận 7, TPHCM",6,6,biệt thự,,biet-thu
11800000000.0,90 m 2,"Quận 7, TPHCM",4,5,biệt thự,,biet-thu
9900000000.0,154 m 2,"Huyện Nhà Bè, TPHCM",4,5,biệt thự,,biet-thu
16900000000.0,270 m 2,"Quận 7, TPHCM",4,4,biệt thự,,biet-thu
14200000000.0,140 m 2,"Quận 7, TPHCM",5,6,biệt thự,,biet-thu
11900000000.0,90 m 2,"Quận 7, TPHCM",4,4,biệt thự,,biet-thu
17000000000.0,214 m 2,"Huyện Nhà Bè, TPHCM",5,5,biệt thự,,biet-thu
26990000000.0,309 m 2,"Quận 2 (TP. Thủ Đức), TPHCM",5,5,biệt thự,,biet-thu
19900000000.0,455 m 2,"Quận Bình Thạnh, TPHCM",2,1,biệt thự,,biet-thu
30000000000.0,240 m 2,"Quận Bình Thạnh, TPHCM",5,6,biệt thự,,biet-thu
46000000000.0,200 m 2,"Quận 2 (TP. Thủ Đức), TPHCM",6,6,biệt thự,,biet-thu
46000000000.0,187 m 2,"Quận 2 (TP. Thủ Đức), TPHCM",0,0,biệt thự,,biet-thu
37000000000.0,204 m 2,"Quận Tân Bình, TPHCM",1,1,biệt thự,,biet-thu
80000000000.0,140 m 2,"Quận 2 (TP. Thủ Đức), TPHCM",5,4,biệt thự,,biet-thu
360000000000.0,1000 m 2,"Quận 2 (TP. Thủ Đức), TPHCM",3,3,biệt thự,,biet-thu
80000000000.0,140 m 2,"Quận 2 (TP. Thủ Đức), TPHCM",5,5,biệt thự,,biet-thu
41000000000.0,160 m 2,"Quận 2 (TP. Thủ Đức), TPHCM",4,4,biệt thự,,biet-thu
37000000000.0,150 m 2,"Quận 2 (TP. Thủ Đức), TPHCM",4,4,biệt thự,,biet-thu
40000000000.0,163 m 2,"Quận 2 (TP. Thủ Đức), TPHCM",4,4,biệt thự,,biet-thu
33000000000.0,159 m 2,"Quận 2 (TP. Thủ Đức), TPHCM",5,5,biệt thự,,biet-thu
20000000000.0,110 m 2,"Quận 2 (TP. Thủ Đức), TPHCM",4,4,biệt thự,,biet-thu
115000000000.0,400 m 2,"Quận 2 (TP. Thủ Đức), TPHCM",5,4,biệt thự,,biet-thu
105000000000.0,450 m 2,"Quận 2 (TP. Thủ Đức), TPHCM",5,4,biệt thự,,biet-thu
85000000000.0,147 m 2,"Quận Bình Thạnh, TPHCM",6,6,biệt thự,,biet-thu
48000000000.0,152 m 2,"Quận 2 (TP. Thủ Đức), TPHCM",7,7,biệt thự,,biet-thu
28500000000.0,285 m 2,"Quận 12, TPHCM",4,4,biệt thự,,biet-thu
60000000000.0,400 m 2,"Quận 12, TPHCM",5,5,biệt thự,,biet-thu
61500000000.0,303 m 2,"Quận Bình Thạnh, TPHCM",5,5,biệt thự,,biet-thu
250000000000.0,970 m 2,"Quận 2 (TP. Thủ Đức), TPHCM",4,4,biệt thự,,biet-thu
36000000000.0,176 m 2,"Quận 2 (TP. Thủ Đức), TPHCM",5,5,biệt thự,,biet-thu
65000000000.0,300 m 2,"Quận 2 (TP. Thủ Đức), TPHCM",4,5,biệt thự,,biet-thu
8200000000.0,82 m 2,"TP. Nha Trang, Khánh Hòa",4,4,biệt thự,,biet-thu
4500000000.0,86 m 2,"TP. Nha Trang, Khánh Hòa",4,3,biệt thự,,biet-thu
3000000000.0,68 m 2,"TP. Nha Trang, Khánh Hòa",3,2,biệt thự,,biet-thu
5400000000.0,58 m 2,"TP. Nha Trang, Khánh Hòa",4,4,biệt thự,,biet-thu
5800000000.0,80 m 2,"TP. Nha Trang, Khánh Hòa",3,3,biệt thự,,biet-thu
4100000000.0,82 m 2,"TP. Nha Trang, Khánh Hòa",2,2,biệt thự,,biet-thu
4880000000.0,75 m 2,"TP. Nha Trang, Khánh Hòa",3,2,biệt thự,,biet-thu
11800000000.0,250 m 2,"TP. Nha Trang, Khánh Hòa",4,3,biệt thự,,biet-thu
4400000000.0,60 m 2,"TP. Nha Trang, Khánh Hòa",3,3,biệt thự,,biet-thu
3500000000.0,56 m 2,"TP. Nha Trang, Khánh Hòa",2,2,biệt thự,,biet-thu
3400000000.0,64 m 2,"TP. Nha Trang, Khánh Hòa",3,3,biệt thự,,biet-thu
6500000000.0,50 m 2,"TP. Nha Trang, Khánh Hòa",3,3,biệt thự,,biet-thu
5300000000000.0,90 m 2,"TP. Nha Trang, Khánh Hòa",4,3,biệt thự,,biet-thu
75000000000.0,540 m 2,"Quận Bình Tân, TPHCM",7,8,biệt thự,,biet-thu
27675000000.0,369 m 2,"Huyện Mê Linh, Hà Nội",3,4,biệt thự,,biet-thu
55000000000.0,240 m 2,"Quận 2 (TP. Thủ Đức), TPHCM",5,5,biệt thự,,biet-thu
103000000000.0,360 m 2,"Quận 2 (TP. Thủ Đức), TPHCM",4,4,biệt thự,,biet-thu
60000000000.0,175 m 2,"Quận 2 (TP. Thủ Đức), TPHCM",4,4,biệt thự,,biet-thu
34500000000.0,160 m 2,"Quận 2 (TP. Thủ Đức), TPHCM",4,4,biệt thự,,biet-thu
37800000000.0,210 m 2,"Quận 2 (TP. Thủ Đức), TPHCM",4,4,biệt thự,,biet-thu
43500000000.0,126 m 2,"Quận 2 (TP. Thủ Đức), TPHCM",6,5,biệt thự,,biet-thu
45500000000.0,274 m 2,"Quận 9 (TP. Thủ Đức), TPHCM",4,5,biệt thự,,biet-thu
25000000000.0,1000 m 2,"Quận 9 (TP. Thủ Đức), TPHCM",3,5,biệt thự,,biet-thu
11000000000.0,100 m 2,"Quận 9 (TP. Thủ Đức), TPHCM",4,3,nhà phố,,biet-thu
8800000000.0,80 m 2,"Quận 9 (TP. Thủ Đức), TPHCM",4,4,nhà phố,,biet-thu
28500000000.0,214 m 2,"Quận 2 (TP. Thủ Đức), TPHCM",4,4,biệt thự,,biet-thu
191000000000.0,1191 m 2,"Quận Thủ Đức (TP. Thủ Đức), TPHCM",7,6,biệt thự,,biet-thu
240000000000.0,1798 m 2,"Quận Thủ Đức (TP. Thủ Đức), TPHCM",29,28,biệt thự,,biet-thu
38000000000.0,194 m 2,"Quận 2 (TP. Thủ Đức), TPHCM",4,3,biệt thự,,biet-thu
9100000000.0,114 m 2,"Quận 2 (TP. Thủ Đức), TPHCM",3,2,biệt thự,,biet-thu
28000000000.0,152 m 2,"Quận 2 (TP. Thủ Đức), TPHCM",5,5,biệt thự,,biet-thu
37500000000.0,1196 m 2,"Huyện Bình Chánh, TPHCM",6,7,biệt thự,,biet-thu
19000000000.0,145 m 2,"Quận 9 (TP. Thủ Đức), TPHCM",4,4,nhà phố,,biet-thu
27000000000.0,309 m 2,"Quận 2 (TP. Thủ Đức), TPHCM",5,5,biệt thự,,biet-thu
38000000000.0,460 m 2,"Quận 2 (TP. Thủ Đức), TPHCM",7,7,biệt thự,,biet-thu
119000000000.0,288 m 2,"Quận 2 (TP. Thủ Đức), TPHCM",5,5,biệt thự,,biet-thu
24500000000.0,200 m 2,"Quận 9 (TP. Thủ Đức), TPHCM",7,6,biệt thự,,biet-thu
23000000000.0,180 m 2,"Quận 9 (TP. Thủ Đức), TPHCM",5,6,biệt thự,,biet-thu
80000000000.0,340 m 2,"Quận 2 (TP. Thủ Đức), TPHCM",4,4,biệt thự,,biet-thu
21000000000.0,163 m 2,"Quận 9 (TP. Thủ Đức), TPHCM",4,4,biệt thự,,biet-thu
27000000000.0,270 m 2,"Quận 9 (TP. Thủ Đức), TPHCM",4,5,biệt thự,,biet-thu
33000000000.0,164 m 2,"Quận 2 (TP. Thủ Đức), TPHCM",4,5,biệt thự,,biet-thu
45000000000.0,150 m 2,"Quận 2 (TP. Thủ Đức), TPHCM",4,4,biệt thự,,biet-thu
68000000000.0,266 m 2,"Quận 2 (TP. Thủ Đức), TPHCM",4,5,biệt thự,,biet-thu
48000000000.0,188 m 2,"Quận 2 (TP. Thủ Đức), TPHCM",0,0,biệt thự,,biet-thu
62000000000.0,510 m 2,"Quận Thủ Đức (TP. Thủ Đức), TPHCM",6,6,biệt thự,,biet-thu
46000000000.0,188 m 2,"Quận 2 (TP. Thủ Đức), TPHCM",7,6,biệt thự,,biet-thu
19800000000.0,219 m 2,"Quận 2 (TP. Thủ Đức), TPHCM",6,3,biệt thự,,biet-thu
35000000000.0,374 m 2,"Quận 9 (TP. Thủ Đức), TPHCM",0,0,biệt thự,,biet-thu
52000000000.0,545 m 2,"Quận 9 (TP. Thủ Đức), TPHCM",4,5,biệt thự,,biet-thu
56000000000.0,680 m 2,"Quận Tân Bình, TPHCM",3,2,biệt thự,,biet-thu
25000000000.0,126 m 2,"Quận Tân Bình, TPHCM",4,4,biệt thự,,biet-thu
19000000000.0,2000 m 2,"Quận 9 (TP. Thủ Đức), TPHCM",0,0,biệt thự,,biet-thu
38000000000.0,235 m 2,"Quận Phú Nhuận, TPHCM",4,3,biệt thự,,biet-thu
60000000000.0,1217 m 2,"Quận Ninh Kiều, Cần Thơ",7,8,biệt thự,,biet-thu
13600000000.0,428 m 2,"Quận Cái Răng, Cần Thơ",5,6,biệt thự,,biet-thu
38000000000.0,280 m 2,"Quận Ninh Kiều, Cần Thơ",5,6,biệt thự,,biet-thu
15000000000.0,220 m 2,"Quận Ninh Kiều, Cần Thơ",5,5,biệt thự,,biet-thu
14900000000.0,375 m 2,"Quận Cái Răng, Cần Thơ",3,4,nhà phố,,biet-thu
39000000000.0,900 m 2,"Quận Ninh Kiều, Cần Thơ",5,5,biệt thự,,biet-thu
13900000000.0,175 m 2,"Quận Cái Răng, Cần Thơ",3,4,biệt thự,,biet-thu
14500000000.0,490 m 2,"Quận Cái Răng, Cần Thơ",3,4,biệt thự,,biet-thu
25000000000.0,205 m 2,"Quận Cái Răng, Cần Thơ",5,6,biệt thự,,biet-thu
20000000000.0,200 m 2,"TP. Đà Lạt, Lâm Đồng",5,6,biệt thự,,biet-thu
30000000000.0,506 m 2,"TP. Đà Lạt, Lâm Đồng",5,6,biệt thự,,biet-thu
39900000000.0,279 m 2,"Quận 11, TPHCM",5,4,biệt thự,,biet-thu
134500000000.0,580 m 2,"Quận 2 (TP. Thủ Đức), TPHCM",5,5,biệt thự,,biet-thu
20500000000.0,341 m 2,"TP. Đà Lạt, Lâm Đồng",5,6,biệt thự,,biet-thu
14000000000.0,281 m 2,"TP. Đà Lạt, Lâm Đồng",6,6,biệt thự,,biet-thu
65900000000.0,325 m 2,"Quận Tân Bình, TPHCM",7,7,biệt thự,,biet-thu
8200000000.0,118 m 2,"TP. Đà Lạt, Lâm Đồng",5,5,biệt thự,,biet-thu
10500000000.0,250 m 2,"TP. Đà Lạt, Lâm Đồng",4,3,biệt thự,,biet-thu
14900000000.0,201 m 2,"TP. Đà Lạt, Lâm Đồng",4,5,biệt thự,,biet-thu
15000000000.0,250 m 2,"TP. Đà Lạt, Lâm Đồng",4,5,biệt thự,,biet-thu
13900000000.0,203 m 2,"TP. Đà Lạt, Lâm Đồng",6,6,biệt thự,,biet-thu
25000000000.0,202 m 2,"TP. Đà Lạt, Lâm Đồng",5,6,biệt thự,,biet-thu
20000000000.0,288 m 2,"TP. Đà Lạt, Lâm Đồng",4,5,biệt thự,,biet-thu
5000000000.0,108 m 2,"Huyện Hóc Môn, TPHCM",4,4,biệt thự,,biet-thu
98000000000.0,147 m 2,"Quận Bình Thạnh, TPHCM",5,5,biệt thự,,biet-thu
32000000000.0,183 m 2,"Quận Bình Thạnh, TPHCM",5,5,biệt thự,,biet-thu
78000000000.0,487 m 2,"Quận 9 (TP. Thủ Đức), TPHCM",5,5,biệt thự,,biet-thu
14600000000.0,270 m 2,"Huyện Cần Giuộc, Long An",5,4,biệt thự,,biet-thu
16000000000.0,300 m 2,"Huyện Cần Giuộc, Long An",5,4,biệt thự,,biet-thu
6500000000.0,120 m 2,"Huyện Cần Giuộc, Long An",4,3,biệt thự,,biet-thu
5800000000.0,120 m 2,"Huyện Cần Giuộc, Long An",4,3,nhà phố,,biet-thu
5500000000.0,100 m 2,"Huyện Cần Giuộc, Long An",4,4,biệt thự,,biet-thu
16000000000.0,300 m 2,"Huyện Cần Giuộc, Long An",5,4,biệt thự,,biet-thu
13000000000.0,270 m 2,"Huyện Cần Giuộc, Long An",5,4,biệt thự,,biet-thu
6400000000.0,120 m 2,"Huyện Cần Giuộc, Long An",4,3,nhà phố,,biet-thu
5000000000.0,90 m 2,"Huyện Cần Giuộc, Long An",4,3,biệt thự,,biet-thu
7200000000.0,100 m 2,"Huyện Cần Giuộc, Long An",4,3,biệt thự,,biet-thu
7000000000.0,120 m 2,"Huyện Cần Giuộc, Long An",4,3,biệt thự,,biet-thu
7700000000.0,120 m 2,"Huyện Cần Giuộc, Long An",4,3,biệt thự,,biet-thu
6900000000.0,120 m 2,"Huyện Cần Giuộc, Long An",4,3,biệt thự,,biet-thu
6500000000.0,108 m 2,"Huyện Cần Giuộc, Long An",4,3,nhà phố,,biet-thu
7800000000.0,120 m 2,"Huyện Cần Giuộc, Long An",4,3,biệt thự,,biet-thu
15000000000.0,270 m 2,"Huyện Cần Giuộc, Long An",5,4,biệt thự,,biet-thu
4800000000.0,90 m 2,"Huyện Cần Giuộc, Long An",5,4,nhà phố,,biet-thu
14000000000.0,270 m 2,"Huyện Cần Giuộc, Long An",5,5,biệt thự,,biet-thu
14800000000.0,200 m 2,"Huyện Cần Giuộc, Long An",5,4,biệt thự,,biet-thu
16000000000.0,270 m 2,"Huyện Cần Giuộc, Long An",5,4,biệt thự,,biet-thu
12000000000.0,270 m 2,"Huyện Cần Giuộc, Long An",4,3,biệt thự,,biet-thu
12000000000.0,200 m 2,"Huyện Cần Giuộc, Long An",5,4,biệt thự,,biet-thu
15500000000.0,270 m 2,"Huyện Cần Giuộc, Long An",5,4,biệt thự,,biet-thu
14000000000.0,200 m 2,"Huyện Cần Giuộc, Long An",4,4,biệt thự,,biet-thu
14500000000.0,200 m 2,"Huyện Cần Giuộc, Long An",5,4,biệt thự,,biet-thu
16200000000.0,300 m 2,"Huyện Cần Giuộc, Long An",5,4,biệt thự,,biet-thu
4500000000.0,90 m 2,"Huyện Cần Giuộc, Long An",4,3,nhà phố,,biet-thu
6500000000.0,83 m 2,"Huyện Hóc Môn, TPHCM",4,4,biệt thự,,biet-thu
47000000000.0,152 m 2,"Quận 2 (TP. Thủ Đức), TPHCM",4,5,biệt thự,,biet-thu
6900000000.0,85 m 2,"Quận Bình Tân, TPHCM",3,4,nhà phố,,biet-thu
31800000000.0,96 m 2,"Quận Tân Phú, TPHCM",6,7,biệt thự,,biet-thu
10000000000.0,130 m 2,"Quận Tân Phú, TPHCM",5,6,nhà phố,,biet-thu
21000000000.0,80 m 2,"Quận Tân Phú, TPHCM",6,7,biệt thự,,biet-thu
180000000000.0,1125 m 2,"Quận 2 (TP. Thủ Đức), TPHCM",5,5,biệt thự,,biet-thu
15000000000.0,75 m 2,"Huyện Gia Lâm, Hà Nội",4,4,biệt thự,,biet-thu
2000000000.0,92 m 2,"Huyện Đại Từ, Thái Nguyên",2,2,biệt thự,,biet-thu
2000000000.0,107 m 2,"Huyện Đại Từ, Thái Nguyên",3,3,biệt thự,,biet-thu
27000000000.0,75 m 2,"Quận Thanh Xuân, Hà Nội",4,5,biệt thự,,biet-thu
20000000000.0,75 m 2,"Quận Cầu Giấy, Hà Nội",6,5,biệt thự,,biet-thu
4200000000.0,68 m 2,"Quận Cầu Giấy, Hà Nội",2,2,căn hộ,,biet-thu
21500000000.0,75 m 2,"Quận Nam Từ Liêm, Hà Nội",6,5,biệt thự,,biet-thu
20000000000.0,85 m 2,"Quận Hà Đông, Hà Nội",5,6,biệt thự,,biet-thu
18000000000.0,66 m 2,"Quận Nam Từ Liêm, Hà Nội",5,3,biệt thự,,biet-thu
120000000000.0,300 m 2,"Quận 2 (TP. Thủ Đức), TPHCM",4,5,biệt thự,,biet-thu
6000000000.0,105 m 2,"TP. Huế, Thừa Thiên Huế",4,4,biệt thự,,biet-thu
7500000000.0,126 m 2,"TP. Buôn Ma Thuột, Đắk Lắk",9,9,biệt thự,,biet-thu
34500000000.0,110 m 2,"Quận Hoàng Mai, Hà Nội",6,5,biệt thự,,biet-thu
19950000000.0,75 m 2,"Huyện Thanh Trì, Hà Nội",1,1,biệt thự,,biet-thu
21000000000.0,62 m 2,"Quận Hoàng Mai, Hà Nội",4,5,biệt thự,,biet-thu
90000000000.0,278 m 2,"Quận Hoàng Mai, Hà Nội",5,5,biệt thự,,biet-thu
28500000000.0,76 m 2,"Quận Hoàng Mai, Hà Nội",4,4,biệt thự,,biet-thu
65000000000.0,258 m 2,"Quận Hoàng Mai, Hà Nội",6,5,biệt thự,,biet-thu
12800000000.0,62 m 2,"Huyện Thanh Trì, Hà Nội",5,5,biệt thự,,biet-thu
53000000000.0,185 m 2,"Quận Hoàng Mai, Hà Nội",4,4,biệt thự,,biet-thu
20800000000.0,85 m 2,"Huyện Thanh Trì, Hà Nội",4,4,biệt thự,,biet-thu
18700000000.0,72 m 2,"Huyện Thanh Trì, Hà Nội",4,5,biệt thự,,biet-thu
27000000000.0,127 m 2,"Huyện Thanh Trì, Hà Nội",5,4,biệt thự,,biet-thu
42800000000.0,86 m 2,"Quận Hoàng Mai, Hà Nội",5,5,biệt thự,,biet-thu
53500000000.0,245 m 2,"Huyện Thanh Trì, Hà Nội",5,4,biệt thự,,biet-thu
46500000000.0,95 m 2,"Quận Hoàng Mai, Hà Nội",8,10,biệt thự,,biet-thu
29300000000.0,75 m 2,"Quận Hoàng Mai, Hà Nội",6,5,biệt thự,,biet-thu
42000000000.0,200 m 2,"Quận Bình Tân, TPHCM",8,3,biệt thự,,biet-thu
45000000000.0,180 m 2,"Quận Bình Tân, TPHCM",7,7,biệt thự,,biet-thu
23900000000.0,200 m 2,"Quận Bình Tân, TPHCM",5,5,biệt thự,,biet-thu
25000000000.0,180 m 2,"Quận Bình Tân, TPHCM",6,3,biệt thự,,biet-thu
23000000000.0,185 m 2,"Quận Bình Tân, TPHCM",4,5,biệt thự,,biet-thu
25900000000.0,190 m 2,"Quận Bình Tân, TPHCM",6,3,biệt thự,,biet-thu
11200000000.0,107 m 2,"Quận Bình Tân, TPHCM",6,3,nhà phố,,biet-thu
35000000000.0,260 m 2,"Quận Bình Tân, TPHCM",8,3,biệt thự,,biet-thu
25000000000.0,185 m 2,"Quận Bình Tân, TPHCM",6,3,biệt thự,,biet-thu
42000000000.0,400 m 2,"Quận Bình Tân, TPHCM",6,3,biệt thự,,biet-thu
18800000000.0,160 m 2,"Quận Bình Tân, TPHCM",6,3,biệt thự,,biet-thu
33300000000.0,250 m 2,"Quận Bình Tân, TPHCM",8,4,biệt thự,,biet-thu
33300000000.0,250 m 2,"Quận Bình Tân, TPHCM",6,3,biệt thự,,biet-thu
65000000000.0,700 m 2,"Quận Bình Tân, TPHCM",5,5,biệt thự,,biet-thu
52000000000.0,200 m 2,"Quận Bình Tân, TPHCM",8,4,biệt thự,,biet-thu
21000000000.0,160 m 2,"Quận Bình Tân, TPHCM",6,6,biệt thự,,biet-thu
18300000000.0,160 m 2,"Quận Bình Tân, TPHCM",6,3,biệt thự,,biet-thu
22500000000.0,200 m 2,"Quận Bình Tân, TPHCM",4,3,biệt thự,,biet-thu
77000000000.0,335 m 2,"Quận Hoàng Mai, Hà Nội",6,5,biệt thự,,biet-thu
16500000000.0,85 m 2,"Huyện Thanh Trì, Hà Nội",4,3,biệt thự,,biet-thu
200000000000.0,518 m 2,"Quận Hoàng Mai, Hà Nội",10,9,biệt thự,,biet-thu
73000000000.0,210 m 2,"Quận Hoàng Mai, Hà Nội",5,4,biệt thự,,biet-thu
36500000000.0,400 m 2,"Quận Bình Tân, TPHCM",6,4,biệt thự,,biet-thu
23500000000.0,85 m 2,"Quận Hoàng Mai, Hà Nội",8,5,biệt thự,,biet-thu
16990000000.0,60 m 2,"Quận Hoàng Mai, Hà Nội",1,1,biệt thự,,biet-thu
21900000000.0,78 m 2,"Quận Hà Đông, Hà Nội",6,5,biệt thự,,biet-thu
29500000000.0,78 m 2,"Quận Hai Bà Trưng, Hà Nội",6,5,biệt thự,,biet-thu
31000000000.0,78 m 2,"Quận Hoàng Mai, Hà Nội",5,4,biệt thự,,biet-thu
36500000000.0,90 m 2,"Quận Hoàng Mai, Hà Nội",6,4,biệt thự,,biet-thu
49000000000.0,185 m 2,"Quận Hoàng Mai, Hà Nội",5,5,biệt thự,,biet-thu
21200000000.0,50 m 2,"Quận Thanh Xuân, Hà Nội",6,6,biệt thự,,biet-thu
23500000000.0,200 m 2,"Quận Bình Tân, TPHCM",4,4,biệt thự,,biet-thu
18500000000.0,160 m 2,"Quận Bình Tân, TPHCM",5,4,biệt thự,,biet-thu
27500000000.0,95 m 2,"Huyện Thanh Trì, Hà Nội",6,6,biệt thự,,biet-thu
25000000000.0,95 m 2,"Huyện Thanh Trì, Hà Nội",4,4,biệt thự,,biet-thu
16000000000.0,62 m 2,"Huyện Thanh Trì, Hà Nội",1,1,biệt thự,,biet-thu
33000000000.0,180 m 2,"Quận Bình Tân, TPHCM",6,3,biệt thự,,biet-thu
31500000000.0,120 m 2,"Quận Bình Tân, TPHCM",6,3,biệt thự,,biet-thu
29500000000.0,75 m 2,"Quận Hai Bà Trưng, Hà Nội",4,4,biệt thự,,biet-thu
19000000000.0,55 m 2,"Quận Hai Bà Trưng, Hà Nội",4,4,biệt thự,,biet-thu
120000000000.0,250 m 2,"Quận 2 (TP. Thủ Đức), TPHCM",7,6,biệt thự,,biet-thu
57000000000.0,150 m 2,"Quận 2 (TP. Thủ Đức), TPHCM",5,5,biệt thự,,biet-thu
10500000000.0,100 m 2,"Quận Hải Châu, Đà Nẵng",6,4,biệt thự,,biet-thu
20500000000.0,83 m 2,"Quận Hà Đông, Hà Nội",4,6,biệt thự,,biet-thu
52500000000.0,140 m 2,"Quận Nam Từ Liêm, Hà Nội",4,6,biệt thự,,biet-thu
21000000000.0,114 m 2,"Quận Hà Đông, Hà Nội",4,4,biệt thự,,biet-thu
21000000000.0,100 m 2,"Quận 11, TPHCM",6,6,biệt thự,,biet-thu
260000000000.0,777 m 2,"Quận 2 (TP. Thủ Đức), TPHCM",6,7,biệt thự,,biet-thu
79000000000.0,175 m 2,"Quận 2 (TP. Thủ Đức), TPHCM",4,5,biệt thự,,biet-thu
56000000000.0,191 m 2,"Quận 2 (TP. Thủ Đức), TPHCM",4,5,biệt thự,,biet-thu
60000000000.0,284 m 2,"Quận 2 (TP. Thủ Đức), TPHCM",5,6,biệt thự,,biet-thu
45000000000.0,218 m 2,"Quận 9 (TP. Thủ Đức), TPHCM",4,4,biệt thự,,biet-thu
33000000000.0,118 m 2,"Quận Hoàng Mai, Hà Nội",5,6,biệt thự,,biet-thu
22000000000.0,85 m 2,"Quận Hoàng Mai, Hà Nội",5,5,biệt thự,,biet-thu
3010000000.0,43 m 2,"Quận Hải An, Hải Phòng",3,3,nhà phố,,biet-thu
140000000000.0,390 m 2,"Quận 2 (TP. Thủ Đức), TPHCM",5,6,biệt thự,,biet-thu
5200000000.0,120 m 2,"TP. Biên Hoà, Đồng Nai",5,5,biệt thự,,biet-thu
129000000000.0,328 m 2,"Quận 2 (TP. Thủ Đức), TPHCM",0,0,đất nền,,dat-nen
3000000000.0,90 m 2,"Huyện Thạch Thất, Hà Nội",0,0,đất nền,,dat-nen
8500000000.0,294 m 2,"TP. Pleiku, Gia Lai",0,0,biệt thự,,dat-nen
700000000.0,125 m 2,"TP. Pleiku, Gia Lai",0,0,đất nền,,dat-nen
160000000000.0,1000 m 2,"Quận Bình Thạnh, TPHCM",0,0,đất nền,,dat-nen
850000000000.0,625 m 2,"Quận 3, TPHCM",0,0,đất nền,,dat-nen
120000000000.0,560 m 2,"Quận Bình Thạnh, TPHCM",0,0,đất nền,,dat-nen
20700000000.0,200 m 2,"Quận 2 (TP. Thủ Đức), TPHCM",0,0,đất nền,,dat-nen
33750000000.0,375 m 2,"Quận 2 (TP. Thủ Đức), TPHCM",0,0,đất nền,,dat-nen
22015000000.0,130 m 2,"Quận 2 (TP. Thủ Đức), TPHCM",0,0,đất nền,,dat-nen
31110000000.0,145 m 2,"Quận 2 (TP. Thủ Đức), TPHCM",0,0,đất nền,,dat-nen
82620000000.0,304 m 2,"Quận 2 (TP. Thủ Đức), TPHCM",0,0,đất nền,,dat-nen
25300000000.0,110 m 2,"Quận 2 (TP. Thủ Đức), TPHCM",0,0,đất nền,,dat-nen
37050000000.0,142 m 2,"Quận 2 (TP. Thủ Đức), TPHCM",0,0,đất nền,,dat-nen
11200000000.0,100 m 2,"Quận Hoàng Mai, Hà Nội",0,0,đất nền,,dat-nen
105000000.0,78 m 2,"Quận Hoàng Mai, Hà Nội",0,0,đất nền,,dat-nen
95000000.0,75 m 2,"Quận Hoàng Mai, Hà Nội",0,0,đất nền,,dat-nen
95000000.0,95 m 2,"Quận Hoàng Mai, Hà Nội",0,0,đất nền,,dat-nen
12555000000.0,81 m 2,"Quận Hoàng Mai, Hà Nội",0,0,đất nền,,dat-nen
100000000.0,75 m 2,"Quận Hoàng Mai, Hà Nội",0,0,đất nền,,dat-nen
2500000000.0,158 m 2,"TP. Pleiku, Gia Lai",0,0,đất nền,,dat-nen
17900000000.0,140 m 2,"Quận 7, TPHCM",0,0,đất nền,,dat-nen
23000000000.0,200 m 2,"Quận 2 (TP. Thủ Đức), TPHCM",0,0,biệt thự,,dat-nen
22500000000.0,80 m 2,"Quận 2 (TP. Thủ Đức), TPHCM",0,0,đất nền,,dat-nen
34320000000.0,312 m 2,"Quận 9 (TP. Thủ Đức), TPHCM",0,0,đất nền,,dat-nen
24000000000.0,100 m 2,"Quận 2 (TP. Thủ Đức), TPHCM",0,0,đất nền,,dat-nen
10600000000.0,100 m 2,"Quận 12, TPHCM",0,0,đất nền,,dat-nen
13500000000.0,100 m 2,"Quận 2 (TP. Thủ Đức), TPHCM",0,0,đất nền,,dat-nen
54500000000.0,176 m 2,"Quận 2 (TP. Thủ Đức), TPHCM",0,0,đất nền,,dat-nen
39000000000.0,160 m 2,"Quận 2 (TP. Thủ Đức), TPHCM",0,0,đất nền,,dat-nen
38000000000.0,160 m 2,"Quận 2 (TP. Thủ Đức), TPHCM",0,0,biệt thự,,dat-nen
18300000000.0,100 m 2,"Quận 2 (TP. Thủ Đức), TPHCM",0,0,đất nền,,dat-nen
113000000000.0,335 m 2,"Quận 2 (TP. Thủ Đức), TPHCM",0,0,đất nền,,dat-nen
1800000000.0,90 m 2,"Huyện Đức Hoà, Long An",0,0,đất nền,,dat-nen
1800000000.0,90 m 2,"Huyện Đức Hoà, Long An",0,0,đất nền,,dat-nen
15000000000.0,202 m 2,"Quận 9 (TP. Thủ Đức), TPHCM",0,0,biệt thự,,dat-nen
11000000000.0,110 m 2,"Quận 9 (TP. Thủ Đức), TPHCM",0,0,đất nền,,dat-nen
26000000000.0,140 m 2,"Quận 2 (TP. Thủ Đức), TPHCM",0,0,biệt thự,,dat-nen
6700000000.0,100 m 2,"Quận 9 (TP. Thủ Đức), TPHCM",0,0,đất nền,,dat-nen
15000000000.0,160 m 2,"Quận 2 (TP. Thủ Đức), TPHCM",0,0,đất nền,,dat-nen
41200000000.0,300 m 2,"Quận 9 (TP. Thủ Đức), TPHCM",0,0,biệt thự,,dat-nen
14000000000.0,108 m 2,"Quận 2 (TP. Thủ Đức), TPHCM",0,0,đất nền,,dat-nen
12900000000.0,100 m 2,"Quận 2 (TP. Thủ Đức), TPHCM",0,0,đất nền,,dat-nen
16000000000.0,160 m 2,"Quận 2 (TP. Thủ Đức), TPHCM",0,0,biệt thự,,dat-nen
19200000000.0,192 m 2,"Quận 2 (TP. Thủ Đức), TPHCM",0,0,biệt thự,,dat-nen
10500000000.0,90 m 2,"Quận 9 (TP. Thủ Đức), TPHCM",0,0,đất nền,,dat-nen
16000000000.0,200 m 2,"Quận 2 (TP. Thủ Đức), TPHCM",0,0,biệt thự,,dat-nen
23000000000.0,175 m 2,"Quận 2 (TP. Thủ Đức), TPHCM",0,0,biệt thự,,dat-nen
11500000000.0,108 m 2,"Quận 2 (TP. Thủ Đức), TPHCM",0,0,đất nền,,dat-nen
49000000000.0,246 m 2,"Quận 2 (TP. Thủ Đức), TPHCM",0,0,biệt thự,,dat-nen
13800000000.0,120 m 2,"Quận 9 (TP. Thủ Đức), TPHCM",0,0,biệt thự,,dat-nen
31500000000.0,228 m 2,"Quận 9 (TP. Thủ Đức), TPHCM",0,0,biệt thự,,dat-nen
20500000000.0,200 m 2,"Quận 2 (TP. Thủ Đức), TPHCM",0,0,biệt thự,,dat-nen
64260000000.0,1428 m 2,"Quận Cái Răng, Cần Thơ",0,0,đất nền,,dat-nen
9000000000.0,132 m 2,"TP. Đà Lạt, Lâm Đồng",0,0,đất nền,,dat-nen
80000000.0,6 m 2,"Huyện Đức Huệ, Long An",0,0,đất nền,,dat-nen
99000000.0,6 m 2,"Huyện Cần Giuộc, Long An",0,0,đất nền,,dat-nen
50000000000.0,400 m 2,"Quận 7, TPHCM",0,0,đất nền,,dat-nen
5100000000.0,140 m 2,"Huyện Nhơn Trạch, Đồng Nai",0,0,đất nền,,dat-nen
6600000000.0,140 m 2,"Huyện Nhơn Trạch, Đồng Nai",0,0,đất nền,,dat-nen
27000000000.0,844 m 2,"Huyện Phú Quốc, Kiên Giang",0,0,đất nền,,dat-nen
1600000000.0,291 m 2,"Huyện Phú Quốc, Kiên Giang",0,0,đất nền,,dat-nen
2630000000.0,72 m 2,"Quận Gò Vấp, TPHCM",0,0,đất nền,,dat-nen
85900000000.0,318 m 2,"Quận 2 (TP. Thủ Đức), TPHCM",0,0,đất nền,,dat-nen
85900000000.0,317 m 2,"Quận 2 (TP. Thủ Đức), TPHCM",0,0,đất nền,,dat-nen
2100000000.0,119 m 2,"Huyện Đức Hoà, Long An",0,0,đất nền,,dat-nen
8500000000.0,64 m 2,"Quận Bình Tân, TPHCM",0,0,đất nền,,dat-nen
2000000000.0,80 m 2,"Huyện Cần Giuộc, Long An",0,0,đất nền,,dat-nen
2021000000.0,92 m 2,"Huyện Đại Từ, Thái Nguyên",0,0,đất nền,,dat-nen
960000000.0,132 m 2,"TP. Mỹ Tho, Tiền Giang",0,0,đất nền,,dat-nen
1180000000.0,119 m 2,"TP. Mỹ Tho, Tiền Giang",0,0,đất nền,,dat-nen
4867200000000.0,24336 m 2,"Quận 2 (TP. Thủ Đức), TPHCM",0,0,đất nền,,dat-nen
2255000000.0,107 m 2,"Huyện Đại Từ, Thái Nguyên",0,0,đất nền,,dat-nen
1750000000.0,165 m 2,"Huyện Phúc Thọ, Hà Nội",0,0,đất nền,,dat-nen
9300000000.0,126 m 2,"Huyện Việt Yên, Bắc Giang",0,0,đất nền,,dat-nen
11200000000.0,160 m 2,"Huyện Việt Yên, Bắc Giang",0,0,đất nền,,dat-nen
8600000000.0,126 m 2,"Huyện Việt Yên, Bắc Giang",0,0,đất nền,,dat-nen
2340000000.0,90 m 2,"Huyện Bến Lức, Long An",0,0,đất nền,,dat-nen
11500000000.0,110 m 2,"Quận 2 (TP. Thủ Đức), TPHCM",0,0,đất nền,,dat-nen
13286000000.0,182 m 2,"Quận 9 (TP. Thủ Đức), TPHCM",0,0,đất nền,,dat-nen
26290000000.0,120 m 2,"Quận 2 (TP. Thủ Đức), TPHCM",0,0,đất nền,,dat-nen
6000000000.0,133 m 2,"Quận 9 (TP. Thủ Đức), TPHCM",0,0,đất nền,,dat-nen
17500000000.0,175 m 2,"Quận 2 (TP. Thủ Đức), TPHCM",0,0,đất nền,,dat-nen
34240000000.0,214 m 2,"Quận 2 (TP. Thủ Đức), TPHCM",0,0,đất nền,,dat-nen
70000000000.0,188 m 2,"Quận 2 (TP. Thủ Đức), TPHCM",0,0,đất nền,,dat-nen
9000000000.0,90 m 2,"Quận 2 (TP. Thủ Đức), TPHCM",0,0,đất nền,,dat-nen
19200000000.0,160 m 2,"Quận 2 (TP. Thủ Đức), TPHCM",0,0,đất nền,,dat-nen
30920000000.0,155 m 2,"Quận 2 (TP. Thủ Đức), TPHCM",0,0,đất nền,,dat-nen
25000000000.0,240 m 2,"Quận 9 (TP. Thủ Đức), TPHCM",0,0,đất nền,,dat-nen
24400000000.0,120 m 2,"Quận 2 (TP. Thủ Đức), TPHCM",0,0,đất nền,,dat-nen
47150000000.0,230 m 2,"Quận 2 (TP. Thủ Đức), TPHCM",0,0,biệt thự,,dat-nen
12000000000.0,108 m 2,"Quận 2 (TP. Thủ Đức), TPHCM",0,0,đất nền,,dat-nen
41000000000.0,300 m 2,"Quận 9 (TP. Thủ Đức), TPHCM",0,0,biệt thự,,dat-nen
47150000000.0,230 m 2,"Quận 2 (TP. Thủ Đức), TPHCM",0,0,biệt thự,,dat-nen
79300000000.0,793 m 2,"Quận 2 (TP. Thủ Đức), TPHCM",0,0,biệt thự,,dat-nen
47000000000.0,162 m 2,"Quận 2 (TP. Thủ Đức), TPHCM",0,0,biệt thự,,dat-nen
50000000.0,10 m 2,"Huyện Đức Hoà, Long An",0,0,đất nền,,dat-nen
12000000000.0,126 m 2,"Quận 7, TPHCM",0,0,đất nền,,dat-nen
528000000000.0,3300 m 2,"Quận 2 (TP. Thủ Đức), TPHCM",0,0,đất nền,,dat-nen
13650000000.0,130 m 2,"Quận 2 (TP. Thủ Đức), TPHCM",0,0,đất nền,,dat-nen
2450000000.0,100 m 2,"Huyện Quốc Oai, Hà Nội",0,0,đất nền,,dat-nen
2000000000.0,105 m 2,"Huyện Thạch Thất, Hà Nội",0,0,đất nền,,dat-nen
1600000000.0,100 m 2,"Huyện Thống Nhất, Đồng Nai",0,0,đất nền,,dat-nen
30000000000.0,108 m 2,"Quận 2 (TP. Thủ Đức), TPHCM",0,0,đất nền,,dat-nen
2500000000.0,112 m 2,"Huyện Thạch Thất, Hà Nội",0,0,đất nền,,dat-nen
2000000000.0,105 m 2,"Huyện Thạch Thất, Hà Nội",0,0,đất nền,,dat-nen
2650000000.0,115 m 2,"Huyện Thạch Thất, Hà Nội",0,0,đất nền,,dat-nen
3000000000.0,115 m 2,"Huyện Thạch Thất, Hà Nội",0,0,đất nền,,dat-nen
3900000000.0,100 m 2,"Huyện Thạch Thất, Hà Nội",0,0,đất nền,,dat-nen
2879000000.0,100 m 2,"Huyện Quốc Oai, Hà Nội",0,0,đất nền,,dat-nen
2650000000.0,100 m 2,"Huyện Quốc Oai, Hà Nội",0,0,đất nền,,dat-nen
16800000000.0,200 m 2,"Quận 9 (TP. Thủ Đức), TPHCM",0,0,đất nền,,dat-nen
23800000000.0,100 m 2,"Quận 2 (TP. Thủ Đức), TPHCM",0,0,đất nền,,dat-nen
2799000000.0,128 m 2,"Huyện Thạch Thất, Hà Nội",0,0,đất nền,,dat-nen
2499000000.0,125 m 2,"Huyện Thạch Thất, Hà Nội",0,0,đất nền,,dat-nen
3000000000.0,125 m 2,"Huyện Thạch Thất, Hà Nội",0,0,đất nền,,dat-nen
2494000000.0,100 m 2,"Huyện Thạch Thất, Hà Nội",0,0,đất nền,,dat-nen
2500000000.0,105 m 2,"Huyện Thạch Thất, Hà Nội",0,0,đất nền,,dat-nen
12500000000.0,61 m 2,"Quận Bình Thạnh, TPHCM",0,0,đất nền,,dat-nen
1900000000.0,505 m 2,"TP. Biên Hoà, Đồng Nai",0,0,đất nền,,dat-nen
1000000000.0,100 m 2,"Huyện Ba Vì, Hà Nội",0,0,đất nền,,dat-nen
3581000000.0,103 m 2,"Thị Xã Sơn Tây, Hà Nội",0,0,đất nền,,dat-nen
2849000000.0,100 m 2,"Thị Xã Sơn Tây, Hà Nội",0,0,đất nền,,dat-nen
5000000000.0,100 m 2,"Huyện Thạch Thất, Hà Nội",0,0,đất nền,,dat-nen
1700000000.0,90 m 2,"Thị Xã Sơn Tây, Hà Nội",0,0,đất nền,,dat-nen
2125000000.0,89 m 2,"Huyện Bến Lức, Long An",0,0,đất nền,,dat-nen
2200000000.0,108 m 2,"Huyện Thủ Thừa, Long An",0,0,đất nền,,dat-nen
96000000.0,5 m 2,"Huyện Long Thành, Đồng Nai",0,0,đất nền,,dat-nen
263000000.0,9 m 2,"Huyện Long Thành, Đồng Nai",0,0,đất nền,,dat-nen
134000000.0,5 m 2,"Huyện Long Thành, Đồng Nai",0,0,đất nền,,dat-nen
1950000000.0,154 m 2,"Huyện Củ Chi, TPHCM",0,0,đất nền,,dat-nen
2040000000.0,80 m 2,"Huyện Củ Chi, TPHCM",0,0,đất nền,,dat-nen
4700000000.0,67 m 2,"Quận 9 (TP. Thủ Đức), TPHCM",0,0,đất nền,,dat-nen
5500000000.0,100 m 2,"Huyện Bình Chánh, TPHCM",0,0,nhà phố,,dat-nen
4800000000.0,100 m 2,"Huyện Bình Chánh, TPHCM",0,0,nhà phố,,dat-nen
7938000000.0,126 m 2,"Huyện Bình Chánh, TPHCM",0,0,nhà phố,,dat-nen
7800000000.0,200 m 2,"Huyện Bình Chánh, TPHCM",0,0,biệt thự,,dat-nen
8399000000.0,140 m 2,"Huyện Bình Chánh, TPHCM",0,0,đất nền,,dat-nen
7999000000.0,140 m 2,"Huyện Bình Chánh, TPHCM",0,0,đất nền,,dat-nen
4095000000.0,105 m 2,"Huyện Bình Chánh, TPHCM",0,0,đất nền,,dat-nen
4400000000.0,100 m 2,"Huyện Bình Chánh, TPHCM",0,0,đất nền,,dat-nen
5000000000.0,100 m 2,"Huyện Bình Chánh, TPHCM",0,0,đất nền,,dat-nen
4999000000.0,85 m 2,"Huyện Bình Chánh, TPHCM",0,0,đất nền,,dat-nen
4700000000.0,100 m 2,"Huyện Bình Chánh, TPHCM",0,0,nhà phố,,dat-nen
5199000000.0,85 m 2,"Huyện Bình Chánh, TPHCM",0,0,nhà phố,,dat-nen
18000000000.0,300 m 2,"Huyện Bình Chánh, TPHCM",0,0,biệt thự,,dat-nen
7940000000.0,126 m 2,"Huyện Bình Chánh, TPHCM",0,0,biệt thự,,dat-nen
9680000000.0,242 m 2,"Huyện Bình Chánh, TPHCM",0,0,biệt thự,,dat-nen
18900000000.0,135 m 2,"Huyện Bình Chánh, TPHCM",0,0,nhà phố,,dat-nen
4350000000.0,100 m 2,"Huyện Bình Chánh, TPHCM",0,0,đất nền,,dat-nen
8400000000.0,140 m 2,"Huyện Bình Chánh, TPHCM",0,0,đất nền,,dat-nen
4788000000.0,126 m 2,"Huyện Bình Chánh, TPHCM",0,0,đất nền,,dat-nen
7900000000.0,126 m 2,"Huyện Bình Chánh, TPHCM",0,0,đất nền,,dat-nen
7900000000.0,126 m 2,"Huyện Bình Chánh, TPHCM",0,0,đất nền,,dat-nen
4650000000.0,100 m 2,"Huyện Bình Chánh, TPHCM",0,0,đất nền,,dat-nen
4650000000.0,100 m 2,"Huyện Bình Chánh, TPHCM",0,0,nhà phố,,dat-nen
9374000000.0,218 m 2,"Huyện Bình Chánh, TPHCM",0,0,nhà phố,,dat-nen
4788000000.0,126 m 2,"Huyện Bình Chánh, TPHCM",0,0,đất nền,,dat-nen
4900000000.0,126 m 2,"Huyện Bình Chánh, TPHCM",0,0,đất nền,,dat-nen
5100000000.0,85 m 2,"Huyện Bình Chánh, TPHCM",0,0,đất nền,,dat-nen
9200000000.0,140 m 2,"Huyện Bình Chánh, TPHCM",0,0,đất nền,,dat-nen
52000000.0,112 m 2,"Huyện Bình Chánh, TPHCM",0,0,đất nền,,dat-nen
2070000000.0,90 m 2,"Huyện Bến Lức, Long An",0,0,đất nền,,dat-nen
435000000.0,75 m 2,"Thị Xã Bến Cát, Bình Dương",0,0,đất nền,,dat-nen
18592000000.0,305 m 2,"Huyện Nhà Bè, TPHCM",0,0,đất nền,,dat-nen
18600000000.0,126 m 2,"Quận 7, TPHCM",0,0,đất nền,,dat-nen
9500000000.0,90 m 2,"Quận 7, TPHCM",0,0,căn hộ,,dat-nen
14560000000.0,104 m 2,"Quận 7, TPHCM",0,0,đất nền,,dat-nen
75000000000.0,386 m 2,"Quận 7, TPHCM",0,0,đất nền,,dat-nen
19999000000.0,114 m 2,"Quận 7, TPHCM",0,0,đất nền,,dat-nen
62000000000.0,285 m 2,"Quận 2 (TP. Thủ Đức), TPHCM",0,0,đất nền,,dat-nen
12500000000.0,159 m 2,"Quận Cẩm Lệ, Đà Nẵng",0,0,đất nền,,dat-nen
2000000000.0,100 m 2,"Huyện Củ Chi, TPHCM",0,0,đất nền,,dat-nen
12000000000.0,100 m 2,"Quận 7, TPHCM",0,0,nhà phố,,dat-nen
4200000000.0,140 m 2,"Huyện Nhà Bè, TPHCM",0,0,đất nền,,dat-nen
3240000000.0,108 m 2,"Huyện Nhà Bè, TPHCM",0,0,đất nền,,dat-nen
5600000000.0,200 m 2,"Huyện Nhà Bè, TPHCM",0,0,biệt thự,,dat-nen
1900000000.0,96 m 2,"Huyện Thủ Thừa, Long An",0,0,đất nền,,dat-nen
18000000000.0,75 m 2,"Huyện Đan Phượng, Hà Nội",0,0,đất nền,,dat-nen
6800000000.0,67 m 2,"Quận Bình Tân, TPHCM",0,0,đất nền,,dat-nen
3500000000.0,100 m 2,"Huyện Bình Chánh, TPHCM",0,0,đất nền,,dat-nen
85000000000.0,373 m 2,"Quận Bình Thạnh, TPHCM",0,0,đất nền,,dat-nen
2200000000.0,100 m 2,"Huyện Thống Nhất, Đồng Nai",0,0,đất nền,,dat-nen
4350000000.0,60 m 2,"Quận 12, TPHCM",0,0,đất nền,,dat-nen
850000000.0,125 m 2,"TP. Bảo Lộc, Lâm Đồng",0,0,đất nền,,dat-nen
7000000000.0,420 m 2,"Huyện Kỳ Sơn, Hòa Bình",0,0,đất nền,,dat-nen
8500000000.0,100 m 2,"Huyện Nhà Bè, TPHCM",0,0,đất nền,,dat-nen
15000000000.0,250 m 2,"Huyện Nhà Bè, TPHCM",0,0,biệt thự,,dat-nen
750000000.0,200 m 2,"Huyện Chơn Thành, Bình Phước",0,0,đất nền,,dat-nen
195000000.0,104 m 2,"Quận 2 (TP. Thủ Đức), TPHCM",0,0,đất nền,,dat-nen
36000000000.0,174 m 2,"Quận 2 (TP. Thủ Đức), TPHCM",0,0,đất nền,,dat-nen
62320000000.0,304 m 2,"Quận 2 (TP. Thủ Đức), TPHCM",0,0,biệt thự,,dat-nen
61000000000.0,305 m 2,"Quận 2 (TP. Thủ Đức), TPHCM",0,0,biệt thự,,dat-nen
45750000000.0,305 m 2,"Quận 2 (TP. Thủ Đức), TPHCM",0,0,đất nền,,dat-nen
14400000000.0,80 m 2,"Quận 2 (TP. Thủ Đức), TPHCM",0,0,đất nền,,dat-nen
2800000000.0,85 m 2,"Huyện Yên Phong, Bắc Ninh",0,0,đất nền,,dat-nen
3918000000.0,144 m 2,"Huyện Lương Sơn, Hòa Bình",0,0,đất nền,,dat-nen
250000000.0,370 m 2,"Huyện Phú Riềng, Bình Phước",0,0,đất nền,,dat-nen
250000000.0,370 m 2,"Huyện Phú Riềng, Bình Phước",0,0,đất nền,,dat-nen
120000000.0,280 m 2,"Huyện Phú Riềng, Bình Phước",0,0,đất nền,,dat-nen
300000000.0,370 m 2,"Huyện Phú Riềng, Bình Phước",0,0,đất nền,,dat-nen
2250000000.0,75 m 2,"Huyện Yên Phong, Bắc Ninh",0,0,đất nền,,dat-nen
35000000000.0,214 m 2,"Quận 2 (TP. Thủ Đức), TPHCM",0,0,đất nền,,dat-nen
116000000000.0,322 m 2,"Quận 2 (TP. Thủ Đức), TPHCM",0,0,đất nền,,dat-nen
49000000000.0,135 m 2,"Quận 2 (TP. Thủ Đức), TPHCM",0,0,đất nền,,dat-nen
52000000000.0,200 m 2,"Quận 2 (TP. Thủ Đức), TPHCM",0,0,đất nền,,dat-nen
27000000000.0,140 m 2,"Quận 2 (TP. Thủ Đức), TPHCM",0,0,đất nền,,dat-nen
2400000000.0,100 m 2,"TP. Bảo Lộc, Lâm Đồng",0,0,đất nền,,dat-nen
4300000000.0,60 m 2,"Quận 12, TPHCM",0,0,đất nền,,dat-nen
17640000000.0,294 m 2,"Quận 9 (TP. Thủ Đức), TPHCM",0,0,đất nền,,dat-nen
2375000000.0,100 m 2,"TP. Bảo Lộc, Lâm Đồng",0,0,đất nền,,dat-nen
3150000000.0,60 m 2,"Quận 12, TPHCM",0,0,đất nền,,dat-nen
5600000000.0,82 m 2,"TP. Nha Trang, Khánh Hòa",0,0,đất nền,,dat-nen
14931000000.0,189 m 2,"Quận 9 (TP. Thủ Đức), TPHCM",0,0,đất nền,,dat-nen
22500000000.0,300 m 2,"Quận 9 (TP. Thủ Đức), TPHCM",0,0,biệt thự,,dat-nen
19200000000.0,204 m 2,"Quận 9 (TP. Thủ Đức), TPHCM",0,0,đất nền,,dat-nen
16100000000.0,140 m 2,"Quận 9 (TP. Thủ Đức), TPHCM",0,0,đất nền,,dat-nen
22620000000.0,290 m 2,"Quận 9 (TP. Thủ Đức), TPHCM",0,0,biệt thự,,dat-nen
23814000000.0,378 m 2,"Quận 9 (TP. Thủ Đức), TPHCM",0,0,đất nền,,dat-nen
11200000000.0,125 m 2,"Quận 9 (TP. Thủ Đức), TPHCM",0,0,đất nền,,dat-nen
3244000000.0,90 m 2,"TP. Phan Rang-Tháp Chàm, Ninh Thuận",0,0,đất nền,,dat-nen
1268000000.0,85 m 2,"Huyện Bình Chánh, TPHCM",0,0,đất nền,,dat-nen
2353000000.0,68 m 2,"TP. Phan Rang-Tháp Chàm, Ninh Thuận",0,0,đất nền,,dat-nen
2390000000.0,68 m 2,"TP. Phan Rang-Tháp Chàm, Ninh Thuận",0,0,đất nền,,dat-nen
1560000000.0,120 m 2,"TP. Sóc Trăng, Sóc Trăng",0,0,đất nền,,dat-nen
11040000000.0,160 m 2,"Quận 9 (TP. Thủ Đức), TPHCM",0,0,đất nền,,dat-nen
16000000000.0,200 m 2,"Quận 9 (TP. Thủ Đức), TPHCM",0,0,đất nền,,dat-nen
12650000000.0,115 m 2,"Quận 9 (TP. Thủ Đức), TPHCM",0,0,đất nền,,dat-nen
19500000000.0,99 m 2,"Quận 2 (TP. Thủ Đức), TPHCM",0,0,đất nền,,dat-nen
12650000000.0,115 m 2,"Quận 9 (TP. Thủ Đức), TPHCM",0,0,đất nền,,dat-nen
2700000000.0,197 m 2,"TP. Sóc Trăng, Sóc Trăng",0,0,biệt thự,,dat-nen
1800000000.0,120 m 2,"TP. Sóc Trăng, Sóc Trăng",0,0,đất nền,,dat-nen
3100000000.0,80 m 2,"Huyện Bình Chánh, TPHCM",0,0,đất nền,,dat-nen
21000000000.0,111 m 2,"Quận 7, TPHCM",0,0,đất nền,,dat-nen
2092000000.0,465 m 2,"Huyện Lương Sơn, Hòa Bình",0,0,đất nền,,dat-nen
440000000.0,67 m 2,"Huyện Lạc Thuỷ, Hòa Bình",0,0,đất nền,,dat-nen
27000000000.0,44000 m 2,"Huyện Lương Sơn, Hòa Bình",0,0,đất nền,,dat-nen
3400000000.0,641 m 2,"TP. Phan Rang-Tháp Chàm, Ninh Thuận",0,0,đất nền,,dat-nen
160000000000.0,446 m 2,"Quận 2 (TP. Thủ Đức), TPHCM",0,0,đất nền,,dat-nen
4560000000.0,57 m 2,"Quận Hải An, Hải Phòng",0,0,đất nền,,dat-nen
4500000000.0,49 m 2,"Quận 12, TPHCM",0,0,đất nền,,dat-nen
8990000000.0,200 m 2,"Quận Ngũ Hành Sơn, Đà Nẵng",0,0,đất nền,,dat-nen
16000000000.0,280 m 2,"Huyện Bình Chánh, TPHCM",0,0,biệt thự,,dat-nen
7800000000.0,119 m 2,"Huyện Bình Chánh, TPHCM",0,0,đất nền,,dat-nen
5400000000.0,102 m 2,"Quận Cẩm Lệ, Đà Nẵng",0,0,đất nền,,dat-nen
158000000.0,214 m 2,"Quận 2 (TP. Thủ Đức), TPHCM",0,0,đất nền,,dat-nen
44555000000.0,133 m 2,"Quận 2 (TP. Thủ Đức), TPHCM",0,0,đất nền,,dat-nen
20100000000.0,134 m 2,"Quận 2 (TP. Thủ Đức), TPHCM",0,0,đất nền,,dat-nen
7000000000.0,100 m 2,"Quận 2 (TP. Thủ Đức), TPHCM",0,0,đất nền,,dat-nen
10600000000.0,100 m 2,"Quận 2 (TP. Thủ Đức), TPHCM",0,0,đất nền,,dat-nen
13500000000.0,120 m 2,"Quận 2 (TP. Thủ Đức), TPHCM",0,0,đất nền,,dat-nen
9000000000.0,83 m 2,"Quận 9 (TP. Thủ Đức), TPHCM",0,0,đất nền,,dat-nen
8200000000.0,126 m 2,"Huyện Bình Chánh, TPHCM",0,0,đất nền,,dat-nen
1200000000.0,115 m 2,"TP. Rạch Giá, Kiên Giang",0,0,đất nền,,dat-nen
890000000.0,150 m 2,"Huyện Mộ Đức, Quảng Ngãi",0,0,đất nền,,dat-nen
,5 m 2,"Huyện Cần Giuộc, Long An",0,0,đất nền,,dat-nen
241000000.0,10 m 2,"Huyện Cần Giuộc, Long An",0,0,đất nền,,dat-nen
38000000.0,10 m 2,"Huyện Đức Huệ, Long An",0,0,đất nền,,dat-nen
98000000.0,5 m 2,"Huyện Cần Giuộc, Long An",0,0,đất nền,,dat-nen
1960000000.0,122 m 2,"TP. Điện Biên Phủ, Điện Biên",0,0,đất nền,,dat-nen
1200000000.0,400 m 2,"TP. Bảo Lộc, Lâm Đồng",0,0,đất nền,,dat-nen
150000000.0,80 m 2,"Huyện Thanh Trì, Hà Nội",0,0,đất nền,,dat-nen
12960000000.0,81 m 2,"Huyện Thanh Trì, Hà Nội",0,0,đất nền,,dat-nen
3240000000.0,90 m 2,"TP. Phan Rang-Tháp Chàm, Ninh Thuận",0,0,đất nền,,dat-nen
3240000000.0,90 m 2,"TP. Phan Rang-Tháp Chàm, Ninh Thuận",0,0,đất nền,,dat-nen
8092000000.0,98 m 2,"Quận Hoàng Mai, Hà Nội",0,0,đất nền,,dat-nen
7953000000.0,97 m 2,"Quận Hoàng Mai, Hà Nội",0,0,đất nền,,dat-nen
58000000.0,77 m 2,"Quận Hoàng Mai, Hà Nội",0,0,đất nền,,dat-nen
4099000000.0,80 m 2,"Quận Hoàng Mai, Hà Nội",0,0,đất nền,,dat-nen
50000000.0,80 m 2,"Quận Hoàng Mai, Hà Nội",0,0,đất nền,,dat-nen
82000000.0,98 m 2,"Quận Hoàng Mai, Hà Nội",0,0,đất nền,,dat-nen
65000000.0,90 m 2,"Quận Hoàng Mai, Hà Nội",0,0,đất nền,,dat-nen
8287000000.0,98 m 2,"Quận Hoàng Mai, Hà Nội",0,0,đất nền,,dat-nen
77000000000.0,126 m 2,"Quận Cầu Giấy, Hà Nội",0,0,đất nền,,dat-nen
130000000000.0,250 m 2,"Quận Cầu Giấy, Hà Nội",0,0,đất nền,,dat-nen
24300000000.0,150 m 2,"Huyện Hoài Đức, Hà Nội",0,0,đất nền,,dat-nen
188000000000.0,320 m 2,"Quận Thanh Xuân, Hà Nội",0,0,đất nền,,dat-nen
16800000000.0,110 m 2,"Quận Long Biên, Hà Nội",0,0,đất nền,,dat-nen
8450000000.0,56 m 2,"Huyện Hoài Đức, Hà Nội",0,0,đất nền,,dat-nen
88000000000.0,176 m 2,"Quận Tây Hồ, Hà Nội",0,0,đất nền,,dat-nen
18300000000.0,122 m 2,"Huyện Hoài Đức, Hà Nội",0,0,đất nền,,dat-nen
1960000000.0,126 m 2,"Thị Xã Điện Bàn, Quảng Nam",0,0,đất nền,,dat-nen
2720000000.0,85 m 2,"Huyện Nhà Bè, TPHCM",0,0,đất nền,,dat-nen
1984000000.0,126 m 2,"Thị Xã Điện Bàn, Quảng Nam",0,0,đất nền,,dat-nen
22500000000.0,118 m 2,"Quận 2 (TP. Thủ Đức), TPHCM",0,0,đất nền,,dat-nen
800000000.0,100 m 2,"Huyện Đức Hoà, Long An",0,0,đất nền,,dat-nen
1600000000.0,85 m 2,"Huyện Đức Hoà, Long An",0,0,đất nền,,dat-nen
2800000000.0,80 m 2,"Huyện Cần Giuộc, Long An",0,0,đất nền,,dat-nen
2800000000.0,80 m 2,"Huyện Cần Giuộc, Long An",0,0,đất nền,,dat-nen
3090000000.0,80 m 2,"Thị xã Tân Uyên, Bình Dương",0,0,đất nền,,dat-nen
2889000000.0,75 m 2,"Huyện Bắc Tân Uyên, Bình Dương",0,0,đất nền,,dat-nen
4335000000.0,312 m 2,"Huyện Yên Định, Thanh Hóa",0,0,biệt thự,,dat-nen
7900000000.0,125 m 2,"Quận Thủ Đức (TP. Thủ Đức), TPHCM",0,0,đất nền,,dat-nen
1900000000.0,100 m 2,"Huyện Bến Lức, Long An",0,0,đất nền,,dat-nen
3700000000.0,120 m 2,"Quận 9 (TP. Thủ Đức), TPHCM",0,0,đất nền,,dat-nen
2200000000.0,48 m 2,"Huyện Long Thành, Đồng Nai",0,0,đất nền,,dat-nen
2500000000.0,48 m 2,"Huyện Long Thành, Đồng Nai",0,0,đất nền,,dat-nen
2000000000.0,48 m 2,"Huyện Long Thành, Đồng Nai",0,0,đất nền,,dat-nen
2200000000.0,48 m 2,"Huyện Long Thành, Đồng Nai",0,0,đất nền,,dat-nen
2100000000.0,48 m 2,"Huyện Long Thành, Đồng Nai",0,0,đất nền,,dat-nen
2200000000.0,48 m 2,"Huyện Long Thành, Đồng Nai",0,0,đất nền,,dat-nen
1950000000.0,48 m 2,"Huyện Long Thành, Đồng Nai",0,0,đất nền,,dat-nen
1500000000.0,48 m 2,"Huyện Long Thành, Đồng Nai",0,0,đất nền,,dat-nen
1700000000.0,48 m 2,"Huyện Long Thành, Đồng Nai",0,0,đất nền,,dat-nen
2450000000.0,48 m 2,"Huyện Long Thành, Đồng Nai",0,0,đất nền,,dat-nen
1800000000.0,48 m 2,"Huyện Long Thành, Đồng Nai",0,0,đất nền,,dat-nen
2700000000.0,48 m 2,"Huyện Long Thành, Đồng Nai",0,0,đất nền,,dat-nen
2600000000.0,48 m 2,"Huyện Long Thành, Đồng Nai",0,0,đất nền,,dat-nen
1900000000.0,48 m 2,"Huyện Long Thành, Đồng Nai",0,0,đất nền,,dat-nen
2200000000.0,48 m 2,"Huyện Long Thành, Đồng Nai",0,0,đất nền,,dat-nen
2399000000.0,48 m 2,"Huyện Long Thành, Đồng Nai",0,0,đất nền,,dat-nen
3645000000.0,202 m 2,"Huyện Cần Giuộc, Long An",0,0,biệt thự,,dat-nen
3645000000.0,202 m 2,"Huyện Cần Giuộc, Long An",0,0,đất nền,,dat-nen
4207000000.0,212 m 2,"Huyện Cần Giuộc, Long An",0,0,đất nền,,dat-nen
3645000000.0,202 m 2,"Huyện Cần Giuộc, Long An",0,0,đất nền,,dat-nen
3645000000.0,202 m 2,"Huyện Cần Giuộc, Long An",0,0,biệt thự,,dat-nen
1950000000.0,95 m 2,"Huyện Cần Giuộc, Long An",0,0,đất nền,,dat-nen
5040000000.0,280 m 2,"Huyện Cần Giuộc, Long An",0,0,biệt thự,,dat-nen
5040000000.0,280 m 2,"Huyện Cần Giuộc, Long An",0,0,biệt thự,,dat-nen
5040000000.0,280 m 2,"Huyện Cần Giuộc, Long An",0,0,biệt thự,,dat-nen
5040000000.0,280 m 2,"Huyện Cần Giuộc, Long An",0,0,đất nền,,dat-nen
5039000000.0,280 m 2,"Huyện Cần Giuộc, Long An",0,0,đất nền,,dat-nen
3650000000.0,202 m 2,"Huyện Cần Giuộc, Long An",0,0,đất nền,,dat-nen
1947000000.0,95 m 2,"Huyện Cần Giuộc, Long An",0,0,đất nền,,dat-nen
2741000000.0,108 m 2,"Huyện Cần Giuộc, Long An",0,0,đất nền,,dat-nen
2655000000.0,124 m 2,"Huyện Cần Giuộc, Long An",0,0,đất nền,,dat-nen
60000000000.0,144 m 2,"Quận 7, TPHCM",0,0,đất nền,,dat-nen
3300000000.0,60 m 2,"Quận Thủ Đức (TP. Thủ Đức), TPHCM",0,0,đất nền,,dat-nen
8600000000.0,50 m 2,"Quận Hà Đông, Hà Nội",0,0,đất nền,,dat-nen
8600000000.0,50 m 2,"Quận Hà Đông, Hà Nội",0,0,đất nền,,dat-nen
24000000000.0,111 m 2,"Quận 7, TPHCM",0,0,đất nền,,dat-nen
315000000.0,21000 m 2,"Quận 12, TPHCM",0,0,đất nền,,dat-nen
2999000000.0,240 m 2,"Thành phố thủ Dầu Một, Bình Dương",0,0,đất nền,,dat-nen
2950000000.0,257 m 2,"Quận Thủ Đức (TP. Thủ Đức), TPHCM",0,0,đất nền,,dat-nen
2350000000.0,85 m 2,"Quận 12, TPHCM",0,0,đất nền,,dat-nen
2300000000.0,80 m 2,"Quận 9 (TP. Thủ Đức), TPHCM",0,0,đất nền,,dat-nen
2500000000.0,80 m 2,"Quận 2 (TP. Thủ Đức), TPHCM",0,0,đất nền,,dat-nen
2800000000.0,60 m 2,"Quận 12, TPHCM",0,0,đất nền,,dat-nen
2200000000.0,120 m 2,"Quận 2 (TP. Thủ Đức), TPHCM",0,0,đất nền,,dat-nen
2390000000.0,90 m 2,"Quận Thủ Đức (TP. Thủ Đức), TPHCM",0,0,đất nền,,dat-nen
2800000000.0,90 m 2,"Quận 12, TPHCM",0,0,đất nền,,dat-nen
3250000000.0,100 m 2,"Quận Gò Vấp, TPHCM",0,0,đất nền,,dat-nen
2500000000.0,80 m 2,"Quận 12, TPHCM",0,0,đất nền,,dat-nen
2350000000.0,80 m 2,"Quận 12, TPHCM",0,0,đất nền,,dat-nen
3100000000.0,320 m 2,"Quận 2 (TP. Thủ Đức), TPHCM",0,0,đất nền,,dat-nen
2500000000.0,80 m 2,"Quận Gò Vấp, TPHCM",0,0,đất nền,,dat-nen
2100000000.0,90 m 2,"Quận Gò Vấp, TPHCM",0,0,đất nền,,dat-nen
2600000000.0,100 m 2,"Quận 2 (TP. Thủ Đức), TPHCM",0,0,đất nền,,dat-nen
2800000000.0,85 m 2,"Quận 12, TPHCM",0,0,đất nền,,dat-nen
3200000000.0,89 m 2,"Quận 2 (TP. Thủ Đức), TPHCM",0,0,đất nền,,dat-nen
2800000000.0,90 m 2,"Quận 9 (TP. Thủ Đức), TPHCM",0,0,đất nền,,dat-nen
3200000000.0,89 m 2,"Quận 7, TPHCM",0,0,đất nền,,dat-nen
2350000000.0,128 m 2,"Quận 12, TPHCM",0,0,đất nền,,dat-nen
2500000000.0,100 m 2,"Quận 2 (TP. Thủ Đức), TPHCM",0,0,đất nền,,dat-nen
1950000000.0,80 m 2,"Quận Bình Tân, TPHCM",0,0,đất nền,,dat-nen
3200000000.0,85 m 2,"Quận Thủ Đức (TP. Thủ Đức), TPHCM",0,0,đất nền,,dat-nen
2700000000.0,100 m 2,"Quận Thủ Đức (TP. Thủ Đức), TPHCM",0,0,đất nền,,dat-nen
2000000000.0,90 m 2,"Quận Thủ Đức (TP. Thủ Đức), TPHCM",0,0,đất nền,,dat-nen
2200000000.0,85 m 2,"Quận 12, TPHCM",0,0,đất nền,,dat-nen
1900000000.0,100 m 2,"Quận 2 (TP. Thủ Đức), TPHCM",0,0,đất nền,,dat-nen
2700000000.0,80 m 2,"Quận Bình Thạnh, TPHCM",0,0,đất nền,,dat-nen
290000000.0,210 m 2,"Thị xã Bình Long, Bình Phước",0,0,đất nền,,dat-nen
4300000000.0,85 m 2,"Quận 9 (TP. Thủ Đức), TPHCM",0,0,đất nền,,dat-nen
29000000000.0,133 m 2,"Quận 2 (TP. Thủ Đức), TPHCM",0,0,đất nền,,dat-nen
1855000000.0,114 m 2,"Huyện Đức Hoà, Long An",0,0,đất nền,,dat-nen
899000000.0,150 m 2,"Thị Xã Bến Cát, Bình Dương",0,0,đất nền,,dat-nen
2750000000.0,86 m 2,"Quận 2 (TP. Thủ Đức), TPHCM",0,0,đất nền,,dat-nen
2600000000.0,80 m 2,"Quận 2 (TP. Thủ Đức), TPHCM",0,0,đất nền,,dat-nen
790000000.0,100 m 2,"Thị Xã Gò Công, Tiền Giang",0,0,đất nền,,dat-nen
620000000.0,100 m 2,"Thị Xã Gò Công, Tiền Giang",0,0,đất nền,,dat-nen
2208000000.0,96 m 2,"Thị xã Phổ Yên, Thái Nguyên",0,0,đất nền,,dat-nen
700000000.0,100 m 2,"Thị Xã Gò Công, Tiền Giang",0,0,đất nền,,dat-nen
2200000000.0,70 m 2,"Quận 12, TPHCM",0,0,đất nền,,dat-nen
3500000000000.0,150 m 2,"Thị xã Tân Uyên, Bình Dương",0,0,đất nền,,dat-nen
500000000.0,225 m 2,"Huyện Bàu Bàng, Bình Dương",0,0,đất nền,,dat-nen
7407000000.0,90 m 2,"Huyện Quốc Oai, Hà Nội",0,0,đất nền,,dat-nen
500000000.0,225 m 2,"Huyện Bàu Bàng, Bình Dương",0,0,đất nền,,dat-nen
36000000000.0,200 m 2,"Quận 2 (TP. Thủ Đức), TPHCM",0,0,đất nền,,dat-nen
230000000.0,251 m 2,"Quận 2 (TP. Thủ Đức), TPHCM",0,0,đất nền,,dat-nen
17000000000.0,104 m 2,"Quận 2 (TP. Thủ Đức), TPHCM",0,0,đất nền,,dat-nen
170000000.0,192 m 2,"Quận 2 (TP. Thủ Đức), TPHCM",0,0,biệt thự,,dat-nen
170000000.0,160 m 2,"Quận 2 (TP. Thủ Đức), TPHCM",0,0,đất nền,,dat-nen
28800000000.0,160 m 2,"Quận 2 (TP. Thủ Đức), TPHCM",0,0,đất nền,,dat-nen
24480000000.0,144 m 2,"Quận 2 (TP. Thủ Đức), TPHCM",0,0,đất nền,,dat-nen
500000000.0,230 m 2,"Huyện Bàu Bàng, Bình Dương",0,0,đất nền,,dat-nen
950000000.0,220 m 2,"Huyện Bàu Bàng, Bình Dương",0,0,đất nền,,dat-nen
1700000000.0,450 m 2,"Huyện Bàu Bàng, Bình Dương",0,0,đất nền,,dat-nen
1500000000.0,80 m 2,"Huyện Lạng Giang, Bắc Giang",0,0,đất nền,,dat-nen
1700000000.0,80 m 2,"TP. Bắc Giang, Bắc Giang",0,0,đất nền,,dat-nen
110000000000.0,327 m 2,"Quận 2 (TP. Thủ Đức), TPHCM",0,0,biệt thự,,dat-nen
5922000000.0,126 m 2,"Huyện Nhà Bè, TPHCM",0,0,đất nền,,dat-nen
3870000000.0,95 m 2,"Huyện Nhà Bè, TPHCM",0,0,đất nền,,dat-nen
106110000000.0,393 m 2,"Quận 2 (TP. Thủ Đức), TPHCM",0,0,biệt thự,,dat-nen
1200000000.0,200 m 2,"Huyện Tuy Phong, Bình Thuận",0,0,đất nền,,dat-nen
16500000000.0,95 m 2,"Quận Long Biên, Hà Nội",0,0,đất nền,,dat-nen
1200000000.0,200 m 2,"Huyện Tuy Phong, Bình Thuận",0,0,đất nền,,dat-nen
1200000000.0,200 m 2,"Huyện Tuy Phong, Bình Thuận",0,0,đất nền,,dat-nen
8976000000.0,88 m 2,"Quận Long Biên, Hà Nội",0,0,đất nền,,dat-nen
1200000000.0,200 m 2,"Huyện Tuy Phong, Bình Thuận",0,0,đất nền,,dat-nen
2090000000.0,100 m 2,"Thành Phố Thuận An, Bình Dương",0,0,đất nền,,dat-nen
2600000000.0,100 m 2,"Thành Phố Dĩ An, Bình Dương",0,0,đất nền,,dat-nen
1200000000.0,200 m 2,"Huyện Tuy Phong, Bình Thuận",0,0,đất nền,,dat-nen
1200000000.0,200 m 2,"Huyện Tuy Phong, Bình Thuận",0,0,đất nền,,dat-nen
9000000000.0,140 m 2,"Quận 12, TPHCM",3,3,nhà phố,,nha-pho
65000000000.0,250 m 2,"Quận 2 (TP. Thủ Đức), TPHCM",14,15,nhà phố,,nha-pho
550000000000.0,3637 m 2,"Quận 2 (TP. Thủ Đức), TPHCM",0,0,nhà phố,,nha-pho
43000000000.0,857 m 2,"Quận 12, TPHCM",0,0,nhà phố,,nha-pho
400000000000.0,1000 m 2,"Quận 3, TPHCM",3,3,nhà phố,,nha-pho
12000000000.0,285 m 2,"TP. Biên Hoà, Đồng Nai",0,0,biệt thự,,nha-pho
4250000000.0,73 m 2,"Quận Tân Bình, TPHCM",2,2,căn hộ,,nha-pho
1986000000.0,21 m 2,"Quận Gò Vấp, TPHCM",0,0,nhà phố,,nha-pho
11000000000.0,50 m 2,"Quận Gò Vấp, TPHCM",5,4,nhà phố,,nha-pho
36000000000.0,110 m 2,"Quận Phú Nhuận, TPHCM",5,5,nhà phố,,nha-pho
59800000000.0,1700 m 2,"Quận 12, TPHCM",0,0,nhà phố,,nha-pho
4200000000.0,62 m 2,"TP. Biên Hoà, Đồng Nai",5,3,nhà phố,,nha-pho
4000000000.0,76 m 2,"Quận Tân Bình, TPHCM",2,2,căn hộ,,nha-pho
2318000000.0,42 m 2,"Huyện Nhà Bè, TPHCM",2,1,nhà phố,,nha-pho
50000000000.0,630 m 2,"Quận Gò Vấp, TPHCM",40,40,nhà phố,,nha-pho
82000000000.0,200 m 2,"Quận 1, TPHCM",2,2,nhà phố,,nha-pho
350000000000.0,677 m 2,"Quận 3, TPHCM",3,3,nhà phố,,nha-pho
18500000000.0,72 m 2,"TP. Biên Hoà, Đồng Nai",5,3,nhà phố,,nha-pho
1185000000.0,22 m 2,"Huyện Nhà Bè, TPHCM",2,2,nhà phố,,nha-pho
10500000000.0,68 m 2,"Quận Gò Vấp, TPHCM",4,4,nhà phố,,nha-pho
48000000000.0,101 m 2,"Quận 3, TPHCM",12,13,nhà phố,,nha-pho
170000000000.0,400 m 2,"Quận 2 (TP. Thủ Đức), TPHCM",0,0,nhà phố,,nha-pho
180000000000.0,221 m 2,"Quận 3, TPHCM",6,6,nhà phố,,nha-pho
65000000000.0,486 m 2,"TP. Biên Hoà, Đồng Nai",15,5,nhà phố,,nha-pho
2350000000.0,42 m 2,"Quận 12, TPHCM",2,2,nhà phố,,nha-pho
15800000000.0,162 m 2,"Quận Gò Vấp, TPHCM",1,1,nhà phố,,nha-pho
48000000000.0,100 m 2,"Quận 3, TPHCM",12,13,nhà phố,,nha-pho
45000000000.0,200 m 2,"Quận 2 (TP. Thủ Đức), TPHCM",0,0,nhà phố,,nha-pho
46000000000.0,1360 m 2,"TP. Biên Hoà, Đồng Nai",0,0,nhà phố,,nha-pho
355000000000.0,336 m 2,"Quận 3, TPHCM",11,11,nhà phố,,nha-pho
3970000000.0,55 m 2,"Quận Bình Tân, TPHCM",3,2,nhà phố,,nha-pho
22000000000.0,120 m 2,"Quận Bình Thạnh, TPHCM",5,6,biệt thự,,nha-pho
15000000000.0,105 m 2,"Quận 3, TPHCM",2,2,nhà phố,,nha-pho
17499000000.0,120 m 2,"Quận 2 (TP. Thủ Đức), TPHCM",3,3,nhà phố,,nha-pho
120000000000.0,260 m 2,"Quận 3, TPHCM",8,8,nhà phố,,nha-pho
2035000000.0,18 m 2,"Quận 7, TPHCM",2,2,nhà phố,,nha-pho
35000000000.0,152 m 2,"Quận 3, TPHCM",10,10,nhà phố,,nha-pho
25000000000.0,625 m 2,"TP. Biên Hoà, Đồng Nai",0,0,nhà phố,,nha-pho
28500000000.0,180 m 2,"TP. Biên Hoà, Đồng Nai",12,6,nhà phố,,nha-pho
90000000000.0,108 m 2,"Quận 1, TPHCM",3,3,nhà phố,,nha-pho
4560000000.0,80 m 2,"Quận Gò Vấp, TPHCM",4,3,nhà phố,,nha-pho
149000000000.0,200 m 2,"Quận 3, TPHCM",9,9,nhà phố,,nha-pho
2955000000.0,20 m 2,"Quận Bình Thạnh, TPHCM",3,3,nhà phố,,nha-pho
36500000000.0,240 m 2,"Quận Gò Vấp, TPHCM",33,33,nhà phố,,nha-pho
36000000000.0,170 m 2,"Quận 3, TPHCM",6,6,nhà phố,,nha-pho
8500000000.0,528 m 2,"TP. Biên Hoà, Đồng Nai",0,0,nhà phố,,nha-pho
150000000000.0,160 m 2,"Quận 3, TPHCM",7,7,nhà phố,,nha-pho
5900000000.0,90 m 2,"TP. Biên Hoà, Đồng Nai",5,3,nhà phố,,nha-pho
2628000000.0,33 m 2,"Quận 7, TPHCM",4,3,nhà phố,,nha-pho
198000000000.0,90m²,"huyện Đức Hòa,  Tỉnh Long An",,,nhà ở,,nha-dat
,75 m2,"huyện Gia Lâm,  Hà Nội",,,nhà ở,,nha-dat
136000000000.0,64m2,"Thủ Đức,  Hồ Chí Minh",,,nhà ở,,nha-dat
2000000000.0,50 m2,"Quận Hoàng Mai,  Hà Nội",,,nhà ở,,nha-dat
,72 m2,"Quận 5,  TP Hồ Chí Minh",,,căn hộ,,nha-dat
185000000000.0,41 m2,"Quận Cầu Giấy, Hà Nội",,,nhà ở,,nha-dat
16000000000.0,50m²,"Thuận An,  Tỉnh Bình Dương",,,căn hộ,,nha-dat
13000000000.0,3812m2,"Huyện Củ Chi,  TP Hồ Chí Minh",,,nhà ở,,nha-dat
2000000000.0,51 m2,"Thành phố Biên Hòa,  Đồng Nai",,,căn hộ,,nha-dat
59000000000.0,100 m²,"Quận Hoàng Mai,  Hà Nội",,,nhà ở,,nha-dat
207000000000.0,90m²,"huyện Đức Hòa,  Tỉnh Long An",,,nhà ở,,nha-dat
4000000.0,"50,1m2","Quận 12,  TP Hồ Chí Minh",,,nhà ở,,nha-dat
0,45 m2,"huyện Gia Lâm,  TP Hà Nội",,,căn hộ,,nha-dat
17000000000.0,50 m2,"Quận Hai Bà Trưng,  Hà Nội",,,nhà ở,,nha-dat
3000000.0,76m2,"Huyện Bình Chánh,  TP Hồ Chí Minh",,,nhà ở,,nha-dat
37000000000.0,351 m2,"Quận Ninh Kiều,  Cần Thơ",,,nhà ở,,nha-dat
8000000.0,33m2,"Thành phố Thủ Đức,  TP Hồ Chí Minh",,,nhà ở,,nha-dat
121000000000.0,78m2,"Quận Bình Thạnh,  TP Hồ Chí Minh",,,nhà ở,,nha-dat
,80m2,"Huyện Văn Giang, Hưng Yên",10,,căn hộ,,can-ho
1990000000.0,51 m2,"thành phố Biên Hòa,  tỉnh Đồng Nai",,,căn hộ,,can-ho
3000000000.0,68 m2,"Thành phố Nha Trang,  Khánh Hòa",,,căn hộ,,can-ho
81000000000.0,79m2,"Quận Thanh Xuân,  Hà Nội",,,căn hộ,,can-ho
,60m²,"Nam Từ Liêm,  Hà Nội",,,căn hộ,,can-ho
48000000000.0,63 m2,"Quận Nam Từ Liêm,  Hà Nội",,,căn hộ,,can-ho
,250m2,"quận Long Biên,  thành phố Hà Nội",,,biệt thự,,can-ho
,250m2,"quận Long Biên,  thành phố Hà Nội",,,căn hộ,,can-ho
,300m2,"Quận Cầu Giấy,  Hà Nội",,,biệt thự,,can-ho
48000000000.0,42 m2,"Huyện Đông Anh,  Tp. Hà Nội",13,,căn hộ,,can-ho
4150000000.0,69 m2,"Huyện Hoài Đức, Hà Nội",,,căn hộ,,can-ho
37000000000.0,80 m2,"quận Thủ Đức,  Thành phố Hồ Chí Minh",,,căn hộ,,can-ho
45000000000.0,80m2,"Thành phố Vũng Tàu,  Bà Rịa Vũng Tàu",,,căn hộ,,can-ho
17500000000.0,172m2,"Quận Ninh Kiều,  Cần Thơ",,,nhà phố,,nha-pho
13000000000.0,64m2,"Quận Thanh Xuân,  Hà Nội",,,nhà phố,,nha-pho
185000000000.0,214 m2,56,,,nhà phố,,nha-pho
1625000000000.0,"322,25m2","Huyện Thuận An,  Tỉnh Bình Dương",,,nhà phố,,nha-pho
285000000000.0,168m2,"Huyện Giao Thủy,  Nam Định",,,nhà phố,,nha-pho
59000000000.0,267 m²,"Đường Hà Huy Tập, Tân An",,,nhà phố,,nha-pho
,70m2,"Quận Tây Hồ,  Hà Nội",,,nhà phố,,nha-pho
36000000000.0,40m2,"Đường Lê Văn Quới, Bình Trị Đông",,,nhà phố,,nha-pho
26000000000.0,136 m2,"Quận Ninh Kiều,  Cần Thơ",,,nhà phố,,nha-pho
17000000000.0,80 m2,"Quận Ninh Kiều,  Cần Thơ",,,nhà phố,,nha-pho
20000000000.0,112 m2,"Quận Ninh Kiều,  Cần Thơ",,,nhà phố,,nha-pho
25000000000.0,187 m2,"Quận Ninh Kiều,  Cần Thơ",,,nhà phố,,nha-pho
188000000000.0,60m2,"Quận Hà Đông,  Hà Nội",,,nhà phố,,nha-pho
75000000000.0,162 m2,"Thành phố Tân An,  Long An",,,nhà phố,,nha-pho
159000000000.0,152 m2,"Thành phố Đà Lạt,  Lâm Đồng",,,nhà phố,,nha-pho
14000000000.0,90 m2,"Thành phố Đà Lạt,  Lâm Đồng",,,nhà phố,,nha-pho
239000000000.0,Diện tích: 90 m²,"Đường Văn Phú , Phường Hà Đông , Hà Nội",6,,nhà ở,5,nha-dat
790000000.0,Diện tích: 125 m²,"Đường Trịnh Như Khuê , Xã Bình Chánh , Hồ Chí Minh",3,,nhà ở,1,nha-dat
630000000.0,Diện tích: 120 m²,"Đường Trịnh Như Khuê , Xã Bình Chánh , Hồ Chí Minh",3,,nhà ở,1,nha-dat
442000000.0,Diện tích: 50 m²,", Xã Cao Dương , Phú Thọ",,,nhà ở,,nha-dat
64000000000.0,Diện tích: 75 m²,"Đường Hà Huy Tập , Phường Thanh Khê , Đà Nẵng",3,,nhà ở,2,nha-dat
27000000000.0,Diện tích: 120 m²,"Đường Hồ Văn Cống , Phường Chánh Hiệp , Hồ Chí Minh",3,,nhà ở,1,nha-dat
870000000.0,Diện tích: 80 m²,"Đường Trịnh Như Khuê , Xã Bình Chánh , Hồ Chí Minh",3,,nhà ở,1,nha-dat
15000000000.0,Diện tích: 82 m²,"Đường Nguyễn Hữu Thọ , Phường Cẩm Lệ , Đà Nẵng",4,,nhà ở,4,nha-dat
185000000000.0,Diện tích: 115 m²,"Đường Nguyễn Hữu Thọ , Phường Cẩm Lệ , Đà Nẵng",3,,nhà ở,3,nha-dat
14000000000.0,Diện tích: 110 m²,"Đường Trần Thủ Độ , Phường Cẩm Lệ , Đà Nẵng",4,,nhà ở,2,nha-dat
88000000000.0,Diện tích: 90 m²,"Đường Hồ Xuân Hương , Phường Ngũ Hành Sơn , Đà Nẵng",4,,đất nền,1,nha-dat
85000000000.0,Diện tích: 100 m²,"Đường Tố Hữu , Phường Hòa Cường , Đà Nẵng",3,,nhà ở,2,nha-dat
895000000000.0,Diện tích: 130 m²,"Đường 2/9 , Phường Hòa Cường , Đà Nẵng",6,,nhà ở,3,nha-dat
32000000000.0,Diện tích: 80 m²,"Đường Dương Khuê , Phường Phú Diễn , Hà Nội",,,nhà ở,,nha-dat
19000000000.0,Diện tích: 40 m²,"Đường Phạm Văn Đồng , Phường Nghĩa Đô , Hà Nội",5,,nhà ở,8,nha-dat
19000000000.0,Diện tích: 50 m²,"Phố Hoàng Sâm , Phường Nghĩa Đô , Hà Nội",,,nhà ở,,nha-dat
116000000000.0,Diện tích: 120 m²,"Đường Hàn Thuyên , Phường Hòa Cường , Đà Nẵng",5,,căn hộ,4,nha-dat
85000000000.0,Diện tích: 90 m²,"Đường Đa Mặn Đông 2 , Phường Ngũ Hành Sơn , Đà Nẵng",,,nhà ở,,nha-dat
108000000000.0,Diện tích: 85 m²,"Đường Đống Đa , Phường Hải Châu , Đà Nẵng",3,,nhà ở,3,nha-dat
115000000000.0,Diện tích: 145 m²,"Đường Tôn Đức Thắng , Phường Hòa Khánh , Đà Nẵng",5,,nhà ở,5,nha-dat
155000000000.0,Diện tích: 110 m²,"Đường Ngô Quyền , Phường Long Hưng , Đồng Nai",,,nhà ở,,nha-dat
305000000000.0,Diện tích: 157 m²,"Đường Hòa Liên 3 , Phường Liên Chiểu , Đà Nẵng",,,nhà ở,,nha-dat
28000000000.0,Diện tích: 500 m²,"Đường Vành Đai 3 , Xã Nhơn Trạch , Đồng Nai",,,đất nền,,nha-dat
24000000000.0,Diện tích: 356 m²,"Đường Chí Linh 7 , Phường Rạch Dừa , Hồ Chí Minh",,,biệt thự,,nha-dat
22000000000.0,Diện tích: 73 m²,"Đường Tôn Thất Thiệp , Phường Ngũ Hành Sơn , Đà Nẵng",8,,căn hộ,5,nha-dat
129000000000.0,Diện tích: 56 m²,"Đường Cầu Giấy , Phường Cầu Giấy , Hà Nội",10,,nhà ở,7,nha-dat
4309000000000.0,Diện tích: 82 m²,"Đường Đống Đa , Phường Thuận Hóa , Huế",3,,nhà ở,13,nha-dat
88000000000.0,Diện tích: 114 m²,"Đường Bắc Đẩu , Phường Hải Châu , Đà Nẵng",5,,biệt thự,4,nha-dat
133000000000.0,Diện tích: 115 m²,"Đường Trần Văn Dư , Phường Ngũ Hành Sơn , Đà Nẵng",1,,nhà ở,1,nha-dat
164000000000.0,Diện tích: 145 m²,"Đường Mỹ Đa Đông 8 , Phường Ngũ Hành Sơn , Đà Nẵng",,,đất nền,,nha-dat
203000000000.0,Diện tích: 105 m²,"Đường Mỹ Đa Đông 8 , Phường Ngũ Hành Sơn , Đà Nẵng",9,,căn hộ,5,nha-dat
13000000000.0,Diện tích: 90 m²,"Đường Nguyễn Văn Thoại , Phường An Hải , Đà Nẵng",1,,nhà ở,1,nha-dat
157000000000.0,Diện tích: 110 m²,"Đường Trần Khánh Dư , Phường Ngũ Hành Sơn , Đà Nẵng",3,,nhà ở,2,nha-dat
78000000000.0,Diện tích: 44 m²,"Đường Nguyễn Văn Công , Phường Hạnh Thông , Hồ Chí Minh",3,,nhà ở,4,nha-dat
21000000000.0,Diện tích: 100 m²,"Đường Phan Đăng Lưu , Phường Hòa Cường , Đà Nẵng",4,,nhà ở,3,nha-dat
5000000000.0,Diện tích: 65 m²,"Đường Trần Phước Thành , Phường Cẩm Lệ , Đà Nẵng",3,,nhà ở,3,nha-dat
10000000000.0,Diện tích: 80 m²,"Đường Tố Hữu , Phường Cẩm Lệ , Đà Nẵng",5,,nhà ở,3,nha-dat
56000000000.0,Diện tích: 41 m²,"Đường Đống Đa , Phường Hải Châu , Đà Nẵng",4,,nhà ở,3,nha-dat
79000000000.0,Diện tích: 52 m²,"Quốc Lộ 13 , Phường Hiệp Bình , Hồ Chí Minh",4,,nhà ở,4,nha-dat
6000000000.0,Diện tích: 78 m²,"Đường Bình An 4 , Phường Hòa Cường , Đà Nẵng",4,,nhà ở,3,nha-dat
32000000000.0,Diện tích: 120 m²,"Đường Vĩnh Hưng , Phường Vĩnh Hưng , Hà Nội",4,,nhà ở,2,nha-dat
64000000000.0,Diện tích: 91 m²,"Đường Trưng Nữ Vương , Phường Hòa Cường , Đà Nẵng",7,,nhà ở,2,nha-dat
719000000000.0,Diện tích: 43 m²,"Đường Đức Giang , Phường Việt Hưng , Hà Nội",1,,nhà ở,1,nha-dat
158000000000.0,Diện tích: 480 m²,"Đường số 12 , Xã Bình Hưng , Hồ Chí Minh",,,nhà ở,,nha-dat
145000000000.0,Diện tích: 42 m²,"Đường Phạm Văn Đồng , Phường Đông Ngạc , Hà Nội",,,nhà ở,,nha-dat
435000000.0,Diện tích: 54 m²,", Xã Cao Dương , Phú Thọ",,,đất nền,,nha-dat
395000000.0,Diện tích: 56 m²,", Xã An Nghĩa , Phú Thọ",,,đất nền,,nha-dat
245000000.0,Diện tích: 100 m²,", Xã An Bình , Phú Thọ",,,đất nền,,nha-dat
435000000.0,Diện tích: 54 m²,"Quốc lộ 21 , Xã Cao Dương , Phú Thọ",,,đất nền,,nha-dat
125000000000.0,Diện tích: 90 m²,"Đường Linh Trung , Phường Linh Xuân , Hồ Chí Minh",7,,nhà ở,4,nha-dat
1198000000000.0,Diện tích: 70 m²,"Đường An Cư 4 , Phường An Hải , Đà Nẵng",3,,nhà ở,5,nha-dat
116000000000.0,Diện tích: 112 m²,"Đường Hàn Thuyên , Phường Hòa Cường , Đà Nẵng",4,,nhà ở,4,nha-dat
83000000000.0,Diện tích: 90 m²,"Đường Nguyễn Lai , Phường Cẩm Lệ , Đà Nẵng",4,,nhà ở,3,nha-dat
360000000.0,Diện tích: 50 m²,", Xã Hợp Kim , Phú Thọ",,,đất nền,,nha-dat
885000000000.0,Diện tích: 85 m²,"Đường Bình Hòa 2 , Phường Cẩm Lệ , Đà Nẵng",4,,nhà ở,3,nha-dat
116000000000.0,Diện tích: 122 m²,"Đường Hàn Thuyên , Phường Hòa Cường , Đà Nẵng",3,,nhà ở,4,nha-dat
139000000000.0,Diện tích: 1606 m²,"Đường Lê Đại Hành , Phường Cẩm Lệ , Đà Nẵng",4,,biệt thự,3,nha-dat
85000000000.0,Diện tích: 100 m²,"Đường Bùi Kỷ , Phường Hòa Cường , Đà Nẵng",3,,nhà ở,2,nha-dat
46000000000.0,Diện tích: 100 m²,"Đường Mạc Thị Bưởi , Phường Buôn Ma Thuột , Đắk Lắk",3,,nhà ở,,nha-dat
9000000000.0,Diện tích: 387 m²,"Đường Số 3 , Xã Trảng Bom , Đồng Nai",,,nhà ở,,nha-dat
175000000000.0,Diện tích: 282 m²,"Đường Số 14 , Phường Thủ Đức , Hồ Chí Minh",6,,nhà ở,3,nha-dat
83000000000.0,Diện tích: 60 m²,"Quốc Lộ 13 , Phường Hiệp Bình , Hồ Chí Minh",4,,nhà ở,4,nha-dat
248000000000.0,Diện tích: 72 m²,"Đường Trần Huy Liệu , Phường Phú Nhuận , Hồ Chí Minh",14,,nhà ở,8,nha-dat
62000000000.0,Diện tích: 27 m²,"Phố Nguyễn Lương Bằng , Phường Ô Chợ Dừa , Hà Nội",3,,nhà ở,3,nha-dat
35000000.0,Diện tích: 2000 m²,"Đường Nguyễn Du , Phường Hội An Tây , Đà Nẵng",,,đất nền,,nha-dat
116000000000.0,Diện tích: 115 m²,"Đường Hàn Thuyên , Phường Hòa Cường , Đà Nẵng",4,,nhà ở,4,nha-dat
440000000.0,Diện tích: 55 m²,", Xã An Nghĩa , Phú Thọ",,,đất nền,,nha-dat
192000000000.0,Diện tích: 390 m²,"Đường Hồ Chí Minh , Xã Liên Sơn , Phú Thọ",,,đất nền,,nha-dat
375000000.0,Diện tích: 50 m²,"Quốc Lộ 21B , Xã An Nghĩa , Phú Thọ",,,đất nền,,nha-dat
375000000.0,Diện tích: 55 m²,", Xã An Nghĩa , Phú Thọ",,,đất nền,,nha-dat
370000000.0,Diện tích: 50 m²,", Xã Hợp Kim , Phú Thọ",,,đất nền,,nha-dat
440000000.0,Diện tích: 55 m²,", Xã An Nghĩa , Phú Thọ",,,đất nền,,nha-dat
450000000.0,Diện tích: 73 m²,"Đường Bưởi , Xã Hợp Kim , Phú Thọ",,,đất nền,,nha-dat
1049000000000.0,Diện tích: 125 m²,"Đường An Hòa 7 , Phường Cẩm Lệ , Đà Nẵng",2,,nhà ở,2,nha-dat
118000000000.0,Diện tích: 80 m²,"Đường Tây Thạnh , Phường Tây Thạnh , Hồ Chí Minh",4,,nhà ở,3,nha-dat
520000000.0,Diện tích: 120 m²,"Đường Trần Quang Diệm , Phường Kim Trà , Huế",,,đất nền,,nha-dat
450000000000.0,Diện tích: 16300 m²,"Đường  Lê Trọng Tấn , Phường Định Công , Hà Nội",,,nhà ở,4,nha-dat
30000000000.0,Diện tích: 117 m²,"Đường Lê Văn Sỹ , Phường Tân Sơn Hòa , Hồ Chí Minh",5,,nhà ở,4,nha-dat
175000000000.0,Diện tích: 40 m²,"Đường Trần Đăng Ninh , Phường Hà Đông , Hà Nội",4,,nhà ở,6,nha-dat
263000000000.0,Diện tích: 90 m²,"Đường Tô Hiệu , Phường Hà Đông , Hà Nội",5,,nhà ở,4,nha-dat
292000000000.0,Diện tích: 138 m²,"Đường Hàm Nghi , Phường Thanh Khê , Đà Nẵng",24,,căn hộ,5,nha-dat
38000000000.0,Diện tích: 280 m²,", Phường Hội An , Đà Nẵng",12,,biệt thự,3,nha-dat
89000000000.0,Diện tích: 107 m²,"Đường Nguyễn Thành Ý , Phường Hòa Cường , Đà Nẵng",3,,nhà ở,1,nha-dat
133000000000.0,Diện tích: 85 m²,"Đường Mỹ Khê 7 , Phường Sơn Trà , Đà Nẵng",3,,nhà ở,1,nha-dat
43000000000.0,Diện tích: 270 m²,"Đường Lê Văn Việt , Phường Tăng Nhơn Phú , Hồ Chí Minh",4,,nhà ở,2,nha-dat
158000000000.0,Diện tích: 100 m²,"Đường 2/9 , Phường Hòa Cường , Đà Nẵng",6,,nhà ở,3,nha-dat
790000000.0,Diện tích: 78 m²,"Đường Liên Thôn , Phường Lưu Kiếm , Hải Phòng",,,đất nền,,nha-dat
8000000000.0,Diện tích: 90 m²,"Đường Tố Hữu , Phường Hòa Cường , Đà Nẵng",4,,nhà ở,2,nha-dat
4000000000.0,Diện tích: 60 m²,"Đường 2/9 , Phường Hòa Cường , Đà Nẵng",1,,đất nền,1,nha-dat
635000000000.0,Diện tích: 64 m²,"Đường Cách Mạng Tháng Tám , Phường Tân Sơn Nhất , Hồ Chí Minh",2,,nhà hẻm,1,nha-dat
125000000000.0,Diện tích: 80 m²,"Đường D15 , Phường Tây Thạnh , Hồ Chí Minh",4,,nhà ở,3,nha-dat
677000000000.0,Diện tích: 90 m²,"Đường Hải Phòng , Phường Hải Châu , Đà Nẵng",3,,nhà ở,2,nha-dat
465000000000.0,Diện tích: 91 m²,"Đường Bà Bang Nhãn , Phường Ngũ Hành Sơn , Đà Nẵng",1,,đất nền,1,nha-dat
16000000000.0,Diện tích: 100 m²,"Đường Ngô Gia Tự , Phường Việt Hưng , Hà Nội",,,nhà ở,,nha-dat
54000000000.0,Diện tích: 38 m²,"Đường Huyền Kỳ , Phường Hà Đông , Hà Nội",4,,nhà ở,5,nha-dat
89000000000.0,Diện tích: 106 m²,"Đường Nguyễn Thành Ý , Phường Hòa Cường , Đà Nẵng",2,,nhà ở,1,nha-dat
168000000000.0,Diện tích: 80 m²,"Đường Phan Bôi , Phường An Hải , Đà Nẵng",5,,nhà ở,3,nha-dat
819000000000.0,Diện tích: 200 m²,"Đường Trần Thái Tông , Phường Thuận Hóa , Huế",4,,biệt thự,3,nha-dat
133000000000.0,Diện tích: 133 m²,", Phường Hương An , Huế",,,nhà ở,,nha-dat
6000000000.0,Diện tích: 31 m²,"Đường Quang Lãm , Phường Phú Lương , Hà Nội",2,,nhà ở,5,nha-dat
598000000000.0,Diện tích: 95 m²,"Lỗ Giáng 19 , Phường Hòa Xuân , Đà Nẵng",5,,nhà ở,3,nha-dat
26000000000.0,Diện tích: 152 m²,"Đường Đặng Vũ Hỷ , Phường An Hải , Đà Nẵng",3,,nhà ở,2,nha-dat
155000000000.0,Diện tích: 55 m²,"Phố Lò Đúc , Phường Hai Bà Trưng , Hà Nội",6,,nhà ở,6,nha-dat
83000000.0,Diện tích: 107 m²,"Đường Nguyễn Thành Ý , Phường Hòa Cường , Đà Nẵng",1,,căn hộ,1,nha-dat
39000000000.0,Diện tích: 330 m²,"Đường Phan Huy Ích , Phường An Hội Đông , Hồ Chí Minh",5,,nhà ở,3,nha-dat
185000000000.0,Diện tích: 65 m²,"Đường Gò Hưu , Xã Mỹ Hạnh , Tây Ninh",3,,nhà ở,2,nha-dat
62000000000.0,Diện tích: 50 m²,"Đường Bàn Cờ , Phường Bàn Cờ , Hồ Chí Minh",4,,nhà ở,3,nha-dat
587000000000.0,Diện tích: 41 m²,"Đường Lê Văn Thọ , Phường Thông Tây Hội , Hồ Chí Minh",2,,nhà ở,2,nha-dat
52000000000.0,Diện tích: 42 m²,"Đường Phan Văn Trị , Phường Hạnh Thông , Hồ Chí Minh",2,,nhà ở,3,nha-dat
132000000000.0,Diện tích: 39 m²,"Đường Đống Đa , Phường Hải Châu , Đà Nẵng",4,,nhà ở,3,nha-dat
15000000000.0,Diện tích: 80 m²,", Xã Trần Phú , Hà Nội",,,nhà ở,,nha-dat
620000000.0,Diện tích: 260 m²,"Đường Lưu Khai Hồng , Xã Tân An Hội , Hồ Chí Minh",,,nhà ở,,nha-dat
205000000000.0,Diện tích: 75 m²,"Đường Đỗ Đức Dục , Phường Từ Liêm , Hà Nội",4,,nhà ở,4,nha-dat
115000000000.0,Diện tích: 64 m²,"Đường Dương Quảng Hàm , Phường An Nhơn , Hồ Chí Minh",5,,nhà ở,4,nha-dat
79000000000.0,Diện tích: 40 m²,"Đường Nguyễn Đình Chính , Phường Phú Nhuận , Hồ Chí Minh",6,,nhà ở,4,nha-dat
103000000000.0,Diện tích: 52 m²,"Đường Phan Xích Long , Phường Cầu Kiệu , Hồ Chí Minh",6,,nhà ở,4,nha-dat
83000000000.0,Diện tích: 50 m²,"Đường Trường Sa , Phường Tân Sơn Hòa , Hồ Chí Minh",4,,nhà hẻm,4,nha-dat
83000000000.0,Diện tích: 100 m²,"Đường Thành Vinh 3 , Phường Sơn Trà , Đà Nẵng",,,nhà ở,,nha-dat
21000000000.0,Diện tích: 52 m²,"Đường Nguyễn Trãi , Phường Bến Thành , Hồ Chí Minh",7,,nhà ở,5,nha-dat
36000000000.0,Diện tích: 41 m²,"Đường Hoàng Diệu , Phường Hải Châu , Đà Nẵng",2,,nhà ở,2,nha-dat
152000000000.0,Diện tích: 215 m²,"Đường Trương Quang Được , Phường Ngũ Hành Sơn , Đà Nẵng",,,nhà ở,,nha-dat
20000000000.0,Diện tích: 251 m²,"Đường Thành Vinh 3 , Phường Sơn Trà , Đà Nẵng",,,đất nền,,nha-dat
215000000000.0,Diện tích: 52 m²,"Đường Nguyễn Trãi , Phường Bến Thành , Hồ Chí Minh",7,,nhà ở,5,nha-dat
158000000000.0,Diện tích: 171 m²,"Đường Lê Tấn Trung. , Phường Sơn Trà , Đà Nẵng",,,nhà ở,,nha-dat
67000000000.0,Diện tích: 50 m²,"Đường Cách Mạng Tháng Tám , Phường Tân Hòa , Hồ Chí Minh",3,,nhà ở,2,nha-dat
245000000000.0,Diện tích: 168 m²,"Đường Nguyễn Văn Tăng , Phường Long Bình , Hồ Chí Minh",2,,nhà ở,2,nha-dat
92000000000.0,Diện tích: 73 m²,"Đường Hoàng Văn Thụ , Phường Tân Sơn Nhất , Hồ Chí Minh",3,,nhà ở,3,nha-dat
75000000000.0,Diện tích: 48 m²,"Đường Nguyễn Trọng Tuyển , Phường Tân Sơn Hòa , Hồ Chí Minh",3,,nhà ở,2,nha-dat
74000000000.0,Diện tích: 42 m²,"Đường Huỳnh Văn Bánh , Phường Phú Nhuận , Hồ Chí Minh",2,,nhà hẻm,1,nha-dat
295000000000.0,Diện tích: 75 m²,"Đường Trương Đăng Quế , Phường Buôn Ma Thuột , Đắk Lắk",2,,nhà hẻm,3,nha-dat
305000000000.0,Diện tích: 100 m²,"Đường Cổ Đông , Xã Đoài Phương , Hà Nội",,,nhà ở,,nha-dat
120000000000.0,Diện tích: 348 m²,"Đường Nguyễn Duy Hiệu , Phường An Khánh , Hồ Chí Minh",5,,nhà ở,2,nha-dat
52000000000.0,Diện tích: 187 m²,"Đường Dương Bá Trạc , Phường Chánh Hưng , Hồ Chí Minh",2,,nhà ở,2,nha-dat
38000000000.0,Diện tích: 68 m²,"Đường Nam Trung Yên , Phường Yên Hòa , Hà Nội",5,,nhà ở,7,nha-dat
25000000000.0,Diện tích: 156 m²,"Đường Lương Nhữ Hộc , Phường Hòa Cường , Đà Nẵng",3,,nhà ở,3,nha-dat
385000000000.0,Diện tích: 320 m²,"Đường Bình Quới , Phường Bình Quới , Hồ Chí Minh",12,,nhà ở,3,nha-dat
126000000000.0,Diện tích: 63 m²,"Đường Phan Văn Trị , Phường Bình Lợi Trung , Hồ Chí Minh",6,,nhà ở,4,nha-dat
790000000.0,Diện tích: 208 m²,", Xã Vĩnh Hoàng , Quảng Trị",,,nhà ở,,nha-dat
68000000000.0,Diện tích: 230 m²,"Đường Sư Vạn Hạnh , Phường Hòa Hưng , Hồ Chí Minh",30,,nhà ở,8,nha-dat
230000000000.0,Diện tích: 366 m²,"Đường Tuệ Tĩnh , Phường Nha Trang , Khánh Hòa",100,,nhà ở,19,nha-dat
535000000000.0,Diện tích: 120 m²,"Quốc lộ 46 , Phường Thành Vinh , Nghệ An",3,,nhà ở,3,nha-dat
195000000000.0,Diện tích: 100 m²,", Phường Tùng Thiện , Hà Nội",,,đất nền,,nha-dat
295000000000.0,Diện tích: 100 m²,"Đường Quốc lộ 21 , Xã Hòa Lạc , Hà Nội",,,nhà ở,,nha-dat
115000000000.0,Diện tích: 203 m²,"Đường Mai Hắc Đế , Phường Buôn Ma Thuột , Đắk Lắk",2,,nhà ở,3,nha-dat
62000000000.0,Diện tích: 73 m²,"Đường Trần Cao Vân , Phường Thanh Khê , Đà Nẵng",2,,nhà ở,2,nha-dat
760000000.0,Diện tích: 500 m²,"Đường ĐT 816 , Xã Thạnh Lợi , Tây Ninh",,,nhà ở,,nha-dat
42000000000.0,Diện tích: 198 m²,"Đường Quảng Tế , Phường Thủy Xuân , Huế",,,nhà ở,,nha-dat
235000000000.0,Diện tích: 90 m²,"Đường Bà Huyện Thanh Quan , Phường Ngũ Hành Sơn , Đà Nẵng",9,,căn hộ,,nha-dat
1248000000000.0,Diện tích: 41 m²,"Phố Kim Ngưu , Phường Vĩnh Tuy , Hà Nội",3,,nhà ở,6,nha-dat
270000000000.0,Diện tích: 206 m²,"Đường Trần Phú , Phường Nha Trang , Khánh Hòa",70,,nhà ở,14,nha-dat
10000000000.0,Diện tích: 162 m²,"Đường Trần Bạch Đằng , Phường Ngũ Hành Sơn , Đà Nẵng",,,nhà ở,,nha-dat
92000000000.0,Diện tích: 307 m²,"Đường Tây Sơn , Phường Quy Nhơn Bắc , Gia Lai",,,nhà ở,,nha-dat
56000000000.0,Diện tích: 120 m²,"Đường Láng Hòa Lạc , Xã Phú Cát , Hà Nội",,,đất nền,,nha-dat
55000000000.0,Diện tích: 135 m²,"Đường Vĩnh Phú 10 , Phường Bình Hòa , Hồ Chí Minh",,,nhà ở,,nha-dat
85000000000.0,Diện tích: 220 m²,"Đường Quốc Lộ 13 , Phường Bình Hòa , Hồ Chí Minh",,,nhà ở,,nha-dat
1235000000000.0,Diện tích: 45 m²,"Đường Ngô Thì Nhậm , Phường Hà Đông , Hà Nội",3,,nhà ở,5,nha-dat
285000000000.0,Diện tích: 228 m²,"Đường Tân Kỳ Tân Quý , Phường Bình Hưng Hòa , Hồ Chí Minh",43,,nhà ở,6,nha-dat
478000000000.0,Diện tích: 60 m²,"Đường Phan Huy Ích , Phường Tân Sơn , Hồ Chí Minh",3,,nhà ở,2,nha-dat
155000000000.0,Diện tích: 97 m²,"Đường Xuân Thủy , Phường Cẩm Lệ , Đà Nẵng",4,,nhà ở,4,nha-dat
855000000000.0,Diện tích: 70 m²,"Đường Nơ Trang Long , Phường Bình Lợi Trung , Hồ Chí Minh",3,,nhà ở,2,nha-dat
21000000000.0,Diện tích: 300 m²,"Đường Bàu Mạc 23 , Phường Hòa Khánh , Đà Nẵng",5,,nhà ở,3,nha-dat
78000000000.0,Diện tích: 40 m²,"Đường Trường Sơn , Phường Tân Sơn Nhất , Hồ Chí Minh",4,,nhà ở,3,nha-dat
113000000000.0,Diện tích: 68 m²,"Đường Nguyễn Trọng Tuyển , Phường Tân Sơn Hòa , Hồ Chí Minh",5,,nhà ở,3,nha-dat
15000000000.0,Diện tích: 75 m²,"Đường Hoàng Văn Thụ , Phường Phú Nhuận , Hồ Chí Minh",4,,nhà ở,3,nha-dat
68000000000.0,Diện tích: 66 m²,"Đường Võ Văn Kiệt , Phường An Hải , Đà Nẵng",2,,nhà ở,1,nha-dat
14000000000.0,Diện tích: 93 m²,"Đường Lý Nhân Tông , Phường Cẩm Lệ , Đà Nẵng",4,,căn hộ,4,nha-dat
96000000000.0,Diện tích: 68 m²,"Đường Bà Hom , Phường Phú Lâm , Hồ Chí Minh",10,,nhà ở,3,nha-dat
259000000000.0,Diện tích: 110 m²,"Đường Hồng Hà , Phường Tân Sơn Hòa , Hồ Chí Minh",4,,nhà ở,2,nha-dat
133000000000.0,Diện tích: 60 m²,"Đường Giải Phóng , Phường Tân Sơn Nhất , Hồ Chí Minh",4,,nhà ở,3,nha-dat
32000000000.0,Diện tích: 130 m²,"Đường Xuân Đỉnh , Phường Xuân Đỉnh , Hà Nội",5,,biệt thự,5,nha-dat
368000000000.0,Diện tích: 89 m²,"Đường Nguyễn Ái Quốc , Phường Long Bình , Đồng Nai",3,,nhà ở,2,nha-dat
439000000000.0,Diện tích: 105 m²,"Đường Bùi Trọng Nghĩa , Phường Trảng Dài , Đồng Nai",3,,nhà ở,2,nha-dat
369000000000.0,Diện tích: 100 m²,"Đường Bình Chiểu , Phường Tam Bình , Hồ Chí Minh",,,nhà ở,,nha-dat
48000000000.0,Diện tích: 44 m²,"Đường Nguyễn Văn Công , Phường Hạnh Thông , Hồ Chí Minh",3,,nhà ở,2,nha-dat
145000000000.0,Diện tích: 68 m²,"Đường 30 Tháng 4 , Xã Trảng Bom , Đồng Nai",2,,nhà ở,12,nha-dat
1000000000.0,Diện tích: 60 m²,"Đường Nguyễn Ái Quốc , Xã Nhơn Trạch , Đồng Nai",2,,nhà ở,10,nha-dat
47000000000.0,Diện tích: 49 m²,"Đường Võ Văn Ngân , Phường Thủ Đức , Hồ Chí Minh",2,,nhà ở,1,nha-dat
105000000000.0,Diện tích: 140 m²,"Đường Nguyễn Đức Trung , Phường Thanh Khê , Đà Nẵng",2,,nhà ở,1,nha-dat
90000000000.0,Diện tích: 328 m²,"Đường Cộng Hòa , Phường Tân Sơn , Hồ Chí Minh",1,,nhà ở,1,nha-dat
695000000000.0,Diện tích: 126 m²,"Đường Vĩnh Phú 10 , Phường Bình Hòa , Hồ Chí Minh",,,nhà ở,,nha-dat
45000000000.0,Diện tích: 54 m²,"Đường Hoàng Diệu 2 , Phường Linh Xuân , Hồ Chí Minh",2,,nhà ở,1,nha-dat
675000000000.0,Diện tích: 37 m²,"Phố Khương Hạ , Phường Khương Đình , Hà Nội",3,,nhà ở,4,nha-dat
83000000000.0,Diện tích: 99 m²,"Đường Lê Đức Thọ , Phường Cầu Giấy , Hà Nội",3,,căn hộ,5,nha-dat
43000000000.0,Diện tích: 140 m²,"Đường Hàm Nghi , Phường Từ Liêm , Hà Nội",6,,biệt thự,5,nha-dat
119000000000.0,Diện tích: 171 m²,", Phường Hóa Châu , Huế",,,nhà ở,,nha-dat
125000000000.0,Diện tích: 72 m²,"Đường Trần Xuân Soạn , Phường Tân Hưng , Hồ Chí Minh",4,,nhà ở,5,nha-dat
99000000000.0,Diện tích: 97 m²,"Đường Ngô Quyền , Phường Cam Ly - Đà Lạt , Lâm Đồng",4,,nhà phố,4,nha-dat
65000000000.0,Diện tích: 146 m²,"Đường Phạm Văn Đồng , Phường Xuân Đỉnh , Hà Nội",6,,nhà ở,6,nha-dat
4000000000.0,Diện tích: 41 m²,"Đường A , Xã Bát Tràng , Hà Nội",,,nhà ở,,nha-dat
597000000000.0,Diện tích: 68 m²,"Đường Nguyễn Thị Định , Phường Cát Lái , Hồ Chí Minh",,,nhà ở,,nha-dat
879000000000.0,Diện tích: 104 m²,"Đường Hương lộ 2 , Phường Bình Tân , Hồ Chí Minh",6,,nhà ở,3,nha-dat
645000000000.0,Diện tích: 60 m²,"Đường Lê Đình Cẩn , Phường Tân Tạo , Hồ Chí Minh",4,,nhà ở,4,nha-dat
635000000000.0,Diện tích: 52 m²,"Đường Chiến Lược , Phường Bình Tân , Hồ Chí Minh",6,,nhà ở,5,nha-dat
69000000000.0,Diện tích: 100 m²,"Đường Mã Lò , Phường Bình Tân , Hồ Chí Minh",3,,nhà ở,3,nha-dat
69000000000.0,Diện tích: 100 m²,"Đường Mã Lò , Phường Bình Trị Đông , Hồ Chí Minh",3,,nhà ở,3,nha-dat
558000000000.0,Diện tích: 52 m²,"Đường Liên Khu 2-10 , Phường Bình Hưng Hòa , Hồ Chí Minh",3,,nhà ở,2,nha-dat
95000000000.0,Diện tích: 51 m²,"Đường Ngọc Trục , Phường Đại Mỗ , Hà Nội",4,,nhà ở,4,nha-dat
756000000000.0,Diện tích: 360 m²,"Tỉnh lộ 420 , Xã Hạ Bằng , Hà Nội",,,đất nền,,nha-dat
58000000000.0,Diện tích: 50 m²,"Đường Yersin , Phường Lâm Viên - Đà Lạt , Lâm Đồng",4,,nhà phố,3,nha-dat
126000000000.0,Diện tích: 210 m²,"Đường Trần Quang Khải , Phường Lâm Viên - Đà Lạt , Lâm Đồng",5,,biệt thự,2,nha-dat
245000000000.0,Diện tích: 112 m²,"Đường 2/9 , Phường Hòa Cường , Đà Nẵng",,,nhà ở,7,nha-dat
195000000.0,Diện tích: 125 m²,"Đường 2/9 , Phường Hòa Cường , Đà Nẵng",5,,nhà ở,5,nha-dat
115000000.0,Diện tích: 51 m²,"Đường Quốc lộ 32 , Xã Hoài Đức , Hà Nội",,,đất nền,,nha-dat
47000000000.0,Diện tích: 88 m²,"Đường Tố Hữu , Phường Nam Nha Trang , Khánh Hòa",3,,nhà ở,6,nha-dat
4000000000.0,Diện tích: 70 m²,"Đường Thổ Quan , Phường Văn Miếu - Quốc Tử Giám , Hà Nội",2,,nhà ở,1,nha-dat
12000000000.0,Diện tích: 120 m²,"Đường Số 5 , Phường Tân Tạo , Hồ Chí Minh",19,,nhà ở,3,nha-dat
82000000000.0,Diện tích: 200 m²,"Đường Vĩnh Phú 1 , Phường Bình Hòa , Hồ Chí Minh",,,nhà ở,,nha-dat
4000000000.0,Diện tích: 51 m²,"Đường Nguyễn Trãi , Phường Bình Hòa , Hồ Chí Minh",,,nhà ở,,nha-dat
545000000000.0,Diện tích: 147 m²,"Đường Vĩnh Phú 1 , Phường Bình Hòa , Hồ Chí Minh",,,nhà phố,,nha-dat
95000000000.0,Diện tích: 60 m²,"Đường Lý Phục Man , Phường Tân Thuận , Hồ Chí Minh",7,,nhà ở,5,nha-dat
43000000000.0,Diện tích: 82 m²,"Đường Đống Đa , Phường Thuận Hóa , Huế",3,,căn hộ,1,nha-dat
9999000000000.0,Diện tích: 50 m²,"Đường Đức Diễn , Phường Phú Diễn , Hà Nội",8,,nhà ở,6,nha-dat
639000000000.0,Diện tích: 100 m²,"Đường Nguyễn Đình Tứ , Phường Hòa Khánh , Đà Nẵng",,,nhà ở,,nha-dat
26000000000.0,Diện tích: 53 m²,", Phường Ngũ Hành Sơn , Đà Nẵng",2,,căn hộ,15,nha-dat
132000000000.0,Diện tích: 109 m²,"Đường Lê Duẩn , Phường Thanh Khê , Đà Nẵng",4,,nhà ở,3,nha-dat
11000000000.0,Diện tích: 73 m²,", Phường Võ Cường , Bắc Ninh",3,,nhà ở,3,nha-dat
105000000000.0,Diện tích: 105 m²,"Đường Nguyễn Đức Trung , Phường Thanh Khê , Đà Nẵng",1,,nhà ở,1,nha-dat
102000000000.0,Diện tích: 280 m²,"Đường Suối Lương , Phường Hải Vân , Đà Nẵng",4,,nhà ở,4,nha-dat
1725000000000.0,Diện tích: 264 m²,"Đường Phan Anh , Phường Bình Trị Đông , Hồ Chí Minh",,,nhà ở,,nha-dat
76000000000.0,Diện tích: 55 m²,"Đường Đào Duy Từ , Phường Thanh Khê , Đà Nẵng",,,nhà ở,,nha-dat
45000000000.0,Diện tích: 113 m²,"Đường Lê Lợi , Phường Hội An , Đà Nẵng",,,nhà ở,,nha-dat
65000000000.0,Diện tích: 142 m²,"Đường Lý Thường Kiệt , Phường Hải Châu , Đà Nẵng",3,,căn hộ,24,nha-dat
59000000000.0,Diện tích: 90 m²,"Đường Võ Nguyên Giáp , Phường Ngũ Hành Sơn , Đà Nẵng",3,,căn hộ,,nha-dat
59000000000.0,Diện tích: 145 m²,"Phố Vọng , Phường Bạch Mai , Hà Nội",3,,biệt thự,4,nha-dat
235000000000.0,Diện tích: 73 m²,"Phố Bạch Mai , Phường Bạch Mai , Hà Nội",12,,nhà ở,5,nha-dat
10000000000.0,Diện tích: 110 m²,"Đường Vũ Ngọc Phan , Phường Liên Chiểu , Đà Nẵng",6,,nhà ở,2,nha-dat
368000000000.0,Diện tích: 111 m²,"Đường Nguyễn Như Đỗ , Phường Cẩm Lệ , Đà Nẵng",,,nhà ở,,nha-dat
203000000000.0,Diện tích: 68 m²,"Phố Nguyễn Ngọc Vũ , Phường Yên Hòa , Hà Nội",15,,nhà ở,7,nha-dat
117000000000.0,Diện tích: 23434 m²,", Xã Cẩm Mỹ , Đồng Nai",,,nhà ở,,nha-dat
90000000000.0,Diện tích: 9500000 m²,"Đường Đỗ Trình Thoại , Phường Long An , Tây Ninh",,,nhà ở,,nha-dat
800000000.0,Diện tích: 981 m²,"Đường Nam Kỳ Khởi Nghĩa , Phường Xuân Hòa , Hồ Chí Minh",3,,nhà ở,1,nha-dat
48000000000.0,Diện tích: 1000 m²,"Đường Lê Văn Sỹ , Phường Nhiêu Lộc , Hồ Chí Minh",15,,nhà ở,7,nha-dat
399000000000.0,Diện tích: 700 m²,"Đường Nguyễn Thị Minh Khai , Phường Cầu Ông Lãnh , Hồ Chí Minh",5,,nhà ở,3,nha-dat
72000000000.0,Diện tích: 700 m²,"Đường Trần Quý Khoách , Phường Tân Định , Hồ Chí Minh",22,,nhà ở,7,nha-dat
1000000000.0,Diện tích: 387 m²,"Đường Nguyễn Trãi , Phường Bến Thành , Hồ Chí Minh",20,,nhà ở,12,nha-dat
33000000.0,Diện tích: 135 m²,", Xã Hạ Bằng , Hà Nội",,,đất nền,,nha-dat
375000000000.0,Diện tích: 32 m²,"Đường Tô Ký , Phường Trung Mỹ Tây , Hồ Chí Minh",2,,nhà ở,2,nha-dat
96000000000.0,Diện tích: 65 m²,"Đường Tô Hiến Thành , Phường An Hải , Đà Nẵng",3,,nhà ở,1,nha-dat
31000000000.0,Diện tích: 238 m²,"Đường Núi Thành , Phường Hòa Cường , Đà Nẵng",1,,nhà ở,1,nha-dat
82000000.0,Diện tích: 128 m²,"Đường Mễ Trì , Phường Từ Liêm , Hà Nội",3,,căn hộ,30,nha-dat
795000000000.0,Diện tích: 64 m²,"Đường Bàu Hạc 1 , Phường Thanh Khê , Đà Nẵng",1,,nhà ở,1,nha-dat
18000000000.0,Diện tích: 90 m²,"Đường Lê Thước , Phường An Hải , Đà Nẵng",5,,nhà ở,4,nha-dat
385000000000.0,Diện tích: 48 m²,"Đường Lê Duẩn , Phường Thanh Khê , Đà Nẵng",2,,nhà ở,2,nha-dat
175000000000.0,Diện tích: 58 m²,"Đường Giảng Võ , Phường Giảng Võ , Hà Nội",5,,nhà phố,6,nha-dat
6000000000.0,Diện tích: 30 m²,"Ngõ Thịnh Hào 1 , Phường Ô Chợ Dừa , Hà Nội",3,,nhà ở,4,nha-dat
151000000000.0,Diện tích: 50 m²,"Đường Lê Quang Đạo , Phường Dương Nội , Hà Nội",5,,nhà ở,5,nha-dat
1799000000000.0,Diện tích: 250 m²,"Đường Hiệp Thành 6 , Phường Tân Thới Hiệp , Hồ Chí Minh",6,,nhà ở,5,nha-dat
265000000000.0,Diện tích: 48 m²,"Đường Thụy Khuê , Phường Tây Hồ , Hà Nội",2,,nhà ở,2,nha-dat
600000000.0,Diện tích: 2541 m²,", Xã Phước Thành , Hồ Chí Minh",,,nhà ở,,nha-dat
555000000000.0,Diện tích: 102 m²,"Đường Thạnh Lộc 42 , Phường An Phú Đông , Hồ Chí Minh",,,đất nền,,nha-dat
108000000000.0,Diện tích: 80 m²,"Đường Văn Cao , Phường Gia Viên , Hải Phòng",5,,nhà ở,5,nha-dat
35000000000.0,Diện tích: 117 m²,"Đường Phổ Quang , Phường Đức Nhuận , Hồ Chí Minh",5,,nhà ở,5,nha-dat
45000000000.0,Diện tích: 54 m²,"Đường Dương Quảng Hàm , Phường An Nhơn , Hồ Chí Minh",3,,nhà ở,2,nha-dat
33000000.0,Diện tích: 99 m²,"Đường Bùi Quang Dũng , Phường Thái Bình , Hưng Yên",,,biệt thự,,nha-dat
580000000.0,Diện tích: 100 m²,", Xã Lạc Thủy , Phú Thọ",,,đất nền,,nha-dat
690000000.0,Diện tích: 102 m²,"Đường Quốc lộ 14 , Phường Thành Nhất , Đắk Lắk",,,nhà ở,,nha-dat
487000000000.0,Diện tích: 48 m²,"Đường Lê Văn Thọ , Phường Thông Tây Hội , Hồ Chí Minh",3,,nhà ở,1,nha-dat
96000000000.0,Diện tích: 100 m²,"Đường Võ Nguyên Giáp , Phường Vỹ Dạ , Huế",6,,nhà ở,4,nha-dat
59000000000.0,Diện tích: 80 m²,"Đường Hồ Tùng Mậu , Phường Phú Diễn , Hà Nội",6,,nhà ở,8,nha-dat
33000000000.0,Diện tích: 3014 m²,", Xã Phú Sơn Lâm Hà , Lâm Đồng",4,,nhà ở,,nha-dat
68000000.0,Diện tích: 182 m²,"Đường Nguyễn Duy Trinh , Phường Long Trường , Hồ Chí Minh",,,nhà ở,,nha-dat
189000000000.0,Diện tích: 55 m²,"Đường Tỉnh lộ 10 , Xã Đức Hòa , Tây Ninh",2,,căn hộ,15,nha-dat
55000000000.0,Diện tích: 91 m²,"Đường Nguyễn Dục , Phường Ngũ Hành Sơn , Đà Nẵng",,,nhà ở,,nha-dat
48000000000.0,Diện tích: 117 m²,", Phường Tam Phước , Đồng Nai",5,,nhà ở,1,nha-dat
,Diện tích: 105 m²,"Đường Quốc lộ 106 , Phường Tăng Nhơn Phú , Hồ Chí Minh",6,,nhà ở,5,nha-dat
365000000000.0,Diện tích: 2655 m²,", Phường Tân Phú , Đồng Nai",,,nhà ở,,nha-dat
15000000000.0,Diện tích: 216 m²,"Đường Đống Đa , Phường Thuận Hóa , Huế",4,,biệt thự,2,nha-dat
700000000.0,Diện tích: 100 m²,"Tỉnh Lộ 8 , Xã Tân An Hội , Hồ Chí Minh",2,,nhà ở,,nha-dat
635000000000.0,Diện tích: 52 m²,"Đường Chiến Lược , Phường Tân Tạo , Hồ Chí Minh",6,,nhà ở,5,nha-dat
128000000000.0,Diện tích: 46 m²,"Đường Ngọc Hà , Phường Ngọc Hà , Hà Nội",4,,nhà ở,6,nha-dat
135000000000.0,Diện tích: 100 m²,"Đường Đỗ Huy Uyển , Phường An Hải , Đà Nẵng",3,,nhà ở,3,nha-dat
14000000000.0,Diện tích: 100 m²,"Đường Đỗ Huy Uyển , Phường An Hải , Đà Nẵng",5,,nhà ở,3,nha-dat
12000000000.0,Diện tích: 110 m²,"Đường Liên Thôn , Phường Lưu Kiếm , Hải Phòng",,,nhà ở,,nha-dat
25000000.0,Diện tích: 180 m²,"Quốc Lộ 10 , Phường Thủy Nguyên , Hải Phòng",,,nhà ở,,nha-dat
24000000000.0,Diện tích: 85 m²,"Đường Liên Thôn , Phường Thủy Nguyên , Hải Phòng",,,nhà ở,,nha-dat
1168000000000.0,Diện tích: 45 m²,"Phố Lê Trọng Tấn , Phường Phương Liệt , Hà Nội",3,,nhà ở,6,nha-dat
135000000000.0,Diện tích: 82 m²,"Đường Hải Phòng , Phường Thanh Khê , Đà Nẵng",4,,nhà ở,3,nha-dat
800000000.0,Diện tích: 70 m²,"Phố Ngũ Xã , Phường Ba Đình , Hà Nội",1,,nhà ở,1,nha-dat
23000000000.0,Diện tích: 319 m²,"Đường Đống Đa , Phường Thuận Hóa , Huế",4,,biệt thự,2,nha-dat
78000000000.0,Diện tích: 72 m²,"Đường Mạc Đĩnh Chi , Phường Xuân Hương - Đà Lạt , Lâm Đồng",6,,nhà ở,4,nha-dat
12000000000.0,Diện tích: 61 m²,"Đường Lê Văn Sỹ , Phường Nhiêu Lộc , Hồ Chí Minh",3,,nhà ở,2,nha-dat
37000000000.0,Diện tích: 114 m²,"Đường Hoàng Kế Viêm , Phường Ngũ Hành Sơn , Đà Nẵng",10,,nhà ở,6,nha-dat
225000000000.0,Diện tích: 80 m²,"Đường Hoàng Bích Sơn , Phường An Hải , Đà Nẵng",11,,căn hộ,7,nha-dat
135000000000.0,Diện tích: 220 m²,"Đường Trảng Kèo 8 , Phường Hội An Tây , Đà Nẵng",4,,biệt thự,2,nha-dat
77000000000.0,Diện tích: 182 m²,"Đường Hoàng Hoa Thám , Phường Xuân Hương - Đà Lạt , Lâm Đồng",8,,nhà ở,1,nha-dat
525000000000.0,Diện tích: 55 m²,"Đường Lê Đình Dương , Phường Hải Châu , Đà Nẵng",3,,nhà ở,4,nha-dat
78000000000.0,Diện tích: 50 m²,"Đường Giang Biên , Phường Long Biên , Hà Nội",,,nhà ở,,nha-dat
685000000000.0,Diện tích: 38 m²,"Đường Huyền Kỳ , Phường Hà Đông , Hà Nội",7,,nhà ở,5,nha-dat
88000000000.0,Diện tích: 124 m²,"Đường Nguyễn Đình Tứ , Phường Thanh Khê , Đà Nẵng",,,đất nền,,nha-dat
23000000000.0,Diện tích: 104 m²,"Đường Nguyễn Thị Huỳnh , Phường Phú Nhuận , Hồ Chí Minh",4,,nhà ở,4,nha-dat
298000000000.0,Diện tích: 120 m²,"Đường Nguyễn Trãi , Phường Chợ Quán , Hồ Chí Minh",1,,nhà ở,1,nha-dat
1785000000000.0,Diện tích: 50 m²,"Phố Hoàng Văn Thái , Phường Khương Đình , Hà Nội",8,,nhà ở,6,nha-dat
143000000000.0,Diện tích: 100 m²,"Đường Hải Phòng , Phường Thanh Khê , Đà Nẵng",4,,nhà ở,3,nha-dat
33000000000.0,Diện tích: 20 m²,"Đường Phạm Văn Hai , Phường Tân Sơn Hòa , Hồ Chí Minh",2,,nhà ở,1,nha-dat
259000000000.0,Diện tích: 37 m²,"Đường Tịnh Tâm , Phường Phú Xuân , Huế",2,,nhà ở,3,nha-dat
92000000000.0,Diện tích: 93 m²,"Đường Phan Đình Phùng , Phường Cầu Kiệu , Hồ Chí Minh",4,,nhà ở,2,nha-dat
88000000000.0,Diện tích: 147 m²,"Đường Nguyễn Hữu Cảnh , Phường Thạnh Mỹ Tây , Hồ Chí Minh",5,,biệt thự,4,nha-dat
53000000000.0,Diện tích: 73 m²,"Phố Bà Triệu , Phường Hai Bà Trưng , Hà Nội",3,,nhà ở,3,nha-dat
425000000000.0,Diện tích: 637 m²,"Đường Tỉnh lộ 725 , Phường Cam Ly - Đà Lạt , Lâm Đồng",,,nhà ở,,nha-dat
235000000000.0,Diện tích: 200 m²,", Phường Cam Ly - Đà Lạt , Lâm Đồng",,,đất nền,,nha-dat
138000000000.0,Diện tích: 210 m²,"Phố Hàng Than , Phường Ba Đình , Hà Nội",9,,nhà ở,4,nha-dat
4000000000.0,Diện tích: 60 m²,"Phố Tô Hiệu , Phường Nghĩa Đô , Hà Nội",2,,nhà ở,3,nha-dat
62000000000.0,Diện tích: 82 m²,"Đường Đặng Văn Bi , Phường Thủ Đức , Hồ Chí Minh",3,,nhà ở,1,nha-dat
360000000.0,Diện tích: 2100 m²,", Xã Phước Thành , Hồ Chí Minh",,,nhà ở,,nha-dat
750000000.0,Diện tích: 510 m²,", Xã Phước Thành , Hồ Chí Minh",,,nhà ở,,nha-dat
109000000000.0,Diện tích: 35 m²,"Đường Cổ Linh , Phường Long Biên , Hà Nội",4,,nhà ở,7,nha-dat
115000000000.0,Diện tích: 60 m²,"Đường Bát Khối , Phường Long Biên , Hà Nội",4,,nhà ở,6,nha-dat
225000000000.0,Diện tích: 63 m²,"Đường Bùi Hữu Nghĩa , Phường Biên Hòa , Đồng Nai",2,,nhà ở,1,nha-dat
24000000000.0,Diện tích: 250 m²,"Đường Ngọc Lâm , Phường Bồ Đề , Hà Nội",,,biệt thự,,nha-dat
375000000000.0,Diện tích: 200 m²,"Đường Số 10 , Phường Tân Hưng , Hồ Chí Minh",1,,đất nền,1,nha-dat
80000000000.0,Diện tích: 416 m²,"Đường Nguyễn Thị Thập , Phường Tân Thuận , Hồ Chí Minh",5,,nhà ở,1,nha-dat
115000000000.0,Diện tích: 40 m²,"Đường Thượng Thanh , Phường Việt Hưng , Hà Nội",3,,nhà ở,6,nha-dat
29000000000.0,Diện tích: 90 m²,"Đường Phạm Viết Chánh , Phường Bến Thành , Hồ Chí Minh",12,,nhà ở,6,nha-dat
28000000000.0,Diện tích: 97 m²,"Đường Võ Thị Sáu , Phường Tân Định , Hồ Chí Minh",12,,căn hộ,7,nha-dat
58000000000.0,Diện tích: 130 m²,"Đường Nguyễn Trãi , Phường Bến Thành , Hồ Chí Minh",14,,nhà ở,7,nha-dat
12000000000.0,Diện tích: 35 m²,"Đường Nguyễn Thiện Thuật , Phường Bàn Cờ , Hồ Chí Minh",6,,nhà ở,3,nha-dat
27000000000.0,Diện tích: 85 m²,"Đường Đinh Bộ Lĩnh , Phường Bình Thạnh , Hồ Chí Minh",12,,nhà ở,5,nha-dat
46000000000.0,Diện tích: 62 m²,"Đường Núi Thành , Phường Hòa Cường , Đà Nẵng",3,,nhà ở,2,nha-dat
32000000000.0,Diện tích: 166 m²,"Đường Y Ngông , Phường Buôn Ma Thuột , Đắk Lắk",,,nhà ở,,nha-dat
696000000000.0,Diện tích: 76 m²,"Đường Đề Thám , Phường Bến Thành , Hồ Chí Minh",7,,nhà ở,3,nha-dat
64000000000.0,Diện tích: 60 m²,"Đường Phạm Văn Hai , Phường Tân Sơn Hòa , Hồ Chí Minh",2,,nhà hẻm,2,nha-dat
845000000000.0,Diện tích: 112 m²,"Đường Thủy Sơn 3 , Phường Ngũ Hành Sơn , Đà Nẵng",1,,nhà ở,1,nha-dat
25000000000.0,Diện tích: 80 m²,"Đường Trần Huy Liệu , Phường Phú Nhuận , Hồ Chí Minh",15,,nhà ở,7,nha-dat
88000000000.0,Diện tích: 184 m²,"Đường Quang Trung , Phường Thông Tây Hội , Hồ Chí Minh",5,,nhà ở,2,nha-dat
28000000000.0,Diện tích: 89 m²,"Đường Âu Cơ , Phường Tân Sơn Nhì , Hồ Chí Minh",2,,căn hộ,19,nha-dat
205000000000.0,Diện tích: 56 m²,"Đường Nguyễn Kiệm , Phường An Hội Tây , Hồ Chí Minh",2,,nhà ở,1,nha-dat
195000000000.0,Diện tích: 50 m²,"Đường Lam Sơn , Phường Hạnh Thông , Hồ Chí Minh",2,,nhà ở,1,nha-dat
65000000000.0,Diện tích: 60 m²,"Đường Dương Quảng Hàm , Phường An Nhơn , Hồ Chí Minh",,,nhà ở,,nha-dat
520000000.0,Diện tích: 124 m²,"Đường Trần Quang Diệm , Phường Kim Trà , Huế",,,nhà ở,,nha-dat
27000000000.0,Diện tích: 70 m²,"Đường Thoại Ngọc Hầu , Phường Tân Phú , Hồ Chí Minh",2,,căn hộ,12,nha-dat
35000000000.0,Diện tích: 100 m²,"Đường ĐT 602 , Phường Hòa Khánh , Đà Nẵng",2,,nhà ở,,nha-dat
75000000000.0,Diện tích: 75 m²,"Đường Nguyễn Văn Linh , Phường Hải Châu , Đà Nẵng",3,,nhà ở,3,nha-dat
82000000000.0,Diện tích: 96 m²,"Đường Hồ Tùng Mậu , Phường Phú Diễn , Hà Nội",3,,căn hộ,27,nha-dat
285000000000.0,Diện tích: 228 m²,"Đường Tân Kỳ Tân Quý , Phường Bình Tân , Hồ Chí Minh",43,,nhà ở,6,nha-dat
58000000000.0,Diện tích: 80 m²,"Đường Nguyễn An Ninh , Phường Cam Ly - Đà Lạt , Lâm Đồng",1,,nhà ở,,nha-dat
485000000000.0,Diện tích: 90 m²,"Đường Phạm Ngũ Lão , Phường Buôn Ma Thuột , Đắk Lắk",3,,nhà ở,1,nha-dat
544000000000.0,Diện tích: 69 m²,"Đường Trần Kế Xương , Phường Cầu Kiệu , Hồ Chí Minh",4,,nhà ở,3,nha-dat
468000000000.0,Diện tích: 64 m²,"Đường Lê Quang Sung , Phường Bình Tây , Hồ Chí Minh",4,,nhà ở,2,nha-dat
428000000000.0,Diện tích: 61 m²,"Đường Bình Thới , Phường Phú Thọ , Hồ Chí Minh",6,,nhà ở,3,nha-dat
98000000000.0,Diện tích: 200 m²,"Đường Lê Văn Miến , Phường An Khánh , Hồ Chí Minh",4,,nhà ở,2,nha-dat
618000000000.0,Diện tích: 72 m²,"Đường Cao Đạt , Phường Chợ Quán , Hồ Chí Minh",4,,nhà ở,2,nha-dat
625000000000.0,Diện tích: 77 m²,"Đường Đặng Văn Ngữ , Phường Phú Nhuận , Hồ Chí Minh",5,,nhà phố,3,nha-dat
638000000000.0,Diện tích: 72 m²,"Đường Lý Văn Phức , Phường Tân Định , Hồ Chí Minh",4,,nhà ở,3,nha-dat
450000000.0,Diện tích: 110 m²,"Đường Huỳnh Văn Nghệ , Phường Trấn Biên , Đồng Nai",3,,biệt thự,2,nha-dat
900000000.0,Diện tích: 100 m²,"Đường Huỳnh Văn Nghệ , Phường Trấn Biên , Đồng Nai",,,đất nền,,nha-dat
24000000000.0,Diện tích: 80 m²,"Đường Nguyễn Gia Trí , Phường Thạnh Mỹ Tây , Hồ Chí Minh",12,,nhà ở,4,nha-dat
48000000000.0,Diện tích: 110 m²,"Đường Trường Chinh , Phường An Khê , Đà Nẵng",3,,nhà ở,3,nha-dat
110000000000.0,Diện tích: 300 m²,"Đường Võ Nguyên Giáp , Phường Ngũ Hành Sơn , Đà Nẵng",35,,nhà ở,10,nha-dat
49000000000.0,Diện tích: 81 m²,"Đường Quang Trung , Phường Kiến Hưng , Hà Nội",2,,căn hộ,1,nha-dat
550000000.0,Diện tích: 600 m²,"Đường ĐT 741 , Xã Phú Giáo , Hồ Chí Minh",,,nhà ở,,nha-dat
185000000000.0,Diện tích: 122 m²,"Đường Dương Bá Trạc , Phường Chánh Hưng , Hồ Chí Minh",20,,nhà ở,5,nha-dat
155000000000.0,Diện tích: 117 m²,"Đường Nguyễn Tri Phương , Phường Thanh Khê , Đà Nẵng",9,,nhà ở,3,nha-dat
129000000000.0,Diện tích: 94 m²,"Đường Tôn Đức Thắng , Phường Liên Chiểu , Đà Nẵng",5,,nhà ở,3,nha-dat
18000000000.0,Diện tích: 200 m²,"Đường Lê Quảng Chí , Phường Hòa Xuân , Đà Nẵng",,,nhà ở,,nha-dat
132000000000.0,Diện tích: 120 m²,"Phố Ái Mộ , Phường Bồ Đề , Hà Nội",3,,nhà ở,3,nha-dat
385000000000.0,Diện tích: 100 m²,"Đường Ban Ban 5 , Phường Ngũ Hành Sơn , Đà Nẵng",,,nhà ở,,nha-dat
681000000000.0,Diện tích: 57 m²,"Đường Hồng Bàng , Phường Hồng Bàng , Hải Phòng",,,đất nền,,nha-dat
165000000000.0,Diện tích: 65 m²,"Đường Thế Lữ , Phường Hồng Bàng , Hải Phòng",4,,nhà ở,5,nha-dat
64000000000.0,Diện tích: 30 m²,"Đường Xuân La , Phường Tây Hồ , Hà Nội",1,,nhà ở,1,nha-dat
47000000000.0,Diện tích: 45 m²,"Đường Lê Đức Thọ , Phường Sơn Trà , Đà Nẵng",2,,căn hộ,25,nha-dat
45000000000.0,Diện tích: 46 m²,"Đường Trần Hưng Đạo , Phường An Hải , Đà Nẵng",1,,căn hộ,20,nha-dat
26000000000.0,Diện tích: 60 m²,"Đường Quốc lộ 21 , Xã Hòa Lạc , Hà Nội",,,đất nền,,nha-dat
85000000000.0,Diện tích: 683 m²,", Xã Hòa Vang , Đà Nẵng",,,nhà ở,,nha-dat
44000000000.0,Diện tích: 81 m²,"Đường Võ Lai , Phường Quy Nhơn Nam , Gia Lai",2,,nhà ở,1,nha-dat
29000000000.0,Diện tích: 54 m²,"Đường Nguyễn Văn Trỗi , Phường Phú Nhuận , Hồ Chí Minh",8,,nhà ở,7,nha-dat
23000000000.0,Diện tích: 127 m²,"Đường Phan Xích Long , Phường Cầu Kiệu , Hồ Chí Minh",12,,nhà ở,6,nha-dat
23000000000.0,Diện tích: 107 m²,"Đường Võ Thị Sáu , Phường Tân Định , Hồ Chí Minh",6,,nhà ở,3,nha-dat
72000000000.0,Diện tích: 160 m²,"Đường Lê Quang Định , Phường Gia Định , Hồ Chí Minh",15,,nhà ở,8,nha-dat
986000000000.0,Diện tích: 46 m²,"Đường Lê Hồng Phong , Phường Hải An , Hải Phòng",5,,nhà ở,5,nha-dat
228000000000.0,Diện tích: 70 m²,"Đường Thịnh Liệt , Phường Hoàng Mai , Hà Nội",4,,nhà ở,4,nha-dat
61000000000.0,Diện tích: 27 m²,"Phố Kim Ngưu , Phường Vĩnh Tuy , Hà Nội",3,,nhà ở,4,nha-dat
7000000000.0,Diện tích: 700 m²,"Đường Nguyễn Tất Thành , Phường Thanh Thủy , Huế",,,nhà ở,,nha-dat
210000000.0,Diện tích: 76 m²,", Xã Hưng Mỹ , Vĩnh Long",,,nhà ở,,nha-dat
74000000000.0,Diện tích: 60 m²,"Đường Mã Lò , Phường Bình Trị Đông , Hồ Chí Minh",5,,nhà ở,5,nha-dat
11000000000.0,Diện tích: 73 m²,"Đường Bồ Sơn 2 , Phường Võ Cường , Bắc Ninh",3,,nhà ở,3,nha-dat
169000000000.0,Diện tích: 66 m²,", Xã Lạc Đạo , Hưng Yên",,,nhà ở,,nha-dat
87000000000.0,Diện tích: 30 m²,"Đường Thụy Khuê , Phường Tây Hồ , Hà Nội",5,,nhà ở,7,nha-dat
128000000000.0,Diện tích: 75 m²,"Đường Tân Thái 8 , Phường Sơn Trà , Đà Nẵng",2,,biệt thự,2,nha-dat
45000000000.0,Diện tích: 120 m²,"Đường Ngô Gia Tự , Phường Lâm Viên - Đà Lạt , Lâm Đồng",2,,nhà ở,,nha-dat
9964000000000.0,Diện tích: 138 m²,"Đường Đống Đa , Phường Thuận Hóa , Huế",3,,biệt thự,2,nha-dat
735000000000.0,Diện tích: 38 m²,"Đường Định Công Thượng , Phường Định Công , Hà Nội",4,,nhà ở,4,nha-dat
55000000.0,Diện tích: 230 m²,"Đường Đồng Khởi , Phường Thủy Xuân , Huế",,,biệt thự,,nha-dat
69000000000.0,Diện tích: 45 m²,"Đường Kim Quan , Phường Việt Hưng , Hà Nội",3,,nhà ở,6,nha-dat
375000000.0,Diện tích: 50 m²,", Xã An Nghĩa , Phú Thọ",,,nhà ở,,nha-dat
3000000000.0,Diện tích: 45 m²,"Đường Kim Chung , Xã Thiên Lộc , Hà Nội",2,,nhà ở,,nha-dat
248000000000.0,Diện tích: 125 m²,"Đường 2/9 , Phường Hòa Cường , Đà Nẵng",7,,nhà ở,5,nha-dat
525000000000.0,Diện tích: 54 m²,"Đường Nguyễn Văn Công , Phường Hạnh Thông , Hồ Chí Minh",3,,nhà ở,2,nha-dat
795000000000.0,Diện tích: 115 m²,"Đường Phạm Văn Đồng , Phường Hạnh Thông , Hồ Chí Minh",7,,nhà ở,3,nha-dat
555000000000.0,Diện tích: 80 m²,"Đường Trương Thị Hoa , Phường Tân Thới Hiệp , Hồ Chí Minh",3,,nhà hẻm,2,nha-dat
365000000000.0,Diện tích: 70 m²,"Đường Mạc Thái Tổ , Phường Yên Hòa , Hà Nội",6,,nhà ở,7,nha-dat
905000000000.0,Diện tích: 40 m²,"Đường Thế Lữ , Phường Hồng Bàng , Hải Phòng",4,,nhà ở,5,nha-dat
289000000000.0,Diện tích: 43 m²,"Đường Bãi Sậy , Phường Hồng Bàng , Hải Phòng",2,,nhà ở,2,nha-dat
34000000000.0,Diện tích: 40 m²,"Đường Hà Nội , Phường Hồng Bàng , Hải Phòng",,,nhà ở,,nha-dat
188000000000.0,Diện tích: 70 m²,"Đường An Lạc , Phường Hồng Bàng , Hải Phòng",2,,nhà ở,2,nha-dat
278000000000.0,Diện tích: 45 m²,"Đường Hà Nội , Phường Hồng Bàng , Hải Phòng",,,nhà ở,,nha-dat
58000000000.0,Diện tích: 60 m²,"Đường Hùng Vương , Phường Hồng Bàng , Hải Phòng",4,,nhà ở,4,nha-dat
175000000000.0,Diện tích: 58 m²,"Đường Ngô Xuân Thu , Phường Hải Vân , Đà Nẵng",2,,nhà ở,1,nha-dat
65000000000.0,Diện tích: 343 m²,"Đường Đội Cung , Phường Bình Thới , Hồ Chí Minh",31,,căn hộ,3,nha-dat
50000000.0,Diện tích: 100 m²,", Xã Bình Nguyên , Phú Thọ",,,nhà ở,,nha-dat
225000000000.0,Diện tích: 130 m²,"Đường số 1 , Phường Tân Thuận , Hồ Chí Minh",4,,nhà ở,4,nha-dat
60000000.0,Diện tích: 82 m²,"Đường Đống Đa , Phường Thuận Hóa , Huế",3,,căn hộ,,nha-dat
118000000000.0,Diện tích: 145 m²,", Xã Hòa Tiến , Đà Nẵng",,,nhà ở,,nha-dat
95000000000.0,Diện tích: 45 m²,"Đường Cầu Giấy , Phường Cầu Giấy , Hà Nội",4,,nhà ở,4,nha-dat
52000000000.0,Diện tích: 65 m²,"Đường Phạm Văn Đồng , Phường Đông Ngạc , Hà Nội",2,,căn hộ,,nha-dat
30000000000.0,Diện tích: 176 m²,"Đường Nguyễn Hữu Hào , Phường Ngũ Hành Sơn , Đà Nẵng",21,,căn hộ,6,nha-dat
495000000000.0,Diện tích: 41 m²,"Đường Điện Biên Phủ , Phường Thanh Khê , Đà Nẵng",3,,nhà ở,3,nha-dat
158000000000.0,Diện tích: 68 m²,"Phố Chùa Thông , Phường Sơn Tây , Hà Nội",,,nhà ở,,nha-dat
162000000000.0,Diện tích: 100 m²,"Đường Đoàn Nguyễn Tuấn , Xã Bình Chánh , Hồ Chí Minh",1,,nhà ở,,nha-dat
25000000000.0,Diện tích: 100 m²,"Đường Quốc lộ 21 , Xã Hòa Lạc , Hà Nội",,,nhà ở,,nha-dat
42000000.0,Diện tích: 87 m²,"Đường Mai Hắc Đế , Phường Buôn Ma Thuột , Đắk Lắk",3,,căn hộ,35,nha-dat
145000000000.0,Diện tích: 200 m²,"Đường Mai Hắc Đế , Phường Buôn Ma Thuột , Đắk Lắk",6,,nhà ở,4,nha-dat
13000000000.0,Diện tích: 76 m²,"Đường Nguyễn Cửu Phú , Xã Tân Nhựt , Hồ Chí Minh",1,,nhà ở,1,nha-dat
28000000.0,Diện tích: 586 m²,"Đường Tây Sơn , Phường Quy Nhơn Bắc , Gia Lai",,,nhà ở,,nha-dat
45000000000.0,Diện tích: 100 m²,", Phường Vinh Hưng , Nghệ An",,,đất nền,,nha-dat
6666000000000.0,Diện tích: 147 m²,"Đường Cao Xuân Huy , Phường Trường Vinh , Nghệ An",,,đất nền,,nha-dat
18000000000.0,Diện tích: 185 m²,"Đường Nước Mặn 1 , Phường Ngũ Hành Sơn , Đà Nẵng",13,,căn hộ,4,nha-dat
335000000000.0,Diện tích: 100 m²,"Đường 4A , Phường An Cựu , Huế",,,nhà ở,,nha-dat
60000000.0,Diện tích: 95 m²,"Đường Nguyễn Thiện Kế , Phường Thuận Hóa , Huế",,,nhà ở,,nha-dat
177000000000.0,Diện tích: 205 m²,"Đường Tố Hữu , Phường Vỹ Dạ , Huế",18,,nhà ở,4,nha-dat
155000000000.0,Diện tích: 107 m²,"Đường Lưu Trọng Lư , Phường Hòa Cường , Đà Nẵng",10,,nhà ở,4,nha-dat
68000000000.0,Diện tích: 283 m²,"Đường Tân Hiệp 4 , Xã Hóc Môn , Hồ Chí Minh",,,đất nền,,nha-dat
43000000.0,Diện tích: 200 m²,", Xã Thăng Phú , Đà Nẵng",,,nhà ở,,nha-dat
420000000000.0,Diện tích: 788 m²,"Đường Lạc Long Quân , Phường Tây Hồ , Hà Nội",10,,biệt thự,5,nha-dat
420000000000.0,Diện tích: 758 m²,"Đường Lạc Long Quân , Phường Tây Hồ , Hà Nội",2,,nhà ở,10,nha-dat
208000000.0,Diện tích: 330 m²,"Đường Pháp Vân , Phường Hoàng Liệt , Hà Nội",6,,biệt thự,4,nha-dat
51000000000.0,Diện tích: 620 m²,"Đường số 28 , Phường An Nhơn , Hồ Chí Minh",40,,nhà ở,2,nha-dat
198000000000.0,Diện tích: 14500 m²,"Quốc Lộ 1D , Phường Quy Nhơn Nam , Gia Lai",40,,nhà ở,2,nha-dat
141000000000.0,Diện tích: 32 m²,"Phố Thái Hà , Phường Đống Đa , Hà Nội",3,,nhà ở,4,nha-dat
139000000000.0,Diện tích: 44 m²,"Đường Thạch Bàn , Phường Long Biên , Hà Nội",4,,nhà ở,6,nha-dat
16000000000.0,Diện tích: 80000 m²,", Xã Quảng Tín , Lâm Đồng",,,nhà ở,,nha-dat
48000000000.0,Diện tích: 36 m²,"Đường Nhân Huệ , Phường Yên Nghĩa , Hà Nội",4,,nhà ở,4,nha-dat
55000000000.0,Diện tích: 143 m²,"Đường Tố Hữu , Phường Vỹ Dạ , Huế",3,,căn hộ,19,nha-dat
95000000000.0,Diện tích: 221 m²,"Đường Trường Chinh , Phường An Cựu , Huế",,,nhà ở,,nha-dat
59000000000.0,Diện tích: 103 m²,"Đường Mễ Trì Thượng , Phường Từ Liêm , Hà Nội",3,,căn hộ,3,nha-dat
25000000000.0,Diện tích: 93 m²,", Phường Long Bình , Đồng Nai",,,nhà ở,,nha-dat
985000000000.0,Diện tích: 52 m²,"Đường Đức Diễn , Phường Phú Diễn , Hà Nội",9,,nhà ở,6,nha-dat
22000000000.0,Diện tích: 180 m²,"Đường Cộng Hòa , Phường Tân Bình , Hồ Chí Minh",2,,nhà ở,1,nha-dat
16000000000.0,Diện tích: 100 m²,"Đường Bàu Cát , Phường Bảy Hiền , Hồ Chí Minh",5,,nhà ở,3,nha-dat
16000000000.0,Diện tích: 100 m²,"Đường Bàu Cát , Phường Tân Bình , Hồ Chí Minh",5,,nhà ở,3,nha-dat
29000000000.0,Diện tích: 32 m²,", Xã Bình Minh , Hà Nội",3,,nhà ở,4,nha-dat
425000000000.0,Diện tích: 200 m²,"Đường Phan Văn Hân , Phường Gia Định , Hồ Chí Minh",3,,nhà ở,3,nha-dat
43000000000.0,Diện tích: 200 m²,"Đường Phan Văn Hân , Phường Gia Định , Hồ Chí Minh",3,,nhà ở,3,nha-dat
58000000000.0,Diện tích: 96 m²,"Đường Lữ Gia , Phường Lâm Viên - Đà Lạt , Lâm Đồng",2,,nhà phố,2,nha-dat
835000000000.0,Diện tích: 50 m²,"Đường Đàm Quang Trung , Phường Long Biên , Hà Nội",,,nhà ở,,nha-dat
465000000000.0,Diện tích: 65 m²,"Đường Giáp Hải , Xã Bát Tràng , Hà Nội",,,nhà ở,,nha-dat
51000000000.0,Diện tích: 100 m²,"Đường Gò Nãy 8 , Phường Hòa Khánh , Đà Nẵng",,,đất nền,,nha-dat
255000000000.0,Diện tích: 150 m²,"Đường Núi Thành , Phường Tân Bình , Hồ Chí Minh",10,,nhà ở,5,nha-dat
1249000000000.0,Diện tích: 240 m²,"Đường Nguyễn Văn Cừ , Phường Tân Lập , Đắk Lắk",1,,nhà ở,,nha-dat
32000000000.0,Diện tích: 144 m²,"Đường Lê Trọng Tấn , Phường Dương Nội , Hà Nội",6,,nhà ở,5,nha-dat
725000000000.0,Diện tích: 110 m²,"Đường Mân Quang 3 , Phường Sơn Trà , Đà Nẵng",,,nhà ở,,nha-dat
58000000000.0,Diện tích: 90 m²,"Đường số 3 , Phường An Bình , Cần Thơ",3,,nhà ở,3,nha-dat
155000000000.0,Diện tích: 46 m²,"Đường Nguyễn Văn Linh , Phường Long Biên , Hà Nội",,,nhà ở,,nha-dat
25000000000.0,Diện tích: 125 m²,"Đường Nguyễn Hữu Thọ , Phường Cẩm Lệ , Đà Nẵng",3,,nhà ở,3,nha-dat
65000000000.0,Diện tích: 100 m²,"Đường Mẹ Thứ , Phường Hòa Xuân , Đà Nẵng",,,nhà ở,,nha-dat
28000000000.0,Diện tích: 87 m²,"Đường Võ Văn Ngân , Phường Thủ Đức , Hồ Chí Minh",2,,nhà ở,2,nha-dat
158000000000.0,Diện tích: 136 m²,"Đường Hải Phòng , Phường Thanh Khê , Đà Nẵng",,,nhà ở,,nha-dat
2359000000000.0,Diện tích: 101 m²,"Đường Quốc lộ 21 , Xã Hòa Lạc , Hà Nội",,,nhà ở,,nha-dat
85000000000.0,Diện tích: 86 m²,"Đường Nguyễn Gia Trí , Phường Sơn Trà , Đà Nẵng",3,,nhà ở,2,nha-dat
525000000000.0,Diện tích: 120 m²,"Đường Phương Cầu , Phường Phương Liễu , Bắc Ninh",,,nhà ở,,nha-dat
649000000000.0,Diện tích: 82 m²,"Đường Hoàng Diệu , Phường Hải Châu , Đà Nẵng",3,,nhà ở,2,nha-dat
19000000000.0,Diện tích: 680 m²,"Đường An Phú Đông 1 , Phường Thới An , Hồ Chí Minh",1,,đất nền,1,nha-dat
235000000000.0,Diện tích: 148 m²,"Phố Xuân Quỳnh , Xã Giao Ninh , Ninh Bình",1,,nhà ở,1,nha-dat
2154000000000.0,Diện tích: 140 m²,"Đường Triệu Việt Vương , Xã Giao Ninh , Ninh Bình",1,,nhà ở,1,nha-dat
125000000000.0,Diện tích: 300 m²,"Đường Âu Cơ , Phường Bảy Hiền , Hồ Chí Minh",25,,nhà ở,8,nha-dat
50000000000.0,Diện tích: 148 m²,"Đường Nguyễn Văn Trỗi , Phường Tân Sơn Hòa , Hồ Chí Minh",8,,nhà ở,6,nha-dat
580000000000.0,Diện tích: 900 m²,"Đường Trương Định , Phường Xuân Hòa , Hồ Chí Minh",10,,biệt thự,2,nha-dat
44000000000.0,Diện tích: 180 m²,"Đường Nguyễn Văn Trỗi , Phường Cầu Kiệu , Hồ Chí Minh",6,,biệt thự,3,nha-dat
77000000000.0,Diện tích: 84 m²,"Đường Gò Dầu , Phường Phú Thọ Hòa , Hồ Chí Minh",4,,nhà ở,4,nha-dat
73000000000.0,Diện tích: 56 m²,"Đường Đô Đốc Long , Phường Phú Thọ Hòa , Hồ Chí Minh",3,,nhà ở,3,nha-dat
77000000000.0,Diện tích: 80 m²,"Đường Hòa Bình , Phường Tân Phú , Hồ Chí Minh",2,,nhà ở,2,nha-dat
175000000000.0,Diện tích: 100 m²,"Đường Điện Biên Phủ , Phường Thanh Khê , Đà Nẵng",4,,nhà ở,4,nha-dat
20000000000.0,Diện tích: 143 m²,"Đường Võ Thị Sáu , Phường Hải Châu , Đà Nẵng",3,,nhà ở,2,nha-dat
124000000000.0,Diện tích: 222 m²,"Đường Phan Thị Nể , Phường Hòa Khánh , Đà Nẵng",,,nhà ở,,nha-dat
555000000000.0,Diện tích: 72 m²,"Đường Dương Đức Hiền , Phường Hòa Khánh , Đà Nẵng",2,,nhà ở,2,nha-dat
528000000000.0,Diện tích: 76 m²,"Đường Đồng Trí 4 , Phường Hòa Khánh , Đà Nẵng",4,,nhà ở,3,nha-dat
895000000000.0,Diện tích: 50 m²,"Đường Thái Thị Bôi , Phường Thanh Khê , Đà Nẵng",3,,nhà ở,3,nha-dat
15000000000.0,Diện tích: 125 m²,"Đường Nguyễn Tất Thành , Phường Hòa Khánh , Đà Nẵng",,,nhà ở,,nha-dat
22000000000.0,Diện tích: 100 m²,"Đường Tạ Mỹ Duật , Phường An Hải , Đà Nẵng",4,,nhà ở,3,nha-dat
72000000000.0,Diện tích: 81 m²,"Đường Phần Lăng 9 , Phường Thanh Khê , Đà Nẵng",3,,nhà ở,2,nha-dat
22000000000.0,Diện tích: 185 m²,"Đường Khúc Thừa Dụ , Phường Sơn Trà , Đà Nẵng",3,,nhà ở,3,nha-dat
123000000000.0,Diện tích: 144 m²,"Đường Dương Lâm , Phường Sơn Trà , Đà Nẵng",3,,nhà ở,3,nha-dat
127000000000.0,Diện tích: 125 m²,"Đường Khúc Hạo , Phường Sơn Trà , Đà Nẵng",3,,nhà ở,2,nha-dat
65000000000.0,Diện tích: 110 m²,"Đường Xuân Thiều 29 , Phường Hải Vân , Đà Nẵng",,,nhà ở,,nha-dat
154000000000.0,Diện tích: 150 m²,"Đường Hưng Hóa 4 , Phường Hòa Cường , Đà Nẵng",,,nhà ở,,nha-dat
555000000000.0,Diện tích: 97 m²,"Đường Lý Văn Phức , Phường Ngũ Hành Sơn , Đà Nẵng",,,nhà ở,,nha-dat
38000000.0,Diện tích: 375 m²,"Đường Xuân Thiều , Phường Hải Vân , Đà Nẵng",,,biệt thự,,nha-dat
165000000000.0,Diện tích: 120 m²,"Đường Nguyễn Hữu Thọ , Phường Hòa Cường , Đà Nẵng",2,,nhà ở,1,nha-dat
46000000000.0,Diện tích: 160 m²,"Đường Hoàng Thị Loan , Phường Hòa Khánh , Đà Nẵng",,,nhà ở,,nha-dat
279000000000.0,Diện tích: 195 m²,"Đường Trần Nhân Tông , Phường Sơn Trà , Đà Nẵng",5,,nhà ở,4,nha-dat
225000000000.0,Diện tích: 82 m²,"Đường Nguyễn Văn Cừ , Phường Bồ Đề , Hà Nội",12,,nhà ở,7,nha-dat
595000000000.0,Diện tích: 30 m²,"Đường Phúc Lợi , Phường Long Biên , Hà Nội",3,,nhà ở,4,nha-dat
645000000000.0,Diện tích: 45 m²,"Đường Mậu Lương , Phường Kiến Hưng , Hà Nội",3,,nhà ở,4,nha-dat
34000000000.0,Diện tích: 88 m²,"Đường Đặng Thái Thân , Phường Chợ Lớn , Hồ Chí Minh",6,,nhà ở,5,nha-dat
415000000000.0,Diện tích: 135 m²,"Đường Thiên Hiền , Phường Từ Liêm , Hà Nội",4,,nhà ở,4,nha-dat
478000000000.0,Diện tích: 115 m²,"Đường Thiên Hiền , Phường Từ Liêm , Hà Nội",26,,nhà ở,8,nha-dat
71000000000.0,Diện tích: 44 m²,"Đường Tô Hiến Thành , Phường Hòa Hưng , Hồ Chí Minh",4,,nhà ở,4,nha-dat
990000000.0,Diện tích: 95 m²,"Đường Lê Duẩn , Xã An Phước , Đồng Nai",,,nhà ở,,nha-dat
118000000000.0,Diện tích: 120 m²,"Đường Lý Thường Kiệt , Xã An Phước , Đồng Nai",,,nhà ở,,nha-dat
7499000000000.0,Diện tích: 70 m²,"Đường Phạm Văn Bạch , Phường An Hội Đông , Hồ Chí Minh",6,,nhà ở,3,nha-dat
219000000000.0,Diện tích: 260 m²,"Đường Trường Chinh , Phường Tân Sơn , Hồ Chí Minh",2,,nhà ở,1,nha-dat
179000000000.0,Diện tích: 110 m²,"Đường Phạm Văn Bạch , Phường Tân Sơn , Hồ Chí Minh",20,,nhà ở,6,nha-dat
93000000000.0,Diện tích: 64 m²,"Đường số 72 , Phường Bình Phú , Hồ Chí Minh",5,,nhà ở,4,nha-dat
1075000000000.0,Diện tích: 104 m²,"Đường Nguyễn Đức Trung , Phường Thanh Khê , Đà Nẵng",,,nhà ở,,nha-dat
41000000000.0,Diện tích: 94 m²,"Đường Nguyễn Công Triều , Phường An Khê , Đà Nẵng",,,đất nền,,nha-dat
17000000000.0,Diện tích: 46 m²,"Đường Mậu Thân , Phường Ninh Kiều , Cần Thơ",1,,nhà ở,1,nha-dat
85000000000.0,Diện tích: 107 m²,"Đường Ngô Hữu Hạnh , Phường Ninh Kiều , Cần Thơ",2,,nhà ở,,nha-dat
102000000000.0,Diện tích: 76 m²,"Đường Trần Ngọc Quế , Phường Ninh Kiều , Cần Thơ",2,,nhà ở,2,nha-dat
185000000000.0,Diện tích: 560 m²,"Đường Nguyễn Hữu Cầu , Phường Cái Khế , Cần Thơ",1,,biệt thự,1,nha-dat
17000000000.0,Diện tích: 1153 m²,"Đường Xô Viết Nghệ Tĩnh , Phường Lang Biang - Đà Lạt , Lâm Đồng",5,,nhà ở,2,nha-dat
459000000000.0,Diện tích: 82 m²,"Đường Tôn Thất Tùng , Phường Bến Thành , Hồ Chí Minh",8,,nhà ở,4,nha-dat
105000000000.0,Diện tích: 104 m²,"Đường Nguyễn Đức Trung , Phường Thanh Khê , Đà Nẵng",1,,nhà ở,1,nha-dat
645000000000.0,Diện tích: 72 m²,"Đường Trần Khát Chân , Phường Sơn Trà , Đà Nẵng",,,nhà ở,,nha-dat
165000000000.0,Diện tích: 162 m²,"Đường Lý Đạo Thành , Phường Sơn Trà , Đà Nẵng",,,nhà ở,,nha-dat
185000000000.0,Diện tích: 90 m²,"Đường Đồng Khởi , Phường Tân Triều , Đồng Nai",3,,nhà ở,1,nha-dat
238000000000.0,Diện tích: 95 m²,"Đường Tiên Sơn , Phường Hòa Cường , Đà Nẵng",26,,căn hộ,6,nha-dat
255000000000.0,Diện tích: 81 m²,"Đường Bùi Văn Thêm , Phường Đức Nhuận , Hồ Chí Minh",4,,nhà ở,5,nha-dat
146000000000.0,Diện tích: 38 m²,"Đường Xuân La , Phường Tây Hồ , Hà Nội",4,,nhà ở,4,nha-dat
96000000.0,Diện tích: 135 m²,"Đường Vương Thừa Vũ , Phường An Hải , Đà Nẵng",,,đất nền,,nha-dat
333000000000.0,Diện tích: 96 m²,"Đường Âu Lạc , Phường An Cựu , Huế",,,đất nền,,nha-dat
6000000000.0,Diện tích: 3000 m²,"Tỉnh Lộ 715 , Phường Mũi Né , Lâm Đồng",,,nhà ở,,nha-dat
50000000000.0,Diện tích: 70 m²,"Phố Ngũ Xã , Phường Ba Đình , Hà Nội",2,,nhà ở,2,nha-dat
125000000000.0,Diện tích: 398 m²,"Đường Xuân Thuỷ , Phường Mũi Né , Lâm Đồng",,,nhà ở,,nha-dat
10000000.0,Diện tích: 2500 m²,"Đường Nguyễn Đình Chiểu , Phường Mũi Né , Lâm Đồng",,,nhà ở,,nha-dat
83000000000.0,Diện tích: 62 m²,"Phố Định Công Hạ , Phường Định Công , Hà Nội",1,,nhà phố,1,nha-dat
118000000000.0,Diện tích: 39 m²,"Phố Vũ Tông Phan , Phường Khương Đình , Hà Nội",6,,nhà phố,5,nha-dat
108000000000.0,Diện tích: 55 m²,"Phố Hoàng Cầu , Phường Ô Chợ Dừa , Hà Nội",4,,nhà ở,4,nha-dat
125000000000.0,Diện tích: 55 m²,"Đường Định Công Thượng , Phường Định Công , Hà Nội",6,,nhà phố,5,nha-dat
65000000000.0,Diện tích: 250 m²,"Đường Phạm Ngũ Lão , Phường Phú Mỹ , Hồ Chí Minh",,,nhà ở,,nha-dat
17000000000.0,Diện tích: 124 m²,"Đường Nguyễn Súy , Phường Tân Sơn Nhì , Hồ Chí Minh",22,,nhà ở,5,nha-dat
14000000000.0,Diện tích: 72 m²,"Đường Đào Duy Từ , Phường Xuân Hương - Đà Lạt , Lâm Đồng",5,,nhà ở,5,nha-dat
147000000000.0,Diện tích: 300 m²,"Đường Hồ Xuân Hương , Phường Lâm Viên - Đà Lạt , Lâm Đồng",3,,biệt thự,1,nha-dat
130000000.0,Diện tích: 150 m²,", Xã Hảo Đước , Tây Ninh",,,đất nền,,nha-dat
535000000000.0,Diện tích: 69 m²,"Đường Hương lộ 2 , Phường Bình Tân , Hồ Chí Minh",,,nhà ở,,nha-dat
64000000000.0,Diện tích: 78 m²,"Đường Kinh Dương Vương , Phường An Lạc , Hồ Chí Minh",5,,nhà ở,4,nha-dat
215000000000.0,Diện tích: 80 m²,"Đường Lê Văn Hiến , Phường Đông Ngạc , Hà Nội",,,nhà ở,,nha-dat
75000000000.0,Diện tích: 161 m²,"Đường Phan Anh , Phường Bình Trị Đông , Hồ Chí Minh",1,,nhà ở,1,nha-dat
72000000000.0,Diện tích: 60 m²,"Đường Cầu Bính , Phường Hồng Bàng , Hải Phòng",4,,nhà ở,4,nha-dat
48000000000.0,Diện tích: 48 m²,"Quốc Lộ 5 , Phường Hồng Bàng , Hải Phòng",4,,nhà ở,4,nha-dat
515000000000.0,Diện tích: 68 m²,"Tỉnh lộ 10 , Phường Tân Tạo , Hồ Chí Minh",5,,nhà ở,4,nha-dat
29000000000.0,Diện tích: 76 m²,"Đường Võ Nguyên Giáp , Phường Quy Nhơn Đông , Gia Lai",,,căn hộ,,nha-dat
338000000000.0,Diện tích: 45 m²,"Đường An Dương 1 , Phường An Hải , Hải Phòng",3,,nhà ở,3,nha-dat
85000000000.0,Diện tích: 58 m²,"Đường An Lạc , Phường Hồng Bàng , Hải Phòng",4,,nhà ở,5,nha-dat
19000000000.0,Diện tích: 66 m²,"Đường Cam Lộ , Phường Hồng Bàng , Hải Phòng",2,,nhà ở,2,nha-dat
14000000000.0,Diện tích: 45 m²,"Đường Nguyễn Trung Thành , Phường Hồng Bàng , Hải Phòng",,,nhà ở,,nha-dat
395000000000.0,Diện tích: 52 m²,"Đường Kiến Thiết , Phường Hồng Bàng , Hải Phòng",4,,nhà ở,3,nha-dat
626000000000.0,Diện tích: 59 m²,"Đường Hồng Bàng , Phường Hồng Bàng , Hải Phòng",,,nhà ở,,nha-dat
99000000000.0,Diện tích: 107 m²,"Đường Gò Dầu , Phường Tân Sơn Nhì , Hồ Chí Minh",4,,nhà ở,2,nha-dat
145000000000.0,Diện tích: 41 m²,"Đường Minh Khai , Phường Bạch Mai , Hà Nội",4,,nhà ở,6,nha-dat
230000000000.0,Diện tích: 380 m²,"Đường Phổ Quang , Phường Tân Sơn Hòa , Hồ Chí Minh",,,nhà ở,12,nha-dat
349000000000.0,Diện tích: 120 m²,"Đường An Thượng 39 , Phường Ngũ Hành Sơn , Đà Nẵng",,,nhà ở,1,nha-dat
129000000000.0,Diện tích: 120 m²,"Đường Hà Huy Tập , Phường An Khê , Đà Nẵng",4,,nhà ở,3,nha-dat
716000000000.0,Diện tích: 110 m²,"Đường Tôn Đức Thắng , Phường Tân An , Đắk Lắk",,,nhà ở,,nha-dat
159000000000.0,Diện tích: 95 m²,"Đường Triều Khúc , Phường Thanh Xuân , Hà Nội",28,,nhà ở,8,nha-dat
18000000000.0,Diện tích: 252 m²,"Đường Cao Thắng , Phường Lang Biang - Đà Lạt , Lâm Đồng",5,,nhà ở,5,nha-dat
9099000000000.0,Diện tích: 90 m²,"Đường Phạm Văn Bạch , Phường Tân Sơn , Hồ Chí Minh",6,,nhà ở,4,nha-dat
10999000000000.0,Diện tích: 130 m²,"Đường Tân Sơn , Phường Tân Sơn , Hồ Chí Minh",2,,nhà ở,2,nha-dat
188000000000.0,Diện tích: 140 m²,"Đường Trường Chinh , Phường Tân Sơn , Hồ Chí Minh",13,,nhà ở,5,nha-dat
22000000000.0,Diện tích: 120 m²,"Đường Hoàng Minh Thảo , Phường Nam Nha Trang , Khánh Hòa",,,đất nền,,nha-dat
11000000000.0,Diện tích: 70 m²,"Đường Bình Hòa , Phường Nam Nha Trang , Khánh Hòa",,,đất nền,,nha-dat
45000000000.0,Diện tích: 53 m²,"Đường Lê Hồng Phong , Phường Nam Nha Trang , Khánh Hòa",2,,nhà ở,1,nha-dat
78000000000.0,Diện tích: 209 m²,"Đường Tự Phước , Phường Xuân Trường - Đà Lạt , Lâm Đồng",3,,biệt thự,2,nha-dat
195000000000.0,Diện tích: 94 m²,"Đường Đống Đa , Phường Hải Châu , Đà Nẵng",16,,nhà ở,6,nha-dat
105000000000.0,Diện tích: 100 m²,"Đường Nguyễn Đức Trung , Phường Thanh Khê , Đà Nẵng",,,nhà ở,,nha-dat
51000000000.0,Diện tích: 37 m²,"Đường Minh Phụng , Phường Bình Tây , Hồ Chí Minh",4,,nhà ở,5,nha-dat
12000000000.0,Diện tích: 70 m²,"Đường Anh Đào 1 , Phường Việt Hưng , Hà Nội",4,,biệt thự,5,nha-dat
25000000000.0,Diện tích: 110 m²,", Phường Chánh Hưng , Hồ Chí Minh",10,,nhà ở,7,nha-dat
115000000000.0,Diện tích: 45 m²,"Phố Đội cấn , Phường Ngọc Hà , Hà Nội",5,,nhà ở,5,nha-dat
132000000000.0,Diện tích: 48 m²,"Đường Kim Mã , Phường Ngọc Hà , Hà Nội",5,,nhà ở,5,nha-dat
106000000000.0,Diện tích: 45 m²,"Đường Thụy Khuê , Phường Tây Hồ , Hà Nội",10,,nhà ở,6,nha-dat
129000000000.0,Diện tích: 55 m²,"Đường Hoàng Hoa Thám , Phường Ngọc Hà , Hà Nội",8,,nhà ở,6,nha-dat
105000000000.0,Diện tích: 38 m²,"Đường Lạc Long Quân , Phường Tây Hồ , Hà Nội",3,,nhà ở,4,nha-dat
31000000000.0,Diện tích: 314 m²,"Đường Mỹ Đa Đông 12 , Phường Ngũ Hành Sơn , Đà Nẵng",,,nhà ở,,nha-dat
559000000000.0,Diện tích: 78 m²,"Quốc Lộ 13 , Phường Hiệp Bình , Hồ Chí Minh",,,đất nền,,nha-dat
569000000000.0,Diện tích: 36 m²,"Đường Nguyễn Chế Nghĩa , Phường Phú Định , Hồ Chí Minh",3,,nhà ở,5,nha-dat
165000000000.0,Diện tích: 68 m²,"Đường Lê Minh Xuân , Phường Tân Sơn Nhất , Hồ Chí Minh",6,,nhà ở,5,nha-dat
65000000000.0,Diện tích: 80 m²,"Đường Tiền Lân , Xã Bà Điểm , Hồ Chí Minh",5,,nhà ở,4,nha-dat
7000000000.0,Diện tích: 90 m²,"Đường Liên Phường , Phường Long Trường , Hồ Chí Minh",,,nhà ở,,nha-dat
65000000.0,Diện tích: 100 m²,"Đường Liên Phường , Phường Long Trường , Hồ Chí Minh",,,đất nền,,nha-dat
155000000000.0,Diện tích: 125 m²,"Đường Nguyễn Tất Thành , Phường Thanh Khê , Đà Nẵng",,,nhà ở,,nha-dat
75000000000.0,Diện tích: 104 m²,"Đường Diệp Minh Châu , Phường Hòa Xuân , Đà Nẵng",2,,nhà ở,3,nha-dat
155000000000.0,Diện tích: 45 m²,"Đường Dương Khuê , Phường Cầu Giấy , Hà Nội",3,,nhà ở,3,nha-dat
35000000000.0,Diện tích: 500 m²,", Phường Tam Thắng , Hồ Chí Minh",1,,nhà ở,,nha-dat
297000000000.0,Diện tích: 660 m²,"Đường Giống Ao , Xã Cần Giờ , Hồ Chí Minh",,,nhà ở,,nha-dat
37000000000.0,Diện tích: 351 m²,"Đường Nguyễn Văn Cừ , Phường Cái Khế , Cần Thơ",1,,nhà ở,,nha-dat
227000000000.0,Diện tích: 100 m²,", Phường Ngũ Hành Sơn , Đà Nẵng",14,,căn hộ,6,nha-dat
41000000000.0,Diện tích: 174 m²,"Đường Trần Hưng Đạo , Phường Sơn Trà , Đà Nẵng",8,,nhà ở,3,nha-dat
11000000000.0,Diện tích: 80 m²,"Đường Nguyễn Đạo An , Phường Phú Diễn , Hà Nội",,,nhà ở,,nha-dat
23000000000.0,Diện tích: 88 m²,"Đường Đặng Dung , Phường Tân Định , Hồ Chí Minh",6,,nhà phố,5,nha-dat
40000000000.0,Diện tích: 352 m²,"Đường Nguyễn Quyền , Phường Võ Cường , Bắc Ninh",,,biệt thự,,nha-dat
4000000000.0,Diện tích: 72 m²,", Phường Dương Nội , Hà Nội",2,,căn hộ,12,can-ho
695000000000.0,Diện tích: 120 m²,"Phố Dương Đình Nghệ , Phường Cầu Giấy , Hà Nội",3,,căn hộ,5,can-ho
2735000000000.0,Diện tích: 165 m²,"Đường Hoàng Hoa Thám , Phường Ba Đình , Hà Nội",3,,căn hộ,6,can-ho
98000000000.0,Diện tích: 60 m²,"Đường Lê Hồng Phong , Phường Nam Nha Trang , Khánh Hòa",,,căn hộ,5,can-ho
179000000000.0,Diện tích: 64 m²,", Phường Vinh Hưng , Nghệ An",2,,căn hộ,6,can-ho
268000000000.0,Diện tích: 27 m²,"Đường Trần Hưng Đạo , Phường An Hải , Đà Nẵng",1,,căn hộ,30,can-ho
4138000000000.0,Diện tích: 45 m²,"Đường Trần Hưng Đạo , Phường An Hải , Đà Nẵng",1,,căn hộ,17,can-ho
459000000000.0,Diện tích: 47 m²,"Đường Trần Hưng Đạo , Phường An Hải , Đà Nẵng",2,,căn hộ,10,can-ho
195000000000.0,Diện tích: 33 m²,"Đường Nguyễn Sỹ Sách , Phường Trường Vinh , Nghệ An",1,,căn hộ,30,can-ho
15000000000.0,Diện tích: 35 m²,"Ngõ Gốc Đề , Phường Tương Mai , Hà Nội",2,,căn hộ,6,can-ho
2000000000.0,Diện tích: 32 m²,"Đường Nguyên Khê , Xã Phúc Thịnh , Hà Nội",1,,căn hộ,3,can-ho
5082000000000.0,Diện tích: 66 m²,"Đường Trần Hưng Đạo , Phường An Hải , Đà Nẵng",2,,căn hộ,,can-ho
33000000000.0,Diện tích: 55 m²,"Đường Nam Hồ , Phường Xuân Trường - Đà Lạt , Lâm Đồng",2,,căn hộ,1,can-ho
71000000000.0,Diện tích: 288 m²,"Đường Đống Đa , Phường Thuận Hóa , Huế",3,,biệt thự,25,can-ho
258000000000.0,Diện tích: 63 m²,"Đường 19/5 , Phường Tây Nha Trang , Khánh Hòa",2,,căn hộ,,can-ho
4014000000000.0,Diện tích: 46 m²,"Đường Trần Hưng Đạo , Phường Sơn Trà , Đà Nẵng",1,,căn hộ,12,can-ho
133000000000.0,Diện tích: 64 m²,"Đường Điện Biên Phủ , Phường Quy Nhơn Đông , Gia Lai",2,,căn hộ,28,can-ho
81000000000.0,Diện tích: 78 m²,"Đường Đình Thôn , Phường Từ Liêm , Hà Nội",2,,căn hộ,15,can-ho
90000000.0,Diện tích: 95 m²,"Đường Đình Thôn , Phường Từ Liêm , Hà Nội",3,,căn hộ,29,can-ho
10000000000.0,Diện tích: 96 m²,"Đường Đình Thôn , Phường Từ Liêm , Hà Nội",3,,căn hộ,10,can-ho
15000000000.0,Diện tích: 141 m²,"Đường Đình Thôn , Phường Từ Liêm , Hà Nội",4,,căn hộ,15,can-ho
9000000000.0,Diện tích: 77 m²,"Đường Đình Thôn , Phường Từ Liêm , Hà Nội",2,,căn hộ,15,can-ho
9000000000.0,Diện tích: 120 m²,"Đường Kim Chung , Xã Hoài Đức , Hà Nội",3,,căn hộ,,can-ho
1719000000000.0,Diện tích: 50 m²,"Đường Trần Văn Giàu , Xã Đức Hòa , Tây Ninh",2,,căn hộ,10,can-ho
190000000000.0,Diện tích: 609 m²,"Đường Võ Chí Công , Phường Phú Thượng , Hà Nội",4,,căn hộ,2,can-ho
348000000000.0,Diện tích: 65 m²,"Phố 8/3 , Phường Bạch Mai , Hà Nội",3,,căn hộ,4,can-ho
72000000000.0,Diện tích: 70 m²,"Phố Huỳnh Thúc Kháng , Phường Láng , Hà Nội",2,,căn hộ,8,can-ho
78000000000.0,Diện tích: 66 m²,"Phố Nguyễn Lương Bằng , Phường Kim Liên , Hà Nội",2,,căn hộ,1,can-ho
388000000000.0,Diện tích: 70 m²,"Phố Thái Thịnh , Phường Đống Đa , Hà Nội",2,,căn hộ,4,can-ho
215000000000.0,Diện tích: 35 m²,"Đường Phúc La - Văn Phú , Phường Hà Đông , Hà Nội",1,,căn hộ,1,can-ho
17000000000.0,Diện tích: 34 m²,"Đường Nguyễn Phước Lan , Phường Hòa Xuân , Đà Nẵng",1,,căn hộ,,can-ho
63000000000.0,Diện tích: 80 m²,"Đường Nguyễn Xiển , Phường Long Bình , Hồ Chí Minh",2,,căn hộ,,can-ho
2744000000000.0,Diện tích: 70 m²,"Đường Mai Hắc Đế , Phường Buôn Ma Thuột , Đắk Lắk",2,,căn hộ,28,can-ho
45000000000.0,Diện tích: 83 m²,"Đường Hoàng Hoa Thám , Phường Vũng Tàu , Hồ Chí Minh",2,,căn hộ,,can-ho
116000000000.0,Diện tích: 125 m²,"Phố Trung Kính , Phường Yên Hòa , Hà Nội",4,,căn hộ,14,can-ho
2000000000.0,Diện tích: 54 m²,"Đường Minh Mạng , Phường Ngũ Hành Sơn , Đà Nẵng",1,,căn hộ,8,can-ho
26000000000.0,Diện tích: 54 m²,"Đường Hoàng Minh Mạng , Phường Ngũ Hành Sơn , Đà Nẵng",1,,căn hộ,15,can-ho
105000000000.0,Diện tích: 116 m²,"Đường Nguyễn Văn Lộc , Phường Hà Đông , Hà Nội",3,,căn hộ,,can-ho
37000000.0,Diện tích: 135 m²,"Đường Lê Hồng Phong , Phường Tam Thắng , Hồ Chí Minh",3,,căn hộ,1,can-ho
96000000000.0,Diện tích: 130 m²,"Đường Cầu Lạc Trung , Phường Vĩnh Tuy , Hà Nội",4,,căn hộ,10,can-ho
83000000000.0,Diện tích: 86 m²,"Đường Âu Cơ , Phường Phú Thượng , Hà Nội",3,,căn hộ,16,can-ho
6000000000.0,Diện tích: 74 m²,"Đường Trường Chinh , Phường Đống Đa , Hà Nội",2,,căn hộ,9,can-ho
95000000000.0,Diện tích: 76 m²,"Đường Minh Khai , Phường Vĩnh Tuy , Hà Nội",2,,căn hộ,1,can-ho
92000000000.0,Diện tích: 56 m²,", Phường Hải Châu , Đà Nẵng",2,,căn hộ,6,can-ho
12000000000.0,Diện tích: 134 m²,"Đường Nguyễn Chí Thanh , Phường Láng , Hà Nội",3,,căn hộ,9,can-ho
9000000000.0,Diện tích: 115 m²,"Phố Đại La , Phường Bạch Mai , Hà Nội",3,,căn hộ,8,can-ho
41000000000.0,Diện tích: 70 m²,"Đường Phúc Lợi , Phường Phúc Lợi , Hà Nội",2,,căn hộ,2,can-ho
13000000000.0,Diện tích: 96 m²,"Đường 3/2 , Phường Hòa Hưng , Hồ Chí Minh",2,,căn hộ,30,can-ho
31000000000.0,Diện tích: 71 m²,"Đường Đại Lộ Bình Dương , Phường Bình Hòa , Hồ Chí Minh",2,,căn hộ,,can-ho
126000000000.0,Diện tích: 114 m²,"Đường Lạc Long Quân , Phường Phú Thượng , Hà Nội",3,,căn hộ,15,can-ho
535000000000.0,Diện tích: 82 m²,"Đường Phúc Lợi , Phường Phúc Lợi , Hà Nội",3,,căn hộ,3,can-ho
75000000000.0,Diện tích: 70 m²,"Phố Hoàng Cầu , Phường Ô Chợ Dừa , Hà Nội",2,,căn hộ,12,can-ho
19000000000.0,Diện tích: 54 m²,"Đường Hoàng Văn Thụ , Phường Quy Nhơn Nam , Gia Lai",2,,căn hộ,1,can-ho
72000000000.0,Diện tích: 70 m²,"Đường Lý Thường Kiệt , Phường Diên Hồng , Hồ Chí Minh",2,,căn hộ,,can-ho
88000000000.0,Diện tích: 63 m²,"Phố Quán Thánh , Phường Ba Đình , Hà Nội",3,,căn hộ,1,can-ho
43000000000.0,Diện tích: 82 m²,"Đường Đống Đa , Phường Phú Xuân , Huế",3,,căn hộ,10,can-ho
66000000000.0,Diện tích: 86 m²,"Phố Gia Thụy , Phường Bồ Đề , Hà Nội",3,,căn hộ,,can-ho
63000000000.0,Diện tích: 65 m²,"Đường Trần Hưng Đạo , Phường An Hải , Đà Nẵng",2,,căn hộ,8,can-ho
63000000000.0,Diện tích: 65 m²,"Đường Trần Hưng Đạo , Phường An Hải , Đà Nẵng",3,,căn hộ,8,can-ho
4138000000000.0,Diện tích: 45 m²,"Đường Nguyễn Công Trứ , Phường An Hải , Đà Nẵng",1,,căn hộ,17,can-ho
73000000.0,Diện tích: 123 m²,"Đường Võ Chí Công , Phường Phú Thượng , Hà Nội",3,,căn hộ,20,can-ho
13000000000.0,Diện tích: 154 m²,"Đường Minh Khai , Phường Bạch Mai , Hà Nội",4,,căn hộ,20,can-ho
74000000000.0,Diện tích: 73 m²,"Đường Kim Giang , Phường Khương Đình , Hà Nội",2,,căn hộ,20,can-ho
870000000.0,Diện tích: 40 m²,"Đường Hùng Vương , Phường Tuy Hòa , Đắk Lắk",,,căn hộ,20,can-ho
150000000.0,Diện tích: 115 m²,"Đường Nguyễn Văn Huyên , Phường Tây Hồ , Hà Nội",3,,căn hộ,15,can-ho
15000000000.0,Diện tích: 50 m²,"Đường 16 tháng 4 , Phường Đông Hải , Khánh Hòa",1,,căn hộ,23,can-ho
84000000000.0,Diện tích: 91 m²,"Đường Lê Văn Thiêm , Phường Thanh Xuân , Hà Nội",2,,căn hộ,15,can-ho
46000000000.0,Diện tích: 76 m²,"Đường Việt Hưng , Phường Việt Hưng , Hà Nội",2,,căn hộ,9,can-ho
4623000000000.0,Diện tích: 67 m²,"Đường Hoàng Quốc Việt , Phường Bãi Cháy , Quảng Ninh",2,,căn hộ,,can-ho
418000000000.0,Diện tích: 70 m²,"Đường Cầu Bươu , Phường Kiến Hưng , Hà Nội",2,,căn hộ,27,can-ho
43000000000.0,Diện tích: 58 m²,"Đường Nguyễn Khánh Toàn , Phường Nghĩa Đô , Hà Nội",2,,căn hộ,6,can-ho
87000000000.0,Diện tích: 105 m²,"Đường Đức Giang , Phường Việt Hưng , Hà Nội",3,,căn hộ,1,can-ho
3999000000000.0,Diện tích: 62 m²,"Đường Lê Văn Duyệt , Phường Sơn Trà , Đà Nẵng",2,,căn hộ,14,can-ho
4039000000000.0,Diện tích: 64 m²,"Đường Trần Hưng Đạo , Phường Sơn Trà , Đà Nẵng",2,,căn hộ,16,can-ho
110000000.0,Diện tích: 67 m²,"Đường Tố Hữu , Phường Thanh Xuân , Hà Nội",2,,căn hộ,1,can-ho
195000000000.0,Diện tích: 120 m²,"Đường Yên Phụ , Phường Ba Đình , Hà Nội",3,,căn hộ,18,can-ho
100000000000.0,Diện tích: 500 m²,"Đường Yên Phụ , Phường Ba Đình , Hà Nội",5,,căn hộ,2,can-ho
102000000000.0,Diện tích: 56 m²,"Đường Giảng Võ , Phường Giảng Võ , Hà Nội",1,,căn hộ,15,can-ho
11000000000.0,Diện tích: 116 m²,"Đường Khuất Duy Tiến , Phường Yên Hòa , Hà Nội",3,,căn hộ,18,can-ho
415000000000.0,Diện tích: 74 m²,"Đường A1 , Phường Tây Nha Trang , Khánh Hòa",2,,căn hộ,10,can-ho
69000000000.0,Diện tích: 70 m²,"Đường Thành Thái , Phường Diên Hồng , Hồ Chí Minh",2,,căn hộ,,can-ho
5000000000.0,Diện tích: 135 m²,"Đường Lê Hồng Phong , Phường Tam Thắng , Hồ Chí Minh",3,,căn hộ,10,can-ho
54000000000.0,Diện tích: 72 m²,"Đường Nguyễn Văn Lộc , Phường Hà Đông , Hà Nội",3,,căn hộ,1,can-ho
36000000000.0,Diện tích: 105 m²,"Đường Lê Hồng Phong , Phường Vũng Tàu , Hồ Chí Minh",2,,căn hộ,,can-ho
42000000000.0,Diện tích: 70 m²,"Đường Bát Khối , Phường Long Biên , Hà Nội",2,,căn hộ,20,can-ho
165000000000.0,Diện tích: 75 m²,"Đường ĐT 741 , Phường Chánh Phú Hòa , Hồ Chí Minh",3,,căn hộ,2,can-ho
75000000000.0,Diện tích: 69 m²,"Phố Hoàng Cầu , Phường Ô Chợ Dừa , Hà Nội",2,,căn hộ,10,can-ho
365000000000.0,Diện tích: 150 m²,"Phố Nhật Chiêu , Phường Tây Hồ , Hà Nội",30,,căn hộ,8,can-ho
59000000000.0,Diện tích: 70 m²,"Phố Đại Từ , Phường Hoàng Liệt , Hà Nội",2,,căn hộ,7,can-ho
23000000000.0,Diện tích: 50 m²,"Đường Lý Thái Tổ , Phường Bình Dương , Hồ Chí Minh",2,,căn hộ,16,can-ho
2000000000.0,Diện tích: 87 m²,"Đường Mai Hắc Đế , Phường Buôn Ma Thuột , Đắk Lắk",3,,căn hộ,,can-ho
35000000000.0,Diện tích: 65 m²,", Phường Hà Đông , Hà Nội",2,,căn hộ,,can-ho
595000000000.0,Diện tích: 81 m²,"Đường Mỹ Đình , Phường Từ Liêm , Hà Nội",3,,căn hộ,13,can-ho
415000000000.0,Diện tích: 70 m²,"Đường 100 , Phường Long Biên , Hà Nội",2,,căn hộ,22,can-ho
68000000000.0,Diện tích: 75 m²,"Đường Hồ Tùng Mậu , Phường Phú Diễn , Hà Nội",2,,căn hộ,8,can-ho
76000000000.0,Diện tích: 72 m²,"Đường số 1 , Phường An Khánh , Hồ Chí Minh",2,,căn hộ,11,can-ho
6000000000.0,Diện tích: 68 m²,"Đường Văn Phú , Phường Kiến Hưng , Hà Nội",2,,căn hộ,1,can-ho
745000000000.0,Diện tích: 75 m²,"Phố Hoàng Cầu , Phường Ô Chợ Dừa , Hà Nội",2,,căn hộ,9,can-ho
438000000000.0,Diện tích: 65 m²,"Phố Tô Hiệu , Phường Nghĩa Đô , Hà Nội",2,,căn hộ,3,can-ho
17000000000.0,Diện tích: 60 m²,"Đường Minh Mạng , Phường Ngũ Hành Sơn , Đà Nẵng",2,,căn hộ,10,can-ho
725000000000.0,Diện tích: 73 m²,"Phố Phạm Ngọc Thạch , Phường Kim Liên , Hà Nội",2,,căn hộ,12,can-ho
525000000000.0,Diện tích: 64 m²,"Đường Trần Điền , Phường Định Công , Hà Nội",2,,căn hộ,12,can-ho
786000000000.0,Diện tích: 82 m²,"Phố Tân Mai , Phường Hoàng Mai , Hà Nội",3,,căn hộ,17,can-ho
67000000000.0,Diện tích: 84 m²,"Đường Đông Quan , Phường Nghĩa Đô , Hà Nội",2,,căn hộ,11,can-ho
299000000000.0,Diện tích: 70 m²,", Phường Nam Nha Trang , Khánh Hòa",2,,căn hộ,11,can-ho
53000000000.0,Diện tích: 60 m²,"Đường Lưu Hữu Phước , Phường Từ Liêm , Hà Nội",2,,căn hộ,1,can-ho
26000000000.0,Diện tích: 60 m²,"Đường Xuân Đỉnh , Phường Xuân Đỉnh , Hà Nội",2,,căn hộ,5,can-ho
625000000000.0,Diện tích: 70 m²,"Đường Minh Khai , Phường Bạch Mai , Hà Nội",2,,căn hộ,1,can-ho
1176000000.0,Diện tích: 81 m²,"Đường Song Hành , Phường An Khánh , Hồ Chí Minh",2,,căn hộ,5,can-ho
975000000000.0,Diện tích: 62 m²,"Đường Lê Văn Lương , Phường Thanh Xuân , Hà Nội",2,,căn hộ,30,can-ho
900000000.0,Diện tích: 58 m²,"Đường Phan Đức , Xã Cần Giờ , Hồ Chí Minh",2,,căn hộ,2,can-ho
2000000000.0,Diện tích: 33 m²,"Đường Phan Đức , Xã Cần Giờ , Hồ Chí Minh",1,,căn hộ,28,can-ho
4000000000.0,Diện tích: 59 m²,"Đường Nguyễn Khánh Toàn , Phường Nghĩa Đô , Hà Nội",2,,căn hộ,5,can-ho
29000000000.0,Diện tích: 81 m²,"Đường Võ Thị Sáu , Phường Trấn Biên , Đồng Nai",2,,căn hộ,1,can-ho
428000000000.0,Diện tích: 120 m²,"Đường Khương Trung , Phường Khương Đình , Hà Nội",4,,căn hộ,3,can-ho
278000000000.0,Diện tích: 255 m²,"Phố Tây Sơn , Phường Đống Đa , Hà Nội",3,,căn hộ,,can-ho
10000000000.0,Diện tích: 119 m²,"Đường Mễ Trì , Phường Từ Liêm , Hà Nội",3,,căn hộ,,can-ho
178000000000.0,Diện tích: 66 m²,"Đường Cách Mạng Tháng 8 , Phường Trấn Biên , Đồng Nai",2,,căn hộ,,can-ho
445000000000.0,Diện tích: 67 m²,"Phố Xốm , Phường Phú Lương , Hà Nội",2,,căn hộ,9,can-ho
24000000000.0,Diện tích: 65 m²,"Đường Trần Hưng Đạo , Phường Quy Nhơn , Gia Lai",2,,căn hộ,29,can-ho
21000000000.0,Diện tích: 55 m²,"Đường Nguyễn Đình Chiểu , Phường Bắc Nha Trang , Khánh Hòa",2,,căn hộ,40,can-ho
72000000000.0,Diện tích: 73 m²,"Phố Phạm Ngọc Thạch , Phường Kim Liên , Hà Nội",2,,căn hộ,25,can-ho
1245000000000.0,Diện tích: 133 m²,"Đường Nguyễn Chí Thanh , Phường Đống Đa , Hà Nội",3,,căn hộ,1,can-ho
1245000000000.0,Diện tích: 133 m²,"Đường Nguyễn Chí Thanh , Phường Đống Đa , Hà Nội",3,,căn hộ,1,can-ho
875000000000.0,Diện tích: 100 m²,"Đường Nguyễn Đức Cảnh , Phường Hoàng Mai , Hà Nội",3,,căn hộ,26,can-ho
15000000000.0,Diện tích: 70 m²,"Đường A1 , Phường Hưng Phú , Cần Thơ",2,,căn hộ,4,can-ho
65000000000.0,Diện tích: 60 m²,"Đường Hoàng Quốc Việt , Phường Nghĩa Đô , Hà Nội",2,,căn hộ,,can-ho
209000000.0,Diện tích: 51 m²,"Đường Lê Thanh Nghị , Phường Phố Hiến , Hưng Yên",1,,căn hộ,19,can-ho
239000000000.0,Diện tích: 61 m²,"Đường Bình Giã , Phường Rạch Dừa , Hồ Chí Minh",2,,căn hộ,16,can-ho
7000000000.0,Diện tích: 75 m²,"Đường Phạm Văn Đồng , Phường Nghĩa Đô , Hà Nội",2,,căn hộ,8,can-ho
85000000000.0,Diện tích: 110 m²,"Đường Phạm Văn Đồng , Phường Đông Ngạc , Hà Nội",4,,căn hộ,12,can-ho
78000000000.0,Diện tích: 77 m²,"Đường Phú Thượng , Phường Phú Thượng , Hà Nội",2,,căn hộ,,can-ho
58000000000.0,Diện tích: 88 m²,"Đường Trần Phú , Phường Hà Đông , Hà Nội",3,,căn hộ,23,can-ho
8000000000.0,Diện tích: 80 m²,"Đường Nguyễn Trãi , Phường Thanh Xuân , Hà Nội",3,,căn hộ,10,can-ho
385000000000.0,Diện tích: 65 m²,"Phố Hoàng Ngọc Phách , Phường Láng , Hà Nội",2,,căn hộ,4,can-ho
389000000000.0,Diện tích: 65 m²,"Đường Phạm Văn Đồng , Phường Nghĩa Đô , Hà Nội",2,,căn hộ,3,can-ho
668000000000.0,Diện tích: 84 m²,"Đường Đông Quan , Phường Nghĩa Đô , Hà Nội",2,,căn hộ,3,can-ho
595000000000.0,Diện tích: 81 m²,"Đường Nhân Mỹ , Phường Từ Liêm , Hà Nội",3,,căn hộ,13,can-ho
59000000000.0,Diện tích: 90 m²,"Đường Hàm Nghi , Phường Từ Liêm , Hà Nội",2,,căn hộ,12,can-ho
56000000000.0,Diện tích: 70 m²,"Đường Cương Kiên , Phường Đại Mỗ , Hà Nội",2,,căn hộ,1,can-ho
9000000000.0,Diện tích: 100 m²,"Phố Trung Kính , Phường Yên Hòa , Hà Nội",2,,căn hộ,20,can-ho
5000000000.0,Diện tích: 84 m²,"Đường Ngọc Thụy , Phường Bồ Đề , Hà Nội",2,,căn hộ,10,can-ho
48000000000.0,Diện tích: 61 m²,"Đường Anh Đào 10 , Phường Bồ Đề , Hà Nội",2,,căn hộ,8,can-ho
54000000000.0,Diện tích: 80 m²,"Đường Trần Thủ Độ , Phường Hoàng Liệt , Hà Nội",2,,căn hộ,12,can-ho
697000000000.0,Diện tích: 80 m²,"Phố Tân Mai , Phường Tương Mai , Hà Nội",2,,căn hộ,11,can-ho
811000000000.0,Diện tích: 86 m²,"Phố Tân Mai , Phường Hoàng Mai , Hà Nội",3,,căn hộ,18,can-ho
635000000000.0,Diện tích: 95 m²,"Phố Tân Mai , Phường Hoàng Mai , Hà Nội",3,,căn hộ,8,can-ho
595000000000.0,Diện tích: 80 m²,"Đường Vĩnh Hoàng , Phường Vĩnh Hưng , Hà Nội",2,,căn hộ,9,can-ho
838000000000.0,Diện tích: 98 m²,"Đường Minh Khai , Phường Bạch Mai , Hà Nội",3,,căn hộ,9,can-ho
272000000000.0,Diện tích: 164 m²,"Đường Hoàng Hoa Thám , Phường Tây Hồ , Hà Nội",2,,căn hộ,8,can-ho
,Diện tích: 65 m²,"Đường Trường Lưu , Phường Long Trường , Hồ Chí Minh",,,căn hộ,,can-ho
14000000000.0,Diện tích: 180 m²,"Đường Nguyễn Hoàng , Phường Từ Liêm , Hà Nội",4,,căn hộ,20,can-ho
115000000000.0,Diện tích: 140 m²,"Đường Phạm Hùng , Phường Yên Hòa , Hà Nội",4,,căn hộ,20,can-ho
29000000000.0,Diện tích: 30 m²,"Đường Võ Nguyên Giáp , Phường An Hải , Đà Nẵng",1,,căn hộ,11,can-ho
14000000000.0,Diện tích: 34 m²,"Đường Minh Mạng , Phường Ngũ Hành Sơn , Đà Nẵng",1,,căn hộ,6,can-ho
98000000000.0,Diện tích: 73 m²,"Đường Võ Chí Công , Phường Tây Hồ , Hà Nội",2,,căn hộ,16,can-ho
13000000000.0,Diện tích: 95 m²,"Đường Xuân Thủy , Phường Cầu Giấy , Hà Nội",3,,căn hộ,18,can-ho
47000000000.0,Diện tích: 67 m²,"Phố Định Công Hạ , Phường Định Công , Hà Nội",2,,căn hộ,12,can-ho
11000000000.0,Diện tích: 140 m²,"Đường Hồ Tùng Mậu , Phường Phú Diễn , Hà Nội",4,,căn hộ,10,can-ho
205000000000.0,Diện tích: 51 m²,"Đường Phan Văn Trị , Phường Hạnh Thông , Hồ Chí Minh",8,,căn hộ,12,can-ho
225000000000.0,Diện tích: 56 m²,"Đường Hoàng Minh Giám , Phường Đức Nhuận , Hồ Chí Minh",2,,căn hộ,9,can-ho
58000000000.0,Diện tích: 86 m²,"Đường Nghiêm Xuân Yêm , Phường Hoàng Liệt , Hà Nội",3,,căn hộ,12,can-ho
449000000000.0,Diện tích: 77 m²,"Đường Linh Đường , Phường Hoàng Liệt , Hà Nội",3,,căn hộ,5,can-ho
105000000000.0,Diện tích: 96 m²,"Đường Hoàng Liệt , Phường Hoàng Liệt , Hà Nội",3,,căn hộ,17,can-ho
88000000000.0,Diện tích: 94 m²,"Đường Xuân Tảo , Phường Nghĩa Đô , Hà Nội",3,,căn hộ,1,can-ho
54000000000.0,Diện tích: 66 m²,"Đường Lê Văn Lương , Phường Thanh Xuân , Hà Nội",2,,căn hộ,1,can-ho
43000000000.0,Diện tích: 73 m²,"Đường Đông Hội , Xã Đông Anh , Hà Nội",2,,căn hộ,1,can-ho
99000000000.0,Diện tích: 110 m²,"Đường Hoàng Đạo Thúy , Phường Thanh Xuân , Hà Nội",3,,căn hộ,1,can-ho
395000000.0,Diện tích: 60 m²,", Xã An Nghĩa , Phú Thọ",,,đất nền,,dat-nen
440000000.0,Diện tích: 52 m²,", Xã Cao Dương , Phú Thọ",,,đất nền,,dat-nen
650000000.0,Diện tích: 92 m²,", Xã Thịnh Minh , Phú Thọ",,,đất nền,,dat-nen
135000000000.0,Diện tích: 30000 m²,", Xã Hợp Kim , Phú Thọ",,,đất nền,,dat-nen
38900000000.0,150 m 2,"Quận Phú Nhuận, TPHCM",15,16,nhà ở,,nha-dat
12680000000.0,38 m 2,"Quận 10, TPHCM",2,2,nhà ở,,nha-dat
50000000000.0,1200 m 2,"Quận 12, TPHCM",0,0,nhà ở,,nha-dat
5600000000.0,62 m 2,"Quận 9 (TP. Thủ Đức), TPHCM",0,0,nhà ở,,nha-dat
3500000000.0,80 m 2,"TP. Biên Hoà, Đồng Nai",0,0,nhà ở,,nha-dat
108000000000.0,225 m 2,"Quận 3, TPHCM",8,8,nhà ở,,nha-dat
2115000000.0,26 m 2,"Quận Tân Bình, TPHCM",2,2,nhà ở,,nha-dat
3900000000.0,68 m 2,"Quận Bình Tân, TPHCM",2,2,căn hộ,,nha-dat
179999000000.0,1020 m 2,"Quận 7, TPHCM",6,6,nhà ở,,nha-dat
35000000000.0,1022 m 2,"Quận 12, TPHCM",0,0,nhà ở,,nha-dat
33900000000.0,65 m 2,"Quận 10, TPHCM",6,7,nhà ở,,nha-dat
11500000000.0,105 m 2,"Quận 9 (TP. Thủ Đức), TPHCM",1,1,nhà ở,,nha-dat
4300000000.0,90 m 2,"TP. Biên Hoà, Đồng Nai",3,2,nhà ở,,nha-dat
135000000000.0,440 m 2,"Quận 3, TPHCM",1,1,nhà ở,,nha-dat
2735000000.0,40 m 2,"Quận Bình Tân, TPHCM",2,2,nhà ở,,nha-dat
25000000000.0,84 m 2,"Quận Phú Nhuận, TPHCM",6,6,nhà ở,,nha-dat
20780000000.0,66 m 2,"Quận 3, TPHCM",5,6,nhà ở,,nha-dat
31000000000.0,1300 m 2,"Quận 12, TPHCM",0,0,nhà ở,,nha-dat
12200000000.0,140 m 2,"Quận 9 (TP. Thủ Đức), TPHCM",5,5,nhà ở,,nha-dat
2500000000.0,100 m 2,"Huyện Vĩnh Cửu, Đồng Nai",3,2,nhà ở,,nha-dat
50000000000.0,146 m 2,"Quận 1, TPHCM",8,8,nhà ở,,nha-dat
2519000000.0,27 m 2,"Quận Gò Vấp, TPHCM",2,2,nhà ở,,nha-dat
120000000000.0,240 m 2,"Quận Tân Bình, TPHCM",8,8,nhà ở,,nha-dat
43800000000.0,128 m 2,"Quận Tân Bình, TPHCM",13,13,nhà ở,,nha-dat
13000000000.0,110 m 2,"Quận 9 (TP. Thủ Đức), TPHCM",1,1,nhà ở,,nha-dat
4000000000.0,81 m 2,"TP. Biên Hoà, Đồng Nai",2,1,nhà ở,,nha-dat
200000000000.0,800 m 2,"Quận 2 (TP. Thủ Đức), TPHCM",10,10,nhà ở,,nha-dat
6355000000.0,44 m 2,"Quận Gò Vấp, TPHCM",5,5,nhà ở,,nha-dat
6000000000.0,100 m 2,"Quận Bình Tân, TPHCM",2,2,nhà ở,,nha-dat
16900000000.0,70 m 2,"Quận 10, TPHCM",7,8,nhà ở,,nha-dat
16800000000.0,64 m 2,"Quận 2 (TP. Thủ Đức), TPHCM",5,5,nhà ở,,nha-dat
24000000000.0,684 m 2,"Quận 12, TPHCM",0,0,nhà ở,,nha-dat
17900000000.0,56 m 2,"Quận 3, TPHCM",4,4,nhà ở,,nha-dat
7900000000.0,115 m 2,"Quận 9 (TP. Thủ Đức), TPHCM",0,0,nhà ở,,nha-dat
6500000000.0,81 m 2,"TP. Biên Hoà, Đồng Nai",4,3,nhà ở,,nha-dat
215000000000.0,430 m 2,"Quận 3, TPHCM",2,2,nhà ở,,nha-dat
2975000000.0,36 m 2,"Quận Gò Vấp, TPHCM",2,2,nhà ở,,nha-dat
2800000000.0,68 m 2,"Quận Bình Tân, TPHCM",1,1,căn hộ,,nha-dat
88000000000.0,475 m 2,"Quận Bình Thạnh, TPHCM",5,5,nhà ở,,nha-dat
23000000000.0,96 m 2,"Quận 2 (TP. Thủ Đức), TPHCM",1,1,nhà phố,,nha-dat
36500000000.0,100 m 2,"Quận Tân Bình, TPHCM",5,5,nhà ở,,nha-dat
7500000000.0,72 m 2,"Quận 9 (TP. Thủ Đức), TPHCM",0,0,nhà ở,,nha-dat
1400000000000.0,10 m 2,"Quận 2 (TP. Thủ Đức), TPHCM",0,0,nhà ở,,nha-dat
195000000000.0,839 m 2,"TP. Biên Hoà, Đồng Nai",6,3,nhà ở,,nha-dat
1329000000.0,21 m 2,"Quận 12, TPHCM",2,2,nhà ở,,nha-dat
39000000000.0,120 m 2,"Quận 3, TPHCM",6,6,nhà ở,,nha-dat
135000000000.0,14757 m 2,"Huyện Hóc Môn, TPHCM",0,0,nhà ở,,nha-dat
6200000000.0,64 m 2,"Quận 9 (TP. Thủ Đức), TPHCM",4,4,nhà ở,,nha-dat
5200000000.0,468 m 2,"Huyện Thống Nhất, Đồng Nai",0,0,nhà ở,,nha-dat
1450000000000.0,494 m 2,"Quận 1, TPHCM",100,100,nhà ở,,nha-dat
4500000000.0,69 m 2,"Quận 5, TPHCM",2,1,căn hộ,,nha-dat
3725000000.0,40 m 2,"Quận 12, TPHCM",3,3,nhà ở,,nha-dat
31900000000.0,110 m 2,"Quận 3, TPHCM",3,3,nhà ở,,nha-dat
39000000000.0,184 m 2,"Quận 2 (TP. Thủ Đức), TPHCM",0,0,nhà ở,,nha-dat
1700000000000.0,440 m 2,"Quận 1, TPHCM",100,100,nhà ở,,nha-dat
3800000000.0,100 m 2,"TP. Biên Hoà, Đồng Nai",0,0,nhà ở,,nha-dat
3400000000.0,80 m 2,"Quận Bình Tân, TPHCM",3,2,căn hộ,,nha-dat
2419000000.0,30 m 2,"Quận 8, TPHCM",3,3,nhà ở,,nha-dat
70000000000.0,230 m 2,"Quận 3, TPHCM",3,3,nhà ở,,nha-dat
46000000000.0,1200 m 2,"Quận 12, TPHCM",0,0,nhà ở,,nha-dat
10000000000.0,86 m 2,"Quận 9 (TP. Thủ Đức), TPHCM",0,0,nhà ở,,nha-dat
900000000000.0,1006 m 2,"Quận 1, TPHCM",15,15,nhà ở,,nha-dat
3700000000.0,59 m 2,"Quận 3, TPHCM",1,1,căn hộ,,nha-dat
2739000000.0,30 m 2,"Quận 8, TPHCM",2,2,nhà ở,,nha-dat
249000000000.0,435 m 2,"Quận 3, TPHCM",3,3,nhà ở,,nha-dat
33500000000.0,130 m 2,"Quận 2 (TP. Thủ Đức), TPHCM",5,5,nhà ở,,nha-dat
7400000000.0,160 m 2,"Quận 12, TPHCM",0,0,nhà ở,,nha-dat
8000000000.0,155 m 2,"Quận 9 (TP. Thủ Đức), TPHCM",0,0,nhà ở,,nha-dat
5900000000.0,200 m 2,"TP. Biên Hoà, Đồng Nai",2,2,nhà ở,,nha-dat
1150000000000.0,1 m 2,"Quận 3, TPHCM",12,12,nhà ở,,nha-dat
1315000000.0,19 m 2,"Quận 7, TPHCM",2,2,nhà ở,,nha-dat
60000000000.0,168 m 2,"Quận 1, TPHCM",5,5,nhà ở,,nha-dat
324000000000.0,1200 m 2,"Quận 2 (TP. Thủ Đức), TPHCM",0,0,đất nền,,nha-dat
260000000000.0,500 m 2,"Quận 3, TPHCM",12,12,nhà ở,,nha-dat
5000000000.0,90 m 2,"Quận Tân Phú, TPHCM",3,2,căn hộ,,nha-dat
2725000000.0,36 m 2,"Quận Gò Vấp, TPHCM",2,2,nhà ở,,nha-dat
129000000000.0,145 m 2,"Quận 1, TPHCM",7,7,nhà ở,,nha-dat
13500000000.0,188 m 2,"TP. Biên Hoà, Đồng Nai",3,2,nhà ở,,nha-dat
4750000000.0,86 m 2,"Quận Tân Phú, TPHCM",3,2,căn hộ,,nha-dat
2965000000.0,40 m 2,"Quận Gò Vấp, TPHCM",2,2,nhà ở,,nha-dat
40000000000.0,75 m 2,"Quận 3, TPHCM",5,5,nhà ở,,nha-dat
42000000000.0,1000 m 2,"Quận Thủ Đức (TP. Thủ Đức), TPHCM",0,0,biệt thự,,nha-dat
6800000000.0,90 m 2,"TP. Biên Hoà, Đồng Nai",0,0,nhà ở,,nha-dat
330000000000.0,968 m 2,"Quận 2 (TP. Thủ Đức), TPHCM",2,2,nhà ở,,nha-dat
3900000000.0,61 m 2,"Quận Tân Bình, TPHCM",2,2,căn hộ,,nha-dat
1890000000.0,15 m 2,"Quận Gò Vấp, TPHCM",2,2,nhà ở,,nha-dat
24500000000.0,82 m 2,"Quận 1, TPHCM",2,2,nhà ở,,nha-dat
65000000000.0,1700 m 2,"Quận 12, TPHCM",0,0,đất nền,,nha-dat
65000000000.0,249 m 2,"Quận 1, TPHCM",24,24,nhà ở,,nha-dat
3300000000.0,55 m 2,"TP. Biên Hoà, Đồng Nai",3,2,nhà ở,,nha-dat
5250000000.0,65 m 2,"Quận Tân Bình, TPHCM",2,2,căn hộ,,nha-dat
2380000000.0,23 m 2,"Quận Gò Vấp, TPHCM",0,0,nhà ở,,nha-dat
20000000000.0,64 m 2,"Quận 10, TPHCM",6,6,nhà ở,,nha-dat
27500000000.0,280 m 2,"TP. Biên Hoà, Đồng Nai",0,0,nhà ở,,nha-dat
248000000000.0,2 m 2,"Quận 2 (TP. Thủ Đức), TPHCM",0,0,nhà ở,,nha-dat
4450000000.0,90 m 2,"Quận Tân Bình, TPHCM",2,2,căn hộ,,nha-dat
1635000000.0,8 m 2,"Quận Gò Vấp, TPHCM",2,2,nhà ở,,nha-dat
23000000000.0,356 m 2,"Quận Bình Thạnh, TPHCM",3,3,nhà ở,,nha-dat
28500000000.0,228 m 2,"Quận Bình Tân, TPHCM",43,43,nhà ở,,nha-dat
60000000000.0,130 m 2,"Quận 3, TPHCM",7,7,nhà ở,,nha-dat
5500000000.0,242 m 2,"TP. Biên Hoà, Đồng Nai",0,0,nhà ở,,nha-dat
2700000000.0,70 m 2,"Quận Bình Tân, TPHCM",2,2,căn hộ,,nha-dat
1025000000.0,16 m 2,"Huyện Nhà Bè, TPHCM",2,3,nhà ở,,nha-dat
30900000000.0,230 m 2,"Quận Bình Thạnh, TPHCM",7,7,nhà ở,,nha-dat
125000000000.0,127 m 2,"Quận 3, TPHCM",6,6,nhà ở,,nha-dat
3880000000.0,83 m 2,"Quận Bình Tân, TPHCM",3,2,căn hộ,,nha-dat
4015000000.0,60 m 2,"Quận 7, TPHCM",4,4,nhà ở,,nha-dat
59900000000.0,200 m 2,"Quận 1, TPHCM",3,3,nhà ở,,nha-dat
14000000000.0,100 m 2,"Quận 2 (TP. Thủ Đức), TPHCM",4,4,nhà ở,,nha-dat
4500000000.0,70 m 2,"TP. Biên Hoà, Đồng Nai",5,3,nhà ở,,nha-dat
115000000000.0,195 m 2,"Quận 3, TPHCM",4,4,nhà ở,,nha-dat
3000000000.0,56 m 2,"Quận Tân Bình, TPHCM",2,1,căn hộ,,nha-dat
3225000000.0,35 m 2,"Quận 8, TPHCM",3,2,nhà ở,,nha-dat
47900000000.0,240 m 2,"Quận Bình Thạnh, TPHCM",5,5,nhà ở,,nha-dat
17500000000.0,61 m 2,"Quận 2 (TP. Thủ Đức), TPHCM",4,3,nhà phố,,nha-dat
67000000000.0,210 m 2,"Quận 3, TPHCM",2,2,nhà ở,,nha-dat
4600000000.0,172 m 2,"TP. Biên Hoà, Đồng Nai",3,1,nhà ở,,nha-dat
3950000000.0,69 m 2,"Quận Tân Bình, TPHCM",2,2,căn hộ,,nha-dat
3600000000.0,16 m 2,"Quận Ba Đình, Hà Nội",2,2,nhà ở,,nha-dat
2965000000.0,31 m 2,"Quận Phú Nhuận, TPHCM",3,0,nhà ở,,nha-dat
17500000000.0,90 m 2,"Quận Bình Thạnh, TPHCM",12,12,nhà ở,,nha-dat
95000000000.0,300 m 2,"Quận 3, TPHCM",8,8,nhà ở,,nha-dat
5200000000.0,1000 m 2,"Huyện Vĩnh Cửu, Đồng Nai",0,0,nhà ở,,nha-dat
59600000000.0,114 m 2,"Quận Hai Bà Trưng, Hà Nội",6,6,nhà ở,,nha-dat
4500000000.0,80 m 2,"Quận Tân Phú, TPHCM",3,2,căn hộ,,nha-dat
3915000000.0,38 m 2,"Quận Bình Thạnh, TPHCM",4,3,nhà ở,,nha-dat
25000000000.0,88 m 2,"Quận 3, TPHCM",6,6,nhà ở,,nha-dat
88000000000.0,150 m 2,"Quận 1, TPHCM",4,4,nhà ở,,nha-dat
22000000000.0,25 m 2,"Quận Đống Đa, Hà Nội",4,5,nhà ở,,nha-dat
2460000000.0,38 m 2,"Huyện Bình Chánh, TPHCM",2,2,nhà ở,,nha-dat
25500000000.0,74 m 2,"Quận 1, TPHCM",5,5,nhà ở,,nha-dat
150000000000.0,3550 m 2,"Quận 12, TPHCM",4,6,nhà ở,,nha-dat
68000000000.0,1450 m 2,"TP. Biên Hoà, Đồng Nai",5,3,nhà ở,,nha-dat
62000000000.0,144 m 2,"Quận 1, TPHCM",2,2,nhà ở,,nha-dat
4600000000.0,60 m 2,"Quận Đống Đa, Hà Nội",2,1,nhà ở,,nha-dat
4900000000.0,91 m 2,"Quận Tân Phú, TPHCM",3,2,căn hộ,,nha-dat
1375000000.0,24 m 2,"Quận Gò Vấp, TPHCM",2,2,nhà ở,,nha-dat
750000000000.0,951 m 2,"Quận 3, TPHCM",3,3,nhà ở,,nha-dat
103000000000.0,406 m 2,"Quận 2 (TP. Thủ Đức), TPHCM",0,0,nhà ở,,nha-dat
160000000000.0,400 m 2,"Quận 3, TPHCM",4,4,nhà ở,,nha-dat
4000000000.0,83 m 2,"Quận Tân Phú, TPHCM",2,2,căn hộ,,nha-dat
2415000000.0,24 m 2,"Quận Gò Vấp, TPHCM",2,2,nhà ở,,nha-dat
20000000000.0,110 m 2,"Quận Bình Thạnh, TPHCM",1,1,nhà ở,,nha-dat
2300000000.0,30 m 2,"Quận Phú Nhuận, TPHCM",4,5,nhà ở,,nha-dat
150000000000.0,240 m 2,"Quận 1, TPHCM",4,4,nhà ở,,nha-dat
3100000000.0,141 m 2,"TP. Biên Hoà, Đồng Nai",3,1,nhà ở,,nha-dat
5300000000.0,72 m 2,"Quận Tân Bình, TPHCM",1,2,nhà ở,,nha-dat
2115000000.0,24 m 2,"Quận Gò Vấp, TPHCM",2,2,nhà ở,,nha-dat
150000000000.0,260 m 2,"Quận Tân Bình, TPHCM",7,7,nhà ở,,nha-dat
199000000000.0,400 m 2,"Quận 3, TPHCM",3,3,nhà ở,,nha-dat
6700000000.0,1608 m 2,"Huyện Vĩnh Cửu, Đồng Nai",0,0,nhà ở,,nha-dat
5780000000.0,86 m 2,"Quận Tân Bình, TPHCM",2,2,căn hộ,,nha-dat
2835000000.0,36 m 2,"Quận 7, TPHCM",2,2,nhà ở,,nha-dat
85000000000.0,220 m 2,"Quận 3, TPHCM",3,3,nhà ở,,nha-dat
46500000000.0,1250 m 2,"Quận 12, TPHCM",0,0,nhà ở,,nha-dat
4650000000.0,85 m 2,"Quận Tân Phú, TPHCM",2,2,căn hộ,,nha-dat
5962000000.0,46 m 2,"Quận Bình Thạnh, TPHCM",3,3,nhà ở,,nha-dat
27000000000.0,100 m 2,"Quận Gò Vấp, TPHCM",6,5,nhà ở,,nha-dat
36000000000.0,160 m 2,"Quận Bình Thạnh, TPHCM",1,1,nhà ở,,nha-dat
54999000000.0,200 m 2,"Quận 2 (TP. Thủ Đức), TPHCM",4,4,biệt thự,,nha-dat
155000000000.0,5500 m 2,"Huyện Hóc Môn, TPHCM",0,0,nhà ở,,nha-dat
4980000000.0,94 m 2,"Quận Tân Phú, TPHCM",3,2,căn hộ,,nha-dat
1995000000.0,24 m 2,"Quận 8, TPHCM",1,2,nhà ở,,nha-dat
20000000000.0,122 m 2,"Quận Gò Vấp, TPHCM",5,4,nhà ở,,nha-dat
25000000000.0,122 m 2,"Quận 10, TPHCM",3,2,nhà ở,,nha-dat
31000000000.0,104 m 2,"Quận 2 (TP. Thủ Đức), TPHCM",11,11,căn hộ,,nha-dat
35000000000.0,1237 m 2,"Quận 12, TPHCM",0,0,nhà ở,,nha-dat
3400000000.0,93 m 2,"TP. Biên Hoà, Đồng Nai",0,0,nhà ở,,nha-dat
1800000000000.0,1 m 2,"Quận 1, TPHCM",21,21,nhà ở,,nha-dat
3900000000.0,64 m 2,"Quận 11, TPHCM",2,2,căn hộ,,nha-dat
3250000000.0,34 m 2,"Quận Bình Tân, TPHCM",4,4,nhà ở,,nha-dat
1750000000.0,72 m 2,"TP. Biên Hoà, Đồng Nai",0,0,nhà ở,,nha-dat
4380000000.0,89 m 2,"Quận Tân Phú, TPHCM",3,2,căn hộ,,nha-dat
3420000000.0,41 m 2,"Quận Bình Thạnh, TPHCM",3,3,nhà ở,,nha-dat
13500000000.0,68 m 2,"Quận Tân Bình, TPHCM",4,4,nhà ở,,nha-dat
61900000000.0,340 m 2,"Quận 1, TPHCM",5,5,nhà ở,,nha-dat
35000000000.0,115 m 2,"Quận 2 (TP. Thủ Đức), TPHCM",4,4,biệt thự,,nha-dat
5600000000.0,120 m 2,"TP. Biên Hoà, Đồng Nai",2,1,nhà ở,,nha-dat
280000000000.0,815 m 2,"Quận 3, TPHCM",3,3,nhà ở,,nha-dat
3350000000.0,65 m 2,"Quận Tân Bình, TPHCM",2,2,căn hộ,,nha-dat
2855000000.0,30 m 2,"Quận Tân Bình, TPHCM",2,2,nhà ở,,nha-dat
29900000000.0,169 m 2,"Quận Gò Vấp, TPHCM",30,30,nhà ở,,nha-dat
26500000000.0,188 m 2,"Quận Bình Thạnh, TPHCM",2,2,nhà ở,,nha-dat
1000000000000.0,3400 m 2,"Quận 2 (TP. Thủ Đức), TPHCM",5,5,biệt thự,,nha-dat
80000000000.0,270 m 2,"TP. Biên Hoà, Đồng Nai",2,2,nhà ở,,nha-dat
3900000000.0,87 m 2,"Quận Tân Bình, TPHCM",2,2,căn hộ,,nha-dat
980000000.0,100 m 2,"Quận 7, TPHCM",3,2,căn hộ,,can-ho
1970000000.0,81 m 2,"Quận 2 (TP. Thủ Đức), TPHCM",2,2,căn hộ,,can-ho
2010000000.0,50 m 2,"Quận Gò Vấp, TPHCM",2,2,căn hộ,,can-ho
2223000000.0,57 m 2,"TP. Biên Hoà, Đồng Nai",2,2,căn hộ,,can-ho
1960000000.0,49 m 2,"Quận Gò Vấp, TPHCM",2,0,căn hộ,,can-ho
3150000000.0,88 m 2,"Quận Bình Thạnh, TPHCM",2,2,căn hộ,,can-ho
1810000000.0,45 m 2,"Quận Phú Nhuận, TPHCM",2,2,căn hộ,,can-ho
19500000000.0,136 m 2,"Quận 2 (TP. Thủ Đức), TPHCM",1,1,nhà ở,,nha-dat
6500000000.0,50 m 2,"Quận 9 (TP. Thủ Đức), TPHCM",2,2,nhà ở,,nha-dat
18600000000.0,110 m 2,"Quận 7, TPHCM",5,5,nhà ở,,nha-dat
120000000000.0,300 m 2,"Quận 3, TPHCM",8,8,nhà ở,,nha-dat
5040000000.0,1200 m 2,"Huyện Vĩnh Cửu, Đồng Nai",0,0,nhà ở,,nha-dat
3865000000.0,40 m 2,"Quận Gò Vấp, TPHCM",3,4,nhà ở,,nha-dat
13980000000.0,53 m 2,"Quận Tân Bình, TPHCM",5,5,nhà ở,,nha-dat
6800000000.0,68 m 2,"Quận 9 (TP. Thủ Đức), TPHCM",8,8,nhà ở,,nha-dat
21000000000.0,345 m 2,"TP. Biên Hoà, Đồng Nai",3,4,nhà ở,,nha-dat
160000000000.0,252 m 2,"Quận 3, TPHCM",11,11,nhà ở,,nha-dat
21500000000.0,120 m 2,"Quận 7, TPHCM",3,3,nhà ở,,nha-dat
2950000000.0,46 m 2,"Quận Gò Vấp, TPHCM",3,4,nhà ở,,nha-dat
36000000000.0,120 m 2,"Quận 1, TPHCM",3,3,nhà ở,,nha-dat
13120000000.0,62 m 2,"Quận Tân Bình, TPHCM",4,4,nhà ở,,nha-dat
26800000000.0,171 m 2,"Quận Tân Bình, TPHCM",36,36,căn hộ,,nha-dat
6600000000.0,65 m 2,"Quận 9 (TP. Thủ Đức), TPHCM",0,0,nhà ở,,nha-dat
11800000000.0,204 m 2,"TP. Biên Hoà, Đồng Nai",4,4,nhà ở,,nha-dat
60000000000.0,135 m 2,"Quận 3, TPHCM",2,2,nhà ở,,nha-dat
23900000000.0,136 m 2,"Quận 7, TPHCM",6,6,nhà ở,,nha-dat
3350000000.0,36 m 2,"Quận Bình Thạnh, TPHCM",3,3,nhà ở,,nha-dat
55000000000.0,220 m 2,"Quận 10, TPHCM",5,5,nhà ở,,nha-dat
17790000000.0,108 m 2,"Quận Tân Phú, TPHCM",5,5,nhà ở,,nha-dat
4800000000.0,54 m 2,"Quận 9 (TP. Thủ Đức), TPHCM",2,2,nhà ở,,nha-dat
42500000000.0,624 m 2,"Huyện Nhà Bè, TPHCM",4,4,biệt thự,,nha-dat
350000000000.0,400 m 2,"Quận 1, TPHCM",10,10,nhà ở,,nha-dat
4250000000.0,39 m 2,"Quận Bình Thạnh, TPHCM",4,4,nhà ở,,nha-dat
23300000000.0,86 m 2,"Quận 1, TPHCM",3,3,nhà ở,,nha-dat
19860000000.0,112 m 2,"Quận 11, TPHCM",5,4,nhà ở,,nha-dat
4550000000.0,64 m 2,"Quận 9 (TP. Thủ Đức), TPHCM",0,0,nhà ở,,nha-dat
13000000000.0,900 m 2,"Huyện Vĩnh Cửu, Đồng Nai",2,2,nhà ở,,nha-dat
175000000000.0,183 m 2,"Quận 1, TPHCM",9,9,nhà ở,,nha-dat
6700000000.0,200 m 2,"Huyện Nhà Bè, TPHCM",0,0,nhà ở,,nha-dat
3872000000.0,41 m 2,"Quận Gò Vấp, TPHCM",2,2,nhà ở,,nha-dat
39000000000.0,180 m 2,"Quận 3, TPHCM",6,6,nhà ở,,nha-dat
12500000000.0,66 m 2,"Quận 2 (TP. Thủ Đức), TPHCM",0,0,đất nền,,nha-dat
15880000000.0,46 m 2,"Quận 10, TPHCM",2,1,nhà ở,,nha-dat
16900000000.0,264 m 2,"Quận 9 (TP. Thủ Đức), TPHCM",29,29,nhà ở,,nha-dat
86000000000.0,208 m 2,"Quận 3, TPHCM",3,3,nhà ở,,nha-dat
3415000000.0,32 m 2,"Quận Gò Vấp, TPHCM",3,3,nhà ở,,nha-dat
2260000000.0,45 m 2,"Quận 8, TPHCM",2,1,nhà ở,,nha-dat
17500000000.0,120 m 2,"Quận Bình Thạnh, TPHCM",6,7,nhà ở,,nha-dat
32000000000.0,80 m 2,"Quận 1, TPHCM",6,6,nhà ở,,nha-dat
105000000000.0,375 m 2,"Quận 2 (TP. Thủ Đức), TPHCM",5,5,nhà ở,,nha-dat
46800000000.0,275 m 2,"Quận Gò Vấp, TPHCM",7,7,biệt thự,,biet-thu
27000000000.0,200 m 2,"Quận Bình Tân, TPHCM",5,5,biệt thự,,biet-thu
32000000000.0,230 m 2,"Quận Gò Vấp, TPHCM",7,8,biệt thự,,biet-thu
32000000000.0,195 m 2,"TP. Biên Hoà, Đồng Nai",5,6,biệt thự,,biet-thu
14500000000.0,102 m 2,"Quận Bình Tân, TPHCM",5,4,biệt thự,,biet-thu
9500000000.0,200 m 2,"TP. Biên Hoà, Đồng Nai",4,4,biệt thự,,biet-thu
,100 m 2,"Quận Tây Hồ, Hà Nội",8,10,biệt thự,,biet-thu
,235 m 2,"Quận Bắc Từ Liêm, Hà Nội",4,5,biệt thự,,biet-thu
,153 m 2,"Quận Cầu Giấy, Hà Nội",16,18,biệt thự,,biet-thu
,83 m 2,"Quận Ba Đình, Hà Nội",4,4,biệt thự,,biet-thu
,5 m 2,"Huyện Cần Giuộc, Long An",0,0,đất nền,,dat-nen
21900000000.0,83 m 2,"Quận 3, TPHCM",6,6,nhà hẻm,,nha-pho
26390000000.0,61 m 2,"Quận Phú Nhuận, TPHCM",4,4,nhà phố,,nha-pho
3300000000.0,63 m 2,"Quận Gò Vấp, TPHCM",2,2,nhà phố,,nha-pho
13150000000.0,234 m 2,"Quận 9 (TP. Thủ Đức), TPHCM",0,0,nhà phố,,nha-pho
12900000000.0,125 m 2,"Quận 7, TPHCM",8,8,nhà phố,,nha-pho
6800000000.0,180 m 2,"TP. Biên Hoà, Đồng Nai",2,1,căn hộ,,nha-pho
255000000000.0,390 m 2,"Quận 1, TPHCM",1,1,đất nền,,nha-pho
2615000000.0,44 m 2,"Quận 8, TPHCM",4,3,nhà phố,,nha-pho
40000000000.0,188 m 2,"Quận Bình Thạnh, TPHCM",3,3,nhà phố,,nha-pho
38000000000.0,200 m 2,"Quận 2 (TP. Thủ Đức), TPHCM",7,7,nhà phố,,nha-pho
15410000000.0,55 m 2,"Quận Tân Bình, TPHCM",5,4,nhà phố,,nha-pho
5550000000.0,60 m 2,"Quận Gò Vấp, TPHCM",2,1,nhà phố,,nha-pho
4650000000.0,58 m 2,"Quận 9 (TP. Thủ Đức), TPHCM",0,0,nhà phố,,nha-pho
105000000000.0,232 m 2,"Quận 1, TPHCM",39,40,nhà phố,,nha-pho
17500000000.0,100 m 2,"Quận 7, TPHCM",4,5,nhà phố,,nha-pho
1680000000.0,66 m 2,"TP. Biên Hoà, Đồng Nai",2,2,căn hộ,,nha-pho
3725000000.0,1 m 2,"Quận Gò Vấp, TPHCM",0,0,nhà phố,,nha-pho
125000000000.0,240 m 2,"Quận 1, TPHCM",5,6,nhà phố,,nha-pho
12380000000.0,100 m 2,"Quận Tân Phú, TPHCM",3,3,biệt thự,,nha-pho
4800000000.0,81 m 2,"Quận 9 (TP. Thủ Đức), TPHCM",0,0,nhà phố,,nha-pho
11500000000.0,140 m 2,"Quận 7, TPHCM",8,8,nhà phố,,nha-pho
160000000000.0,148 m 2,"Quận 1, TPHCM",10,10,nhà phố,,nha-pho
1640000000.0,32 m 2,"Quận Gò Vấp, TPHCM",0,0,nhà phố,,nha-pho
650000000000.0,220 m 2,"Quận 3, TPHCM",5,5,nhà phố,,nha-pho
14800000000.0,94 m 2,"Quận Tân Bình, TPHCM",4,4,nhà phố,,nha-pho
12500000000.0,178 m 2,"Quận 9 (TP. Thủ Đức), TPHCM",0,0,căn hộ,,nha-pho
13500000000.0,105 m 2,"Quận 7, TPHCM",6,6,nhà phố,,nha-pho
115000000000.0,300 m 2,"Quận 1, TPHCM",5,5,nhà phố,,nha-pho
2795000000.0,31 m 2,"Quận Gò Vấp, TPHCM",2,2,nhà phố,,nha-pho
,75 m2,"huyện Gia Lâm,  Hà Nội",,,nhà ở,,nha-dat
,72 m2,"Quận 5,  TP Hồ Chí Minh",,,căn hộ,,nha-dat
0,45 m2,"huyện Gia Lâm,  TP Hà Nội",,,căn hộ,,nha-dat
,80m2,"Huyện Văn Giang, Hưng Yên",10,,căn hộ,,can-ho
,60m²,"Nam Từ Liêm,  Hà Nội",,,căn hộ,,can-ho
,250m2,"quận Long Biên,  thành phố Hà Nội",,,biệt thự,,can-ho
,250m2,"quận Long Biên,  thành phố Hà Nội",,,căn hộ,,can-ho
,300m2,"Quận Cầu Giấy,  Hà Nội",,,biệt thự,,can-ho
,70m2,"Quận Tây Hồ,  Hà Nội",,,nhà phố,,nha-pho
265000000.0,Diện tích: 70 m²,", Xã An Bình , Phú Thọ",,,đất nền,,nha-dat
31000000000.0,Diện tích: 95 m²,"Đường Phan Tôn , Phường Ngũ Hành Sơn , Đà Nẵng",3,,nhà ở,3,nha-dat
249000000000.0,Diện tích: 75 m²,"Đường Nguyễn Văn Trỗi , Phường Phú Nhuận , Hồ Chí Minh",14,,nhà ở,8,nha-dat
12000000000.0,Diện tích: 55 m²,"Đường Tỉnh lộ 10 , Xã Đức Hòa , Tây Ninh",2,,căn hộ,,can-ho
47900000000.0,110 m 2,"Quận 1, TPHCM",14,14,nhà ở,,nha-dat
17450000000.0,60 m 2,"Quận Tân Bình, TPHCM",5,4,nhà ở,,nha-dat
9000000000.0,77 m 2,"Quận Gò Vấp, TPHCM",4,5,nhà ở,,nha-dat
12500000000.0,161 m 2,"Quận 7, TPHCM",3,3,nhà ở,,nha-dat
5900000000.0,89 m 2,"TP. Biên Hoà, Đồng Nai",5,4,nhà ở,,nha-dat
2750000000.0,24 m 2,"Quận Tân Bình, TPHCM",2,2,nhà ở,,nha-dat
64000000000.0,430 m 2,"Quận Bình Thạnh, TPHCM",3,3,nhà ở,,nha-dat
11120000000.0,51 m 2,"Quận 10, TPHCM",3,4,nhà ở,,nha-dat
23500000000.0,90 m 2,"Quận Gò Vấp, TPHCM",2,2,nhà ở,,nha-dat
6700000000.0,82 m 2,"Quận 9 (TP. Thủ Đức), TPHCM",1,1,nhà ở,,nha-dat
13600000000.0,73 m 2,"Quận Tân Bình, TPHCM",4,4,nhà ở,,nha-dat
4850000000.0,40 m 2,"Quận Gò Vấp, TPHCM",2,2,nhà hẻm,,nha-dat
7000000000.0,100 m 2,"Quận 9 (TP. Thủ Đức), TPHCM",0,0,nhà ở,,nha-dat
23500000000.0,160 m 2,"Quận 7, TPHCM",2,2,nhà ở,,nha-dat
3200000000.0,72 m 2,"TP. Biên Hoà, Đồng Nai",0,0,nhà ở,,nha-dat
100000000000.0,253 m 2,"Quận 3, TPHCM",5,5,nhà ở,,nha-dat
2290000000.0,15 m 2,"Quận Gò Vấp, TPHCM",2,3,nhà ở,,nha-dat
92000000000.0,470 m 2,"Quận Bình Thạnh, TPHCM",3,2,nhà ở,,nha-dat
15500000000.0,122 m 2,"Quận 10, TPHCM",0,0,nhà ở,,nha-dat
6450000000.0,82 m 2,"Quận Gò Vấp, TPHCM",4,4,nhà ở,,nha-dat
7300000000.0,83 m 2,"Quận 9 (TP. Thủ Đức), TPHCM",0,0,nhà ở,,nha-dat
1600000000.0,138 m 2,"Huyện Vĩnh Cửu, Đồng Nai",0,0,nhà ở,,nha-dat
90000000000.0,216 m 2,"Quận 3, TPHCM",5,5,nhà ở,,nha-dat
1575000000.0,18 m 2,"Quận 7, TPHCM",2,2,nhà ở,,nha-dat
90000000000.0,410 m 2,"Quận Bình Thạnh, TPHCM",5,6,nhà ở,,nha-dat
11000000000.0,65 m 2,"Quận 2 (TP. Thủ Đức), TPHCM",4,4,nhà ở,,nha-dat
14500000000.0,33 m 2,"Quận Phú Nhuận, TPHCM",3,4,nhà ở,,nha-dat
13790000000.0,72 m 2,"Quận Tân Bình, TPHCM",4,4,nhà ở,,nha-dat
5500000000.0,96 m 2,"Quận 9 (TP. Thủ Đức), TPHCM",0,0,nhà ở,,nha-dat
21900000000.0,220 m 2,"Quận 7, TPHCM",10,10,nhà ở,,nha-dat
3200000000.0,45 m 2,"TP. Biên Hoà, Đồng Nai",1,1,nhà ở,,nha-dat
112000000000.0,200 m 2,"Quận 3, TPHCM",7,7,nhà ở,,nha-dat
4015000000.0,55 m 2,"Quận 12, TPHCM",5,5,nhà ở,,nha-dat
3600000000.0,72 m 2,"Quận 12, TPHCM",2,2,căn hộ,,nha-dat
2205000000.0,49 m 2,"Quận Gò Vấp, TPHCM",2,2,căn hộ,,nha-dat
90000000000.0,250 m 2,"Quận Phú Nhuận, TPHCM",3,3,nhà ở,,nha-dat
11680000000.0,53 m 2,"Quận 10, TPHCM",6,7,nhà ở,,nha-dat
4350000000.0,34 m 2,"Quận Gò Vấp, TPHCM",3,4,nhà ở,,nha-dat
8900000000.0,86 m 2,"Quận 9 (TP. Thủ Đức), TPHCM",8,8,căn hộ,,nha-dat
2800000000.0,88 m 2,"TP. Biên Hoà, Đồng Nai",2,2,nhà ở,,nha-dat
75000000000.0,203 m 2,"Quận 3, TPHCM",8,8,nhà ở,,nha-dat
28500000000.0,250 m 2,"Huyện Nhà Bè, TPHCM",50,50,nhà ở,,nha-dat
2810000000.0,36 m 2,"Quận Bình Thạnh, TPHCM",3,3,nhà ở,,nha-dat
1200000000.0,48 m 2,"Quận 12, TPHCM",1,1,căn hộ,,nha-dat
2070000000.0,46 m 2,"Quận Gò Vấp, TPHCM",2,1,căn hộ,,nha-dat
220000000000.0,153 m 2,"Quận 1, TPHCM",60,61,nhà ở,,nha-dat
35600000000.0,58 m 2,"Quận 3, TPHCM",7,7,nhà ở,,nha-dat
7900000000.0,65 m 2,"Quận Gò Vấp, TPHCM",5,6,nhà ở,,nha-dat
5380000000.0,54 m 2,"Quận 9 (TP. Thủ Đức), TPHCM",0,0,nhà ở,,nha-dat
26900000000.0,530 m 2,"Huyện Nhà Bè, TPHCM",0,0,nhà ở,,nha-dat
190000000000.0,268 m 2,"Quận 3, TPHCM",8,8,nhà ở,,nha-dat
3680000000.0,40 m 2,"Quận Phú Nhuận, TPHCM",3,4,nhà ở,,nha-dat
1600000000.0,70 m 2,"Quận Tân Phú, TPHCM",2,2,căn hộ,,nha-dat
20900000000.0,120 m 2,"Quận 10, TPHCM",20,21,nhà ở,,nha-dat
14900000000.0,63 m 2,"Quận Tân Bình, TPHCM",6,7,nhà ở,,nha-dat
14600000000.0,140 m 2,"Quận Tân Bình, TPHCM",15,15,căn hộ,,nha-dat
5700000000.0,50 m 2,"Quận 9 (TP. Thủ Đức), TPHCM",4,2,nhà ở,,nha-dat
12500000000.0,110 m 2,"Quận 7, TPHCM",6,7,nhà ở,,nha-dat
47523000000.0,6789 m 2,"TP. Biên Hoà, Đồng Nai",0,0,nhà ở,,nha-dat
210000000000.0,380 m 2,"Quận 3, TPHCM",9,9,nhà ở,,nha-dat
1690000000.0,18 m 2,"Quận 6, TPHCM",2,3,nhà ở,,nha-dat
27000000000.0,160 m 2,"Quận Bình Thạnh, TPHCM",5,5,nhà ở,,nha-dat
8890000000.0,38 m 2,"Quận Gò Vấp, TPHCM",11,11,nhà ở,,nha-dat
12900000000.0,30 m 2,"Quận 3, TPHCM",4,3,nhà ở,,nha-dat
11500000000.0,120 m 2,"Quận 9 (TP. Thủ Đức), TPHCM",0,0,nhà ở,,nha-dat
17800000000.0,200 m 2,"Huyện Nhà Bè, TPHCM",1,1,nhà ở,,nha-dat
330000000000.0,567 m 2,"Quận Bình Thạnh, TPHCM",12,12,nhà ở,,nha-dat
3200000000.0,82 m 2,"Quận Tân Phú, TPHCM",2,2,căn hộ,,nha-dat
2340000000.0,52 m 2,"Quận Tân Bình, TPHCM",2,2,căn hộ,,nha-dat
25000000000.0,75 m 2,"Quận 1, TPHCM",6,6,nhà ở,,nha-dat
10200000000.0,85 m 2,"Quận Bình Thạnh, TPHCM",4,6,nhà ở,,nha-dat
24500000000.0,60 m 2,"Quận 5, TPHCM",5,4,nhà phố,,nha-dat
6100000000.0,97 m 2,"Quận 9 (TP. Thủ Đức), TPHCM",0,0,nhà ở,,nha-dat
6300000000.0,51 m 2,"TP. Biên Hoà, Đồng Nai",1,1,nhà ở,,nha-dat
9700000000.0,170 m 2,"Quận 7, TPHCM",5,4,nhà ở,,nha-dat
105000000000.0,300 m 2,"Quận 2 (TP. Thủ Đức), TPHCM",6,6,biệt thự,,nha-dat
2850000000.0,40 m 2,"Quận Bình Tân, TPHCM",3,3,nhà ở,,nha-dat
2800000000.0,85 m 2,"Quận Tân Phú, TPHCM",3,2,căn hộ,,nha-dat
24000000000.0,80 m 2,"Quận 1, TPHCM",7,8,nhà ở,,nha-dat
19000000000.0,64 m 2,"Quận 10, TPHCM",8,6,nhà phố,,nha-dat
11500000000.0,60 m 2,"Quận Gò Vấp, TPHCM",12,12,nhà ở,,nha-dat
5900000000.0,80 m 2,"Quận 9 (TP. Thủ Đức), TPHCM",0,0,nhà ở,,nha-dat
17900000000.0,220 m 2,"Huyện Nhà Bè, TPHCM",1,1,nhà ở,,nha-dat
192000000000.0,560 m 2,"Quận Bình Thạnh, TPHCM",8,8,nhà ở,,nha-dat
6600000000.0,90 m 2,"TP. Biên Hoà, Đồng Nai",5,3,nhà ở,,nha-dat
2180000000.0,31 m 2,"Quận Tân Phú, TPHCM",2,2,nhà ở,,nha-dat
22000000000.0,86 m 2,"Quận 1, TPHCM",8,9,nhà ở,,nha-dat
18000000000.0,56 m 2,"Quận 3, TPHCM",5,4,nhà phố,,nha-dat
14500000000.0,130 m 2,"Quận Gò Vấp, TPHCM",2,1,nhà ở,,nha-dat
9600000000.0,122 m 2,"Quận 9 (TP. Thủ Đức), TPHCM",0,0,nhà ở,,nha-dat
450000000000.0,450 m 2,"Quận 1, TPHCM",11,11,nhà ở,,nha-dat
4800000000.0,83 m 2,"TP. Biên Hoà, Đồng Nai",3,2,nhà ở,,nha-dat
10300000000.0,125 m 2,"Quận 7, TPHCM",10,10,nhà ở,,nha-dat
4872000000.0,45 m 2,"Quận Gò Vấp, TPHCM",3,3,nhà ở,,nha-dat
18000000000.0,100 m 2,"Quận 3, TPHCM",5,5,nhà hẻm,,nha-dat
18360000000.0,66 m 2,"Quận 11, TPHCM",5,4,nhà ở,,nha-dat
4850000000.0,60 m 2,"Quận 9 (TP. Thủ Đức), TPHCM",0,0,nhà ở,,nha-dat
340000000000.0,187 m 2,"Quận 1, TPHCM",4,4,nhà ở,,nha-dat
5000000000.0,1000 m 2,"Huyện Vĩnh Cửu, Đồng Nai",0,0,nhà ở,,nha-dat
12500000000.0,120 m 2,"Quận 7, TPHCM",10,10,nhà ở,,nha-dat
3760000000.0,20 m 2,"Quận Bình Thạnh, TPHCM",3,4,nhà ở,,nha-dat
26000000000.0,76 m 2,"Quận 1, TPHCM",6,6,nhà ở,,nha-dat
41850000000.0,172 m 2,"Quận Tân Bình, TPHCM",11,6,nhà ở,,nha-dat
17000000000.0,140 m 2,"Quận Gò Vấp, TPHCM",8,8,nhà ở,,nha-dat
7700000000.0,70 m 2,"Quận 9 (TP. Thủ Đức), TPHCM",0,0,nhà ở,,nha-dat
169000000000.0,166 m 2,"Quận 3, TPHCM",9,9,nhà ở,,nha-dat
5680000000.0,56 m 2,"TP. Biên Hoà, Đồng Nai",1,1,nhà ở,,nha-dat
1480000000.0,15 m 2,"Quận Gò Vấp, TPHCM",2,2,nhà ở,,nha-dat
85000000000.0,105 m 2,"Quận 1, TPHCM",3,3,nhà ở,,nha-dat
17480000000.0,50 m 2,"Quận Tân Bình, TPHCM",5,6,nhà ở,,nha-dat
25500000000.0,152 m 2,"Quận Gò Vấp, TPHCM",5,4,nhà ở,,nha-dat
6000000000.0,88 m 2,"Quận 9 (TP. Thủ Đức), TPHCM",0,0,nhà ở,,nha-dat
12500000000.0,125 m 2,"Quận 7, TPHCM",5,5,nhà ở,,nha-dat
2550000000.0,72 m 2,"TP. Biên Hoà, Đồng Nai",2,1,nhà ở,,nha-dat
130000000000.0,200 m 2,"Quận 3, TPHCM",3,3,nhà ở,,nha-dat
2985000000.0,36 m 2,"Quận Tân Bình, TPHCM",2,2,nhà ở,,nha-dat
158000000000.0,350 m 2,"Quận 10, TPHCM",10,10,nhà ở,,nha-dat
45800000000.0,150 m 2,"Quận Phú Nhuận, TPHCM",3,4,nhà ở,,nha-dat
19800000000.0,105 m 2,"Quận Gò Vấp, TPHCM",15,15,nhà ở,,nha-dat
6500000000.0,107 m 2,"Quận 9 (TP. Thủ Đức), TPHCM",0,0,nhà ở,,nha-dat
21500000000.0,190 m 2,"Quận 7, TPHCM",4,5,nhà ở,,nha-dat
1783000000.0,21 m 2,"Quận Gò Vấp, TPHCM",2,2,nhà ở,,nha-dat
60000000000.0,155 m 2,"Quận Phú Nhuận, TPHCM",22,23,nhà ở,,nha-dat
17000000000.0,80 m 2,"Quận 2 (TP. Thủ Đức), TPHCM",6,6,nhà phố,,nha-dat
22690000000.0,140 m 2,"Quận Tân Bình, TPHCM",18,21,nhà ở,,nha-dat
8900000000.0,65 m 2,"Quận Gò Vấp, TPHCM",4,5,nhà ở,,nha-dat
4750000000.0,58 m 2,"Quận 9 (TP. Thủ Đức), TPHCM",0,0,nhà ở,,nha-dat
11400000000.0,140 m 2,"Quận 7, TPHCM",10,10,nhà hẻm,,nha-dat
85000000000.0,184 m 2,"Quận 3, TPHCM",8,8,nhà ở,,nha-dat
3450000000.0,57 m 2,"TP. Biên Hoà, Đồng Nai",3,2,nhà ở,,nha-dat
5835000000.0,50 m 2,"Quận Phú Nhuận, TPHCM",5,5,nhà ở,,nha-dat
12800000000.0,120 m 2,"Quận 7, TPHCM",3,2,nhà ở,,nha-dat
8000000000.0,90 m 2,"Quận Gò Vấp, TPHCM",3,1,nhà ở,,nha-dat
18600000000.0,143 m 2,"Quận Tân Bình, TPHCM",0,0,nhà ở,,nha-dat
5600000000.0,57 m 2,"Quận 9 (TP. Thủ Đức), TPHCM",0,0,nhà ở,,nha-dat
125000000000.0,373 m 2,"Quận 3, TPHCM",2,2,nhà ở,,nha-dat
28000000000.0,220 m 2,"Quận 7, TPHCM",6,6,nhà ở,,nha-dat
2350000000.0,71 m 2,"TP. Biên Hoà, Đồng Nai",2,1,nhà ở,,nha-dat
2190000000.0,27 m 2,"Quận Gò Vấp, TPHCM",3,3,nhà ở,,nha-dat
120000000000.0,170 m 2,"Quận 1, TPHCM",35,35,nhà ở,,nha-dat
30000000000.0,175 m 2,"Quận 2 (TP. Thủ Đức), TPHCM",4,4,nhà ở,,nha-dat
14000000000.0,70 m 2,"Quận Tân Bình, TPHCM",6,5,nhà ở,,nha-dat
13900000000.0,119 m 2,"Quận Gò Vấp, TPHCM",8,3,nhà ở,,nha-dat
14500000000.0,155 m 2,"Quận 9 (TP. Thủ Đức), TPHCM",3,2,nhà ở,,nha-dat
420000000000.0,651 m 2,"Quận 3, TPHCM",2,2,nhà ở,,nha-dat
3975000000.0,50 m 2,"Quận 12, TPHCM",3,4,nhà ở,,nha-dat
28000000000.0,135 m 2,"Quận Phú Nhuận, TPHCM",8,8,nhà ở,,nha-dat
64000000000.0,230 m 2,"Quận 2 (TP. Thủ Đức), TPHCM",29,29,nhà ở,,nha-dat
27700000000.0,163 m 2,"Quận Tân Bình, TPHCM",8,8,nhà ở,,nha-dat
10500000000.0,85 m 2,"Quận Gò Vấp, TPHCM",4,2,biệt thự,,nha-dat
5800000000.0,92 m 2,"Quận 9 (TP. Thủ Đức), TPHCM",0,0,nhà ở,,nha-dat
3950000000.0,210 m 2,"TP. Biên Hoà, Đồng Nai",9,9,nhà ở,,nha-dat
11400000000.0,135 m 2,"Quận 7, TPHCM",8,8,nhà hẻm,,nha-dat
80000000000.0,160 m 2,"Quận 3, TPHCM",6,6,nhà ở,,nha-dat
4319000000.0,40 m 2,"Quận 10, TPHCM",3,2,nhà ở,,nha-dat
280000000000.0,345 m 2,"Quận 3, TPHCM",9,9,nhà ở,,nha-dat
17999000000.0,100 m 2,"Quận 2 (TP. Thủ Đức), TPHCM",4,4,nhà ở,,nha-dat
8500000000.0,125 m 2,"Quận 7, TPHCM",3,2,nhà ở,,nha-dat
70000000000.0,5464 m 2,"Quận Gò Vấp, TPHCM",0,0,nhà ở,,nha-dat
13860000000.0,67 m 2,"Quận Tân Bình, TPHCM",4,4,nhà ở,,nha-dat
8100000000.0,60 m 2,"Quận 9 (TP. Thủ Đức), TPHCM",3,3,nhà ở,,nha-dat
200000000000.0,345 m 2,"Quận 1, TPHCM",5,5,nhà ở,,nha-dat
2800000000.0,630 m 2,"Huyện Vĩnh Cửu, Đồng Nai",0,0,nhà ở,,nha-dat
2725000000.0,39 m 2,"Quận Gò Vấp, TPHCM",3,2,nhà ở,,nha-dat
